-- MySQL dump 10.13  Distrib 8.0.23, for Linux (x86_64)
--
-- Host: localhost    Database: ckcomerc_amicarteras
-- ------------------------------------------------------
-- Server version	8.0.23-0ubuntu0.20.04.1

/*!40101 SET @OLD_CHARACTER_SET_CLIENT=@@CHARACTER_SET_CLIENT */;
/*!40101 SET @OLD_CHARACTER_SET_RESULTS=@@CHARACTER_SET_RESULTS */;
/*!40101 SET @OLD_COLLATION_CONNECTION=@@COLLATION_CONNECTION */;
/*!50503 SET NAMES utf8mb4 */;
/*!40103 SET @OLD_TIME_ZONE=@@TIME_ZONE */;
/*!40103 SET TIME_ZONE='+00:00' */;
/*!40014 SET @OLD_UNIQUE_CHECKS=@@UNIQUE_CHECKS, UNIQUE_CHECKS=0 */;
/*!40014 SET @OLD_FOREIGN_KEY_CHECKS=@@FOREIGN_KEY_CHECKS, FOREIGN_KEY_CHECKS=0 */;
/*!40101 SET @OLD_SQL_MODE=@@SQL_MODE, SQL_MODE='NO_AUTO_VALUE_ON_ZERO' */;
/*!40111 SET @OLD_SQL_NOTES=@@SQL_NOTES, SQL_NOTES=0 */;

--
-- Table structure for table `aliados`
--

DROP TABLE IF EXISTS `aliados`;
/*!40101 SET @saved_cs_client     = @@character_set_client */;
/*!50503 SET character_set_client = utf8mb4 */;
CREATE TABLE `aliados` (
  `id` int NOT NULL AUTO_INCREMENT,
  `aliado` varchar(100) NOT NULL,
  `max_plazo` int NOT NULL,
  `estado` char(1) NOT NULL,
  `tipo_aliado` int NOT NULL DEFAULT '2',
  `created_at` datetime NOT NULL,
  `updated_at` datetime NOT NULL,
  `deleted_at` datetime DEFAULT NULL,
  PRIMARY KEY (`id`)
) ENGINE=InnoDB AUTO_INCREMENT=25 DEFAULT CHARSET=latin1;
/*!40101 SET character_set_client = @saved_cs_client */;

--
-- Dumping data for table `aliados`
--

LOCK TABLES `aliados` WRITE;
/*!40000 ALTER TABLE `aliados` DISABLE KEYS */;
INSERT INTO `aliados` VALUES (1,'KREDIT',108,'A',1,'0000-00-00 00:00:00','2019-04-23 09:27:30',NULL),(2,'CK COMERCIALIZADORA',108,'A',1,'0000-00-00 00:00:00','0000-00-00 00:00:00',NULL),(5,'ONEST',108,'A',2,'0000-00-00 00:00:00','0000-00-00 00:00:00',NULL),(6,'COLPATRIA',108,'A',2,'0000-00-00 00:00:00','0000-00-00 00:00:00',NULL),(7,'GNB SUDAMERIS',108,'A',2,'0000-00-00 00:00:00','0000-00-00 00:00:00',NULL),(12,'COPROYECCION',108,'A',2,'0000-00-00 00:00:00','0000-00-00 00:00:00',NULL),(17,'CREDIVALORES',108,'A',2,'0000-00-00 00:00:00','0000-00-00 00:00:00',NULL),(18,'COMUNIDAD',108,'A',2,'0000-00-00 00:00:00','0000-00-00 00:00:00',NULL);
/*!40000 ALTER TABLE `aliados` ENABLE KEYS */;
UNLOCK TABLES;

--
-- Table structure for table `aliadosvalidos`
--

DROP TABLE IF EXISTS `aliadosvalidos`;
/*!40101 SET @saved_cs_client     = @@character_set_client */;
/*!50503 SET character_set_client = utf8mb4 */;
CREATE TABLE `aliadosvalidos` (
  `id` int NOT NULL AUTO_INCREMENT,
  `tiposembargos_id` int DEFAULT NULL,
  `pagadurias_id` int NOT NULL,
  `aliados_id` int NOT NULL,
  `created_at` datetime NOT NULL,
  `updated_at` datetime NOT NULL,
  PRIMARY KEY (`id`),
  KEY `fk_aliados_validos` (`aliados_id`),
  KEY `fk_pagadurias_validos` (`pagadurias_id`),
  KEY `fk_tiposembargos_validos` (`tiposembargos_id`),
  CONSTRAINT `fk_aliados_validos` FOREIGN KEY (`aliados_id`) REFERENCES `aliados` (`id`),
  CONSTRAINT `fk_pagadurias_validos` FOREIGN KEY (`pagadurias_id`) REFERENCES `pagadurias` (`id`),
  CONSTRAINT `fk_tiposembargos_validos` FOREIGN KEY (`tiposembargos_id`) REFERENCES `tiposembargos` (`id`)
) ENGINE=InnoDB AUTO_INCREMENT=15 DEFAULT CHARSET=latin1 ROW_FORMAT=COMPACT;
/*!40101 SET character_set_client = @saved_cs_client */;

--
-- Dumping data for table `aliadosvalidos`
--

LOCK TABLES `aliadosvalidos` WRITE;
/*!40000 ALTER TABLE `aliadosvalidos` DISABLE KEYS */;
INSERT INTO `aliadosvalidos` VALUES (10,2,1,1,'2019-04-23 14:11:46','2019-04-23 14:11:46'),(14,NULL,1,12,'2019-04-23 14:11:46','2019-04-23 14:11:46');
/*!40000 ALTER TABLE `aliadosvalidos` ENABLE KEYS */;
UNLOCK TABLES;

--
-- Table structure for table `asesores`
--

DROP TABLE IF EXISTS `asesores`;
/*!40101 SET @saved_cs_client     = @@character_set_client */;
/*!50503 SET character_set_client = utf8mb4 */;
CREATE TABLE `asesores` (
  `id` int NOT NULL AUTO_INCREMENT,
  `nombres` varchar(50) NOT NULL,
  `created_at` datetime NOT NULL,
  `updated_at` datetime NOT NULL,
  `deleted_at` datetime DEFAULT NULL,
  PRIMARY KEY (`id`)
) ENGINE=InnoDB AUTO_INCREMENT=39 DEFAULT CHARSET=latin1;
/*!40101 SET character_set_client = @saved_cs_client */;

--
-- Dumping data for table `asesores`
--

LOCK TABLES `asesores` WRITE;
/*!40000 ALTER TABLE `asesores` DISABLE KEYS */;
INSERT INTO `asesores` VALUES (1,'Juan Pérez','2020-02-25 00:00:00','2020-02-25 10:22:55',NULL),(2,'Laura Poveda','2020-02-25 00:00:00','2020-02-25 10:22:55',NULL),(3,'Benito Camelas','2020-03-04 09:14:09','2020-03-04 09:14:09',NULL),(4,'Jimmy Ardila','2021-02-11 09:49:09','2021-02-11 09:49:09',NULL),(5,'Carmen Rosa Giraldo Arbelaez','2021-02-22 17:55:53','2021-02-22 17:55:53',NULL),(6,'Clara Patricia Alonso','2021-02-22 20:46:08','2021-02-22 20:46:08',NULL),(7,'Jhon Jairo Garcia','2021-02-22 23:02:47','2021-02-22 23:02:47',NULL),(8,'GONZALO ALBERTO ALVARADO','2021-02-22 23:35:00','2021-02-22 23:35:00',NULL),(9,'ANGELICA POLANIA','2021-02-23 00:08:18','2021-02-23 00:08:18',NULL),(10,'IRMA ROCIO LOZANO LOZANO','2021-02-23 00:30:53','2021-02-23 00:30:53',NULL),(11,'MARKETIN DIGITAL','2021-02-23 00:49:19','2021-02-23 00:49:19',NULL),(12,'MARTHA FUENTES','2021-02-24 11:43:05','2021-02-24 11:43:05',NULL),(13,'DIANA PAOLA LOPEZ','2021-02-24 18:58:45','2021-02-24 18:58:45',NULL),(14,'CARLOS ANDRES MORALES CRISTANCHO','2021-03-01 13:10:21','2021-03-01 13:10:21',NULL),(15,'CARLOS ANDRES MORALES CRISTANCHO','2021-03-01 13:16:57','2021-03-01 13:16:57',NULL),(16,'CARLOS ANDRES MORALES CRISTANCHO','2021-03-01 13:34:03','2021-03-01 13:34:03',NULL),(17,'TR POPAYAN','2021-03-01 14:49:13','2021-03-01 14:49:13',NULL),(18,'TR POPAYAN','2021-03-01 15:01:15','2021-03-01 15:01:15',NULL),(19,'LINA MARIA MUÑOZ IPIA','2021-03-01 15:55:04','2021-03-01 15:55:04',NULL),(20,'TR CALI','2021-03-01 16:38:08','2021-03-01 16:38:08',NULL),(21,'JHON JAIRO MUELAS LUNA','2021-03-01 16:52:34','2021-03-01 16:52:34',NULL),(22,'ISMAEL PERDOMO','2021-03-01 17:37:27','2021-03-01 17:37:27',NULL),(23,'MARLY','2021-03-01 19:30:57','2021-03-01 19:30:57',NULL),(24,'MARLY','2021-03-01 19:50:13','2021-03-01 19:50:13',NULL),(25,'ANA MARIA SANCHEZ','2021-03-01 20:27:48','2021-03-01 20:27:48',NULL),(26,'ANA MARIA SANCHEZ','2021-03-01 20:40:36','2021-03-01 20:40:36',NULL),(27,'KAPITALBANK','2021-03-01 22:57:29','2021-03-01 22:57:29',NULL),(28,'KAPITALBANK','2021-03-01 23:04:38','2021-03-01 23:04:38',NULL),(29,'OSCAR MATIZ','2021-03-02 19:41:21','2021-03-02 19:41:21',NULL),(30,'PROPIO KB','2021-03-02 20:04:06','2021-03-02 20:04:06',NULL),(31,'GABRIEL FIGUEREDO','2021-03-03 11:42:13','2021-03-03 11:42:13',NULL),(32,'DANIELA GOMEZ TRUJILLO','2021-03-03 12:21:33','2021-03-03 12:21:33',NULL),(33,'ROCIO LOZANO','2021-03-03 18:23:30','2021-03-03 18:23:30',NULL),(34,'MARIA DEL PILAR PARAFAN','2021-03-03 21:06:15','2021-03-03 21:06:15',NULL),(35,'LUIS ENRIQUE OLAYA','2021-03-05 17:33:53','2021-03-05 17:33:53',NULL),(36,'DORA LIBIA CANO AGUDELO','2021-03-05 17:55:27','2021-03-05 17:55:27',NULL),(37,'PROPIO OFICINA POPAYAN','2021-03-05 21:01:53','2021-03-05 21:01:53',NULL),(38,'CARLOS ESNEYDER BAQUERO','2021-03-09 09:48:56','2021-03-09 09:48:56',NULL);
/*!40000 ALTER TABLE `asesores` ENABLE KEYS */;
UNLOCK TABLES;

--
-- Table structure for table `capacidades`
--

DROP TABLE IF EXISTS `capacidades`;
/*!40101 SET @saved_cs_client     = @@character_set_client */;
/*!50503 SET character_set_client = utf8mb4 */;
CREATE TABLE `capacidades` (
  `id` int NOT NULL AUTO_INCREMENT,
  `estudios_id` int NOT NULL,
  `ingresos` int NOT NULL,
  `asignacion_adicional` int NOT NULL,
  `aportes` int NOT NULL,
  `descuentos` int NOT NULL,
  `compra_cartera` int NOT NULL,
  `libre_inversion` int NOT NULL,
  `decision` char(4) NOT NULL,
  `created_at` datetime NOT NULL,
  `updated_at` datetime NOT NULL,
  `deleted_at` datetime DEFAULT NULL,
  PRIMARY KEY (`id`),
  KEY `fk_estudiostr_capacidades` (`estudios_id`),
  CONSTRAINT `fk_estudiostr_capacidades` FOREIGN KEY (`estudios_id`) REFERENCES `estudiostr` (`id`)
) ENGINE=InnoDB DEFAULT CHARSET=latin1;
/*!40101 SET character_set_client = @saved_cs_client */;

--
-- Dumping data for table `capacidades`
--

LOCK TABLES `capacidades` WRITE;
/*!40000 ALTER TABLE `capacidades` DISABLE KEYS */;
/*!40000 ALTER TABLE `capacidades` ENABLE KEYS */;
UNLOCK TABLES;

--
-- Table structure for table `carga_archivo`
--

DROP TABLE IF EXISTS `carga_archivo`;
/*!40101 SET @saved_cs_client     = @@character_set_client */;
/*!50503 SET character_set_client = utf8mb4 */;
CREATE TABLE `carga_archivo` (
  `id` bigint unsigned NOT NULL AUTO_INCREMENT,
  `tipo` char(30) CHARACTER SET utf8mb4 COLLATE utf8mb4_unicode_ci DEFAULT NULL,
  `clases_detectadas` longtext CHARACTER SET utf8mb4 COLLATE utf8mb4_unicode_ci,
  `nombre_archivo` char(200) CHARACTER SET utf8mb4 COLLATE utf8mb4_unicode_ci DEFAULT NULL,
  `cont_procesos` bigint NOT NULL DEFAULT '0',
  `logs` longtext CHARACTER SET utf8mb4 COLLATE utf8mb4_unicode_ci,
  `created_at` timestamp NULL DEFAULT NULL,
  `updated_at` timestamp NULL DEFAULT NULL,
  `deleted_at` timestamp NULL DEFAULT NULL,
  PRIMARY KEY (`id`)
) ENGINE=InnoDB DEFAULT CHARSET=utf8mb4 COLLATE=utf8mb4_unicode_ci;
/*!40101 SET character_set_client = @saved_cs_client */;

--
-- Dumping data for table `carga_archivo`
--

LOCK TABLES `carga_archivo` WRITE;
/*!40000 ALTER TABLE `carga_archivo` DISABLE KEYS */;
/*!40000 ALTER TABLE `carga_archivo` ENABLE KEYS */;
UNLOCK TABLES;

--
-- Table structure for table `cargos`
--

DROP TABLE IF EXISTS `cargos`;
/*!40101 SET @saved_cs_client     = @@character_set_client */;
/*!50503 SET character_set_client = utf8mb4 */;
CREATE TABLE `cargos` (
  `id` int NOT NULL AUTO_INCREMENT,
  `cargo` varchar(100) NOT NULL,
  `estado` char(4) NOT NULL,
  `asignacion_adicional` decimal(11,3) NOT NULL,
  `created_at` datetime NOT NULL,
  `updated_at` datetime NOT NULL,
  `deleted_at` datetime DEFAULT NULL,
  PRIMARY KEY (`id`)
) ENGINE=InnoDB AUTO_INCREMENT=13 DEFAULT CHARSET=latin1;
/*!40101 SET character_set_client = @saved_cs_client */;

--
-- Dumping data for table `cargos`
--

LOCK TABLES `cargos` WRITE;
/*!40000 ALTER TABLE `cargos` DISABLE KEYS */;
INSERT INTO `cargos` VALUES (1,'RECTOR','ACTI',0.300,'0000-00-00 00:00:00','2019-04-22 16:42:30',NULL),(2,'DIRECTOR DE NUCLEO','ACTI',0.350,'0000-00-00 00:00:00','0000-00-00 00:00:00',NULL),(3,'COORDINADOR','ACTI',0.200,'0000-00-00 00:00:00','2019-04-25 10:01:16',NULL),(4,'DOCENTE','ACTI',0.000,'0000-00-00 00:00:00','0000-00-00 00:00:00',NULL),(5,'CELADOR','ACTI',0.000,'0000-00-00 00:00:00','0000-00-00 00:00:00',NULL),(6,'SERVICIOS GENERALES','ACTI',0.000,'0000-00-00 00:00:00','0000-00-00 00:00:00',NULL),(7,'ADMINISTRATIVO','ACTI',0.000,'0000-00-00 00:00:00','0000-00-00 00:00:00',NULL),(8,'JUBILADO','PENS',0.000,'0000-00-00 00:00:00','0000-00-00 00:00:00',NULL),(9,'PENSION DE GRACIA','PENS',0.000,'0000-00-00 00:00:00','0000-00-00 00:00:00',NULL),(10,'SUSTITUCION CONYUGUE','PENS',0.000,'0000-00-00 00:00:00','0000-00-00 00:00:00',NULL),(11,'INVALIDEZ','PENS',0.000,'0000-00-00 00:00:00','0000-00-00 00:00:00',NULL),(12,'GERENTECITO','ACTI',0.000,'2019-04-22 16:14:06','2019-04-22 16:18:53','2019-04-22 16:18:53');
/*!40000 ALTER TABLE `cargos` ENABLE KEYS */;
UNLOCK TABLES;

--
-- Table structure for table `carteras`
--

DROP TABLE IF EXISTS `carteras`;
/*!40101 SET @saved_cs_client     = @@character_set_client */;
/*!50503 SET character_set_client = utf8mb4 */;
CREATE TABLE `carteras` (
  `id` int NOT NULL AUTO_INCREMENT,
  `sector_data` int NOT NULL,
  `sector_cifin` int NOT NULL,
  `estadoscarteras_id` int NOT NULL,
  `nombre_obligacion` varchar(250) NOT NULL,
  `calif_wab` varchar(1) DEFAULT NULL,
  `estudios_id` int NOT NULL,
  `compraAF1_id` int DEFAULT NULL,
  `compraAF2_id` int DEFAULT NULL,
  `solo_efectivo` int DEFAULT NULL,
  `enDesprendible` int DEFAULT NULL,
  `cuota` int DEFAULT NULL,
  `saldo` int DEFAULT NULL,
  `valor_ini` int DEFAULT NULL,
  `dcto_logrado` int DEFAULT NULL,
  `fecha_vence` date DEFAULT NULL,
  `created_at` datetime NOT NULL,
  `updated_at` datetime NOT NULL,
  `deleted_at` datetime DEFAULT NULL,
  PRIMARY KEY (`id`),
  KEY `fk_sectores_carteras` (`sector_data`),
  KEY `fk_estadoscarteras_carteras` (`estadoscarteras_id`),
  KEY `fk_entidades_carteras` (`nombre_obligacion`),
  KEY `fk_estudiostr_carteras` (`estudios_id`),
  KEY `fk_sectorescifin_carteras` (`sector_cifin`),
  KEY `fk_aliado1compra_carteras` (`compraAF1_id`),
  KEY `fk_aliado2compra_carteras` (`compraAF2_id`),
  CONSTRAINT `fk_aliado1compra_carteras` FOREIGN KEY (`compraAF1_id`) REFERENCES `aliados` (`id`),
  CONSTRAINT `fk_aliado2compra_carteras` FOREIGN KEY (`compraAF2_id`) REFERENCES `aliados` (`id`),
  CONSTRAINT `fk_estadoscarteras_carteras` FOREIGN KEY (`estadoscarteras_id`) REFERENCES `estadoscarteras` (`id`),
  CONSTRAINT `fk_estudiostr_carteras` FOREIGN KEY (`estudios_id`) REFERENCES `estudiostr` (`id`),
  CONSTRAINT `fk_sectorescifin_carteras` FOREIGN KEY (`sector_cifin`) REFERENCES `sectores` (`id`),
  CONSTRAINT `fk_sectoresdata_carteras` FOREIGN KEY (`sector_data`) REFERENCES `sectores` (`id`)
) ENGINE=InnoDB AUTO_INCREMENT=373 DEFAULT CHARSET=latin1;
/*!40101 SET character_set_client = @saved_cs_client */;

--
-- Dumping data for table `carteras`
--

LOCK TABLES `carteras` WRITE;
/*!40000 ALTER TABLE `carteras` DISABLE KEYS */;
INSERT INTO `carteras` VALUES (1,1,5,1,'COOPROSOL','',4,2,NULL,NULL,NULL,101000,2222000,2696823,0,'2018-05-25','2021-02-22 11:59:38','2021-02-22 11:59:38',NULL),(2,1,5,1,'COOPROSOL','',5,2,NULL,NULL,NULL,101000,2222000,2696823,0,'2018-05-25','2021-02-22 12:06:43','2021-02-22 12:06:43',NULL),(12,1,5,1,'COOPROSOL','',6,2,NULL,NULL,NULL,101000,2222000,2696823,0,'2093-02-05','2021-02-22 17:26:51','2021-02-22 17:26:51',NULL),(13,1,1,1,'COLPATRIA #0806','',6,NULL,NULL,NULL,NULL,215817,22013334,22013334,0,NULL,'2021-02-22 17:26:51','2021-02-22 17:26:51',NULL),(14,5,1,8,'RPESOD ASOCIADOS SAS #1603','',6,NULL,NULL,NULL,NULL,0,296000,296000,0,NULL,'2021-02-22 17:26:51','2021-02-22 17:26:51',NULL),(15,5,1,1,'pa finsocial 50001','',7,NULL,NULL,NULL,NULL,382000,19903000,19795000,470000,NULL,'2021-02-22 17:55:53','2021-02-22 17:55:53',NULL),(16,3,3,1,'CK COMERCIALIZADORA','',7,NULL,7,NULL,NULL,705397,14000000,12248649,-1955351,'2018-12-28','2021-02-22 17:55:53','2021-02-22 17:55:53',NULL),(17,1,1,1,'davivienda 2840-2857','',7,NULL,7,NULL,NULL,1233000,55737000,55826000,5452000,NULL,'2021-02-22 17:55:53','2021-02-22 17:55:53',NULL),(18,1,1,1,'LIB BANCO POPULAR # 3516','',8,NULL,7,1,NULL,1166966,45496000,45496000,0,NULL,'2021-02-22 20:46:08','2021-02-22 20:46:08',NULL),(19,3,1,8,'MEFIA SAS # 9758','',8,2,NULL,1,NULL,0,4606000,4606000,1842400,NULL,'2021-02-22 20:46:08','2021-02-22 20:46:08',NULL),(20,3,1,8,'AGROPAISA SAS # 0591-1','',8,2,NULL,1,NULL,0,28787000,28787000,14393500,NULL,'2021-02-22 20:46:08','2021-02-22 20:46:08',NULL),(21,1,1,1,'LIB BANCO POPULAR # 3516','',9,NULL,7,NULL,NULL,1166966,45496000,45496000,0,NULL,'2021-02-22 20:59:24','2021-02-22 20:59:24',NULL),(22,3,1,8,'MEFIA SAS # 9758','',9,2,NULL,NULL,NULL,0,4606000,4606000,1842400,NULL,'2021-02-22 20:59:24','2021-02-22 20:59:24',NULL),(23,3,1,8,'AGROPAISA SAS # 0591-1','',9,2,NULL,NULL,NULL,0,28787000,28787000,14393500,NULL,'2021-02-22 20:59:24','2021-02-22 20:59:24',NULL),(24,1,1,1,'CREDFINANCIERA #1720','',10,2,NULL,NULL,NULL,72425,3387000,3387000,0,NULL,'2021-02-22 23:02:47','2021-02-22 23:02:47',NULL),(25,1,1,1,'SUDAMERIS #2741','',10,NULL,7,NULL,NULL,327753,19318000,19318000,0,NULL,'2021-02-22 23:02:47','2021-02-22 23:02:47',NULL),(26,3,1,8,'BANINCA SAS #0064','',10,2,NULL,NULL,NULL,0,3607000,3607000,0,NULL,'2021-02-22 23:02:47','2021-02-22 23:02:47',NULL),(27,2,1,1,'COOP SERV PUL COOPSERP- # 4893-4233','',11,2,NULL,NULL,NULL,394568,13714000,13714000,0,NULL,'2021-02-22 23:35:00','2021-02-22 23:35:00',NULL),(28,3,1,1,'PAT AUTO ESEFECTIVO KREDIT PLUS #5657','',11,2,NULL,NULL,NULL,717000,32868000,32868000,0,NULL,'2021-02-22 23:35:00','2021-02-22 23:35:00',NULL),(29,2,1,1,'COOP DE CRE SER COOPCOMUNIDAD #8680','',11,2,NULL,NULL,NULL,108386,4227000,4227000,0,NULL,'2021-02-22 23:35:00','2021-02-22 23:35:00',NULL),(30,1,1,1,'BANCO POPULAR #2510','',12,NULL,7,NULL,NULL,722928,38197000,38197000,0,NULL,'2021-02-22 23:54:31','2021-02-22 23:54:31',NULL),(31,1,1,8,'COOPCENTRAL  TCR #8840','',12,2,NULL,NULL,NULL,0,1358000,1358000,679000,NULL,'2021-02-22 23:54:31','2021-02-22 23:54:31',NULL),(32,1,1,1,'CREDIFINANCIERA SA #2778','',13,1,NULL,NULL,NULL,233208,9769000,9769000,0,NULL,'2021-02-23 00:08:18','2021-02-23 00:08:18',NULL),(33,3,1,1,'EXCELCREDIT #5661','',13,1,NULL,NULL,NULL,744732,26247000,26247000,0,NULL,'2021-02-23 00:08:18','2021-02-23 00:08:18',NULL),(34,3,1,1,'FONAVIEMCALI # 2373','',13,1,NULL,NULL,NULL,0,24566000,24566000,0,NULL,'2021-02-23 00:08:18','2021-02-23 00:08:18',NULL),(35,3,1,1,'FIMSA-BAYPORT LBZ#8314','',15,2,NULL,NULL,NULL,249838,7255000,7600000,0,NULL,'2021-02-23 00:32:54','2021-02-23 00:32:54',NULL),(36,3,1,1,'PRESTAMO ALPHA- VIVE#','',16,2,NULL,NULL,NULL,37000,1536000,1536000,0,NULL,'2021-02-23 00:49:19','2021-02-23 00:49:19',NULL),(37,3,1,1,'CREDIVALORES #173332','',16,2,NULL,NULL,NULL,309987,14262000,14262000,0,NULL,'2021-02-23 00:49:19','2021-02-23 00:49:19',NULL),(38,1,1,8,'COVINOC # 381104','',16,2,NULL,NULL,NULL,0,1984000,1984000,992000,NULL,'2021-02-23 00:49:19','2021-02-23 00:49:19',NULL),(39,1,1,8,'RF ENCORE # 720880','',16,2,NULL,NULL,NULL,0,7408000,7408000,5908000,NULL,'2021-02-23 00:49:19','2021-02-23 00:49:19',NULL),(40,1,1,1,'BANCO POPULAR #0334','',17,NULL,7,NULL,NULL,1199016,74699000,74699000,0,NULL,'2021-02-23 22:45:34','2021-02-23 22:45:34',NULL),(41,1,1,1,'SERVIVAL','',17,2,NULL,NULL,NULL,182555,2000000,2000000,0,NULL,'2021-02-23 22:45:34','2021-02-23 22:45:34',NULL),(42,2,1,4,'COOP COMUNIDAD # 0706','',17,2,NULL,NULL,NULL,0,4760000,4760000,0,NULL,'2021-02-23 22:45:34','2021-02-23 22:45:34',NULL),(43,3,1,1,'FINSOCIAL #~5441','',17,2,NULL,NULL,NULL,0,1622000,1622000,0,NULL,'2021-02-23 22:45:34','2021-02-23 22:45:34',NULL),(44,3,1,1,'FINSOCIAL # 5444','',17,2,NULL,NULL,NULL,0,9018000,9018000,0,NULL,'2021-02-23 22:45:34','2021-02-23 22:45:34',NULL),(45,3,1,1,'FINSOCIAL # 9302','',17,2,NULL,NULL,NULL,0,8451000,8451000,0,NULL,'2021-02-23 22:45:34','2021-02-23 22:45:34',NULL),(46,3,1,1,'FINSOCIAL # 4903','',17,2,NULL,NULL,NULL,0,3289000,3289000,0,NULL,'2021-02-23 22:45:34','2021-02-23 22:45:34',NULL),(47,3,1,1,'BAYPORT # 381653','',18,2,NULL,NULL,NULL,1131707,49882000,52145414,0,NULL,'2021-02-23 23:50:30','2021-02-23 23:50:30',NULL),(48,1,1,8,'FIDEICOMISOS GNB # 770888','',18,2,NULL,NULL,NULL,0,26565000,26565000,15939000,NULL,'2021-02-23 23:50:30','2021-02-23 23:50:30',NULL),(49,3,1,8,'CREDITITULOS SAS # 882994','',18,2,NULL,NULL,NULL,0,5868000,5868000,1760400,NULL,'2021-02-23 23:50:30','2021-02-23 23:50:30',NULL),(50,1,1,1,'CREDIFINANCIERA #3464','',19,2,NULL,NULL,NULL,22695,1020000,1020000,0,NULL,'2021-02-24 00:06:51','2021-02-24 00:06:51',NULL),(51,1,1,1,'EXCEL CREDIT DAN REGIONAL#7736','',19,2,NULL,NULL,NULL,274183,10931000,10931000,0,NULL,'2021-02-24 00:06:51','2021-02-24 00:06:51',NULL),(52,1,1,1,'BANCO AVVILLAS #1913KV LIB','',19,2,NULL,NULL,NULL,0,21972000,21972000,0,NULL,'2021-02-24 00:06:51','2021-02-24 00:06:51',NULL),(53,1,1,1,'GNB SUDAMERIS LIB #2296','',19,2,NULL,NULL,NULL,0,19831000,19831000,0,NULL,'2021-02-24 00:06:51','2021-02-24 00:06:51',NULL),(54,3,1,8,'COFIJURIDICO # 6711','',19,2,NULL,NULL,NULL,0,1961000,1961000,980500,NULL,'2021-02-24 00:06:51','2021-02-24 00:06:51',NULL),(55,2,1,1,'SUMA #0155','',20,2,NULL,NULL,NULL,90199,1699000,1699000,0,NULL,'2021-02-24 00:42:44','2021-02-24 00:42:44',NULL),(56,3,1,1,'LGB SAS LAGOBO # 7132','',20,2,NULL,NULL,NULL,829893,31472000,31472000,0,NULL,'2021-02-24 00:42:44','2021-02-24 00:42:44',NULL),(57,1,1,8,'PARA GROUP #8409','',20,2,NULL,NULL,NULL,0,105719000,105719000,95719000,NULL,'2021-02-24 00:42:44','2021-02-24 00:42:44',NULL),(58,2,1,1,'SUMA # 2062','',20,2,NULL,NULL,NULL,434848,15377000,15377000,0,NULL,'2021-02-24 00:42:44','2021-02-24 00:42:44',NULL),(59,3,3,1,'FINSOCIAL # 4133','',21,NULL,NULL,NULL,NULL,278000,14295000,14295000,0,NULL,'2021-02-24 11:43:05','2021-02-24 11:43:05',NULL),(60,1,1,1,'GNB SUDAMERIS # 9330','',21,NULL,7,NULL,NULL,875766,32418000,32418000,0,NULL,'2021-02-24 11:43:05','2021-02-24 11:43:05',NULL),(61,1,1,1,'CREDIFAMILIA CF COMPAÑÍA # 6153','',21,NULL,NULL,NULL,NULL,0,53158000,53158000,0,NULL,'2021-02-24 11:43:05','2021-02-24 11:43:05',NULL),(62,1,1,8,'BANCO PICHINCHA LIB  # 9625','',21,2,NULL,NULL,NULL,0,13386000,17000000,0,NULL,'2021-02-24 11:43:05','2021-02-24 11:43:05',NULL),(63,5,3,1,'BAYPORT #5353','',21,2,NULL,NULL,NULL,0,7298000,7298000,0,NULL,'2021-02-24 11:43:05','2021-02-24 11:43:05',NULL),(64,3,1,3,'BAYPORT #187396','',22,1,NULL,NULL,NULL,515243,18402486,0,0,NULL,'2021-02-24 18:58:45','2021-02-24 18:58:45',NULL),(65,2,1,8,'COOPMULTIACTIVA NACION LIB# 023393','',23,2,NULL,NULL,NULL,0,3442000,3442000,2065200,NULL,'2021-02-24 20:17:09','2021-02-24 20:17:09',NULL),(66,3,1,5,'BAYPORT LIB # 034248','',23,2,NULL,NULL,NULL,0,20505000,18251000,9125500,NULL,'2021-02-24 20:17:09','2021-02-24 20:17:09',NULL),(67,1,1,1,'BANCO DE OCCIDENTE','',23,NULL,7,NULL,NULL,230376,10000000,10000000,0,NULL,'2021-02-24 20:17:09','2021-02-24 20:17:09',NULL),(68,3,1,8,'RENAWARE DE COLOMBIA #910269','',23,2,NULL,NULL,NULL,0,2846000,2846000,1423000,NULL,'2021-02-24 20:17:09','2021-02-24 20:17:09',NULL),(69,3,1,8,'ACTIVOS Y FINANZAS # 000315','',23,2,NULL,NULL,NULL,0,17853000,8216000,4929600,NULL,'2021-02-24 20:17:09','2021-02-24 20:17:09',NULL),(70,1,1,1,'BANCO DE OCCIDENTE','',24,NULL,7,NULL,NULL,230376,10000000,10000000,0,NULL,'2021-02-24 20:25:00','2021-02-24 20:25:00',NULL),(71,2,1,8,'COOPMULTIACTIVA NACION LIB# 023393','',24,2,NULL,NULL,NULL,0,3442000,3442000,2065200,NULL,'2021-02-24 20:25:00','2021-02-24 20:25:00',NULL),(72,3,1,5,'BAYPORT LIB # 034248','',24,2,NULL,NULL,NULL,0,20505000,18251000,9125500,NULL,'2021-02-24 20:25:00','2021-02-24 20:25:00',NULL),(73,3,1,8,'RENAWARE DE COLOMBIA #910269','',24,2,NULL,NULL,NULL,0,2846000,2846000,1423000,NULL,'2021-02-24 20:25:00','2021-02-24 20:25:00',NULL),(74,3,1,8,'ACTIVOS Y FINANZAS # 000315','',24,2,NULL,NULL,NULL,0,17853000,8216000,4929600,NULL,'2021-02-24 20:25:00','2021-02-24 20:25:00',NULL),(75,1,1,1,'BANCO DE OCCIDENTE','',25,NULL,7,NULL,NULL,230376,10000000,10000000,0,NULL,'2021-02-24 20:39:51','2021-02-24 20:39:51',NULL),(76,2,1,8,'COOPMULTIACTIVA NACION LIB# 023393','',25,2,NULL,NULL,NULL,0,3442000,3442000,2065200,NULL,'2021-02-24 20:39:51','2021-02-24 20:39:51',NULL),(77,3,1,5,'BAYPORT LIB # 034248','',25,2,NULL,NULL,NULL,0,20505000,18251000,9125500,NULL,'2021-02-24 20:39:51','2021-02-24 20:39:51',NULL),(78,3,1,8,'ACTIVOS Y FINANZAS # 000315','',25,2,NULL,NULL,NULL,0,17853000,8216000,4929600,NULL,'2021-02-24 20:39:51','2021-02-24 20:39:51',NULL),(79,3,1,1,'BAYPORT #460457','',26,2,NULL,NULL,NULL,212086,9265000,9689172,0,NULL,'2021-02-24 21:00:50','2021-02-24 21:00:50',NULL),(80,3,1,1,'BAYPORT #460457','',27,2,NULL,NULL,NULL,212086,9265000,9689172,0,NULL,'2021-02-24 21:09:40','2021-02-24 21:09:40',NULL),(81,3,1,1,'BAYPORT #460457','',28,2,NULL,NULL,NULL,212086,9265000,9689172,0,NULL,'2021-02-24 21:17:31','2021-02-24 21:17:31',NULL),(82,1,1,1,'GNB SUDAMERIS LBZ#3946','',29,NULL,7,NULL,NULL,981770,65039000,65039000,0,NULL,'2021-03-01 12:10:25','2021-03-01 12:10:25',NULL),(83,1,1,1,'GNB SUDAMERIS LBZ#3946','',30,NULL,7,NULL,NULL,981770,65039000,65039000,0,NULL,'2021-03-01 12:38:16','2021-03-01 12:38:16',NULL),(84,1,1,8,'GNB SUDAMERIS # 210215','',31,2,NULL,NULL,NULL,29118,32794000,27686000,13843000,NULL,'2021-03-01 13:10:21','2021-03-01 13:10:21',NULL),(85,3,3,1,'FINSOCIAL # 41246','',31,2,NULL,NULL,NULL,568000,24767000,24767000,0,NULL,'2021-03-01 13:10:21','2021-03-01 13:10:21',NULL),(86,3,3,1,'VIVE CREDITOS # 036901','',31,2,NULL,NULL,NULL,39612,4407000,4407000,0,NULL,'2021-03-01 13:10:21','2021-03-01 13:10:21',NULL),(87,3,3,1,'VIVE CREDITOS # 036901','',31,NULL,NULL,NULL,NULL,15097,0,0,0,NULL,'2021-03-01 13:10:21','2021-03-01 13:10:21',NULL),(88,3,3,1,'VIVE CREDITOS # 036901','',31,2,NULL,NULL,NULL,39612,0,0,0,NULL,'2021-03-01 13:10:21','2021-03-01 13:10:21',NULL),(89,1,1,8,'GNB SUDAMERIS # 210215','',32,1,NULL,NULL,NULL,29118,32794000,27686000,13843000,NULL,'2021-03-01 13:16:58','2021-03-01 13:16:58',NULL),(90,3,3,1,'FINSOCIAL # 41246','',32,1,NULL,NULL,NULL,568000,24767000,24767000,0,NULL,'2021-03-01 13:16:58','2021-03-01 13:16:58',NULL),(91,3,3,1,'VIVE CREDITOS # 036901','',32,1,NULL,NULL,NULL,39612,4407000,4407000,0,NULL,'2021-03-01 13:16:58','2021-03-01 13:16:58',NULL),(92,1,1,8,'GNB SUDAMERIS # 210215','',33,2,NULL,NULL,NULL,29118,32794000,27686000,13843000,NULL,'2021-03-01 13:34:04','2021-03-01 13:34:04',NULL),(93,3,3,1,'FINSOCIAL # 41246','',33,2,NULL,NULL,NULL,568000,24767000,24767000,0,NULL,'2021-03-01 13:34:04','2021-03-01 13:34:04',NULL),(94,3,3,1,'VIVE CREDITOS # 036901','',33,2,NULL,NULL,NULL,39612,4407000,4407000,0,NULL,'2021-03-01 13:34:04','2021-03-01 13:34:04',NULL),(95,3,3,1,'VIVE CREDITOS # 036901','',33,2,NULL,NULL,NULL,15097,0,0,0,NULL,'2021-03-01 13:34:04','2021-03-01 13:34:04',NULL),(96,3,3,1,'VIVE CREDITOS # 036901','',33,2,NULL,NULL,NULL,39612,0,0,0,NULL,'2021-03-01 13:34:04','2021-03-01 13:34:04',NULL),(97,3,3,1,'SUMAS Y SOLUCIONES # 18350','',34,2,NULL,NULL,NULL,547500,12481000,12481000,0,NULL,'2021-03-01 14:49:13','2021-03-01 14:49:13',NULL),(98,3,3,1,'SUMAS Y SOLUCIONES # 18350','',35,2,NULL,NULL,NULL,547500,12481000,12481000,0,NULL,'2021-03-01 15:01:15','2021-03-01 15:01:15',NULL),(99,3,3,1,'CK COMERCIALIZADORA #298','',35,2,NULL,NULL,NULL,22000,5448000,5448000,0,NULL,'2021-03-01 15:01:15','2021-03-01 15:01:15',NULL),(100,3,3,1,'CK COMERCIALIZADORA #298','',35,2,NULL,NULL,NULL,40000,0,0,0,NULL,'2021-03-01 15:01:15','2021-03-01 15:01:15',NULL),(101,3,3,1,'CK COMERCIALIZADORA # 298','',35,2,NULL,NULL,NULL,93000,0,0,0,NULL,'2021-03-01 15:01:15','2021-03-01 15:01:15',NULL),(102,1,1,1,'BANCO PICHINCHA # 478006','',36,NULL,7,NULL,NULL,719454,39853000,39853000,0,NULL,'2021-03-01 15:55:04','2021-03-01 15:55:04',NULL),(103,1,1,1,'BANCOLOMBIA TCR # 324733','',36,NULL,NULL,NULL,NULL,0,1339000,1339000,0,NULL,'2021-03-01 15:55:04','2021-03-01 15:55:04',NULL),(104,1,1,8,'NO APARECE ','',36,2,NULL,NULL,NULL,0,7400000,6200000,0,NULL,'2021-03-01 15:55:04','2021-03-01 15:55:04',NULL),(105,1,1,1,'BANCO FALABELLA #2501','',37,NULL,NULL,NULL,NULL,0,847000,847000,0,NULL,'2021-03-01 16:38:08','2021-03-01 16:38:08',NULL),(106,1,1,1,'GNB SUDAMERIS # 5776','',37,NULL,NULL,NULL,NULL,0,148408000,148408000,0,NULL,'2021-03-01 16:38:08','2021-03-01 16:38:08',NULL),(107,1,1,1,'BANCO SERFINANZA # 8574','',37,NULL,NULL,NULL,NULL,0,4588000,4588000,0,NULL,'2021-03-01 16:38:08','2021-03-01 16:38:08',NULL),(108,1,1,1,'BANCO DAVIVIENDA#2792','',37,NULL,NULL,NULL,NULL,0,0,0,0,NULL,'2021-03-01 16:38:08','2021-03-01 16:38:08',NULL),(109,1,1,1,'BANCO FALABELLA # 2216','',37,NULL,NULL,NULL,NULL,0,9564000,9564000,0,NULL,'2021-03-01 16:38:08','2021-03-01 16:38:08',NULL),(110,1,1,1,'BANCO SERFINANZA # 3527','',37,NULL,NULL,NULL,NULL,0,3007000,3007000,0,NULL,'2021-03-01 16:38:08','2021-03-01 16:38:08',NULL),(111,1,1,1,'BANCO DE OCCIDENTE # 3741','',37,NULL,NULL,NULL,NULL,0,6865000,6865000,0,NULL,'2021-03-01 16:38:08','2021-03-01 16:38:08',NULL),(112,1,1,1,'BANCO DAVIVIENDA # 9511','',37,NULL,NULL,NULL,NULL,0,5266000,5266000,0,NULL,'2021-03-01 16:38:08','2021-03-01 16:38:08',NULL),(113,1,1,1,'BANCO DAVIVIENDA # 5556','',37,NULL,NULL,NULL,NULL,0,4542000,4542000,0,NULL,'2021-03-01 16:38:08','2021-03-01 16:38:08',NULL),(114,1,1,1,'BANCO DAVIVIENDA # 8388','',37,NULL,NULL,NULL,NULL,0,4290000,4290000,0,NULL,'2021-03-01 16:38:08','2021-03-01 16:38:08',NULL),(115,1,1,1,'CREDENCIAL # 4461','',37,NULL,NULL,NULL,NULL,0,6793000,6793000,0,NULL,'2021-03-01 16:38:08','2021-03-01 16:38:08',NULL),(116,1,1,1,'TUYA #8614','',37,NULL,NULL,NULL,NULL,0,8456000,8456000,0,NULL,'2021-03-01 16:38:08','2021-03-01 16:38:08',NULL),(117,1,1,1,'FAMILIA BUGA','',37,NULL,NULL,NULL,NULL,2465207,0,0,0,NULL,'2021-03-01 16:38:08','2021-03-01 16:38:08',NULL),(118,3,3,1,'BAYPORT','',38,2,NULL,NULL,NULL,395694,19049000,19840388,0,NULL,'2021-03-01 16:52:34','2021-03-01 16:52:34',NULL),(119,1,1,1,'EXCELCREDIT #5410','',39,2,NULL,NULL,NULL,1044661,41748000,43836000,0,NULL,'2021-03-01 17:37:27','2021-03-01 17:37:27',NULL),(120,1,1,8,'FIDEICOMISO #7381','',39,2,NULL,NULL,NULL,0,627000,627000,620730,NULL,'2021-03-01 17:37:27','2021-03-01 17:37:27',NULL),(121,1,1,8,'RF ENCORE DE OCCIDENTE #1400','',39,2,NULL,NULL,NULL,0,23145000,23145000,22913550,NULL,'2021-03-01 17:37:27','2021-03-01 17:37:27',NULL),(122,1,1,8,'CONSULTOR ANDINO COLPATRIA','',39,2,NULL,NULL,NULL,0,73428000,73428000,72693720,NULL,'2021-03-01 17:37:27','2021-03-01 17:37:27',NULL),(123,1,1,8,'COOPERATIVA DE CREDITO #3882','',39,2,NULL,NULL,NULL,0,34532000,34532000,34186680,NULL,'2021-03-01 17:37:27','2021-03-01 17:37:27',NULL),(124,3,3,8,'COASISTIR #6626','',39,NULL,NULL,NULL,NULL,0,1651000,1651000,1634490,NULL,'2021-03-01 17:37:27','2021-03-01 17:37:27',NULL),(125,3,3,1,'CREDIVALORES #0254','',39,NULL,NULL,NULL,NULL,0,4179000,0,0,NULL,'2021-03-01 17:37:27','2021-03-01 17:37:27',NULL),(126,3,3,5,'CREDIVALORES #2395','',39,2,NULL,NULL,NULL,0,27764000,27764000,8329200,NULL,'2021-03-01 17:37:27','2021-03-01 17:37:27',NULL),(127,3,3,1,'SUMAS Y SOLUCIONES# 81183','',42,2,NULL,NULL,NULL,58410,1813000,1813000,0,NULL,'2021-03-01 20:27:48','2021-03-01 20:27:48',NULL),(128,3,3,1,'PA ESEEFECTIVO-KREDIT # 10653','',42,2,NULL,NULL,NULL,63000,2601000,2601000,0,NULL,'2021-03-01 20:27:48','2021-03-01 20:27:48',NULL),(129,3,3,1,'AV VILLAS # 2172KV','',42,2,NULL,NULL,NULL,277533,9743000,9743000,0,NULL,'2021-03-01 20:27:48','2021-03-01 20:27:48',NULL),(130,1,1,8,'SERFINANZA # 993414-CASTIGADA','',42,2,NULL,NULL,NULL,0,996000,996000,498000,NULL,'2021-03-01 20:27:48','2021-03-01 20:27:48',NULL),(131,1,1,8,'SERFINANZA # 180683-CASTIGADA','',42,2,NULL,NULL,NULL,0,4975000,4975000,2487500,NULL,'2021-03-01 20:27:48','2021-03-01 20:27:48',NULL),(132,1,1,8,'BANCO POPULAR  TCR# 512712-CASTIGADA','',42,2,NULL,NULL,NULL,0,4092000,4092000,2046000,NULL,'2021-03-01 20:27:48','2021-03-01 20:27:48',NULL),(133,1,1,8,'RF ENCORE SAS # 786255-CASTIGADA','',42,2,NULL,NULL,NULL,0,5563000,5563000,2781500,NULL,'2021-03-01 20:27:49','2021-03-01 20:27:49',NULL),(134,1,1,8,'RF ENCORE SAS # 095202-CASTIGADA','',42,2,NULL,NULL,NULL,0,1709000,1709000,854500,NULL,'2021-03-01 20:27:49','2021-03-01 20:27:49',NULL),(135,1,1,8,'SERFINANZA # 042995-CASTIGADA','',42,2,NULL,NULL,NULL,0,812000,812000,406000,NULL,'2021-03-01 20:27:49','2021-03-01 20:27:49',NULL),(136,3,3,1,'SUMAS Y SOLUCIONES# 81183','',43,2,NULL,NULL,NULL,58410,1813000,1813000,0,NULL,'2021-03-01 20:40:36','2021-03-01 20:40:36',NULL),(137,3,3,1,'PA ESEEFECTIVO-KREDIT # 10653','',43,2,NULL,NULL,NULL,63000,2601000,2601000,0,NULL,'2021-03-01 20:40:36','2021-03-01 20:40:36',NULL),(138,1,1,1,'AV VILLAS # 2172KV','',43,2,NULL,NULL,NULL,277533,9743000,9743000,0,NULL,'2021-03-01 20:40:36','2021-03-01 20:40:36',NULL),(139,1,1,8,'SERFINANZA # 993414-CASTIGADA','',43,2,NULL,NULL,NULL,0,996000,996000,498000,NULL,'2021-03-01 20:40:36','2021-03-01 20:40:36',NULL),(140,1,1,8,'SERFINANZA # 180683-CASTIGADA','',43,2,NULL,NULL,NULL,0,4975000,4975000,2487500,NULL,'2021-03-01 20:40:36','2021-03-01 20:40:36',NULL),(141,1,1,8,'BANCO POPULAR  TCR# 512712-CASTIGADA','',43,2,NULL,NULL,NULL,0,4092000,4092000,2046000,NULL,'2021-03-01 20:40:36','2021-03-01 20:40:36',NULL),(142,1,1,8,'RF ENCORE SAS # 786255-CASTIGADA','',43,2,NULL,NULL,NULL,0,5563000,5563000,2781500,NULL,'2021-03-01 20:40:36','2021-03-01 20:40:36',NULL),(143,1,1,8,'RF ENCORE SAS # 095202-CASTIGADA','',43,2,NULL,NULL,NULL,0,1709000,1709000,854500,NULL,'2021-03-01 20:40:36','2021-03-01 20:40:36',NULL),(144,3,3,1,'FIMSA BAYPORT #7131','',49,2,NULL,NULL,NULL,882626,38172000,38172000,0,NULL,'2021-03-02 19:28:48','2021-03-02 19:28:48',NULL),(145,5,5,1,'COOPITEX','',50,2,NULL,NULL,NULL,313888,0,10000000,0,NULL,'2021-03-02 19:41:21','2021-03-02 19:41:21',NULL),(146,5,1,8,'PROMOTORA DE INVERSIONES ','',50,2,NULL,NULL,NULL,0,0,1090000,872000,NULL,'2021-03-02 19:41:21','2021-03-02 19:41:21',NULL),(147,5,1,8,'AECSA DAVIVIENDA','',50,2,NULL,NULL,NULL,0,0,33034000,26427200,NULL,'2021-03-02 19:41:21','2021-03-02 19:41:21',NULL),(148,5,5,1,'APORTES COOPSERP','',51,1,NULL,NULL,NULL,212216,0,0,0,NULL,'2021-03-02 20:04:06','2021-03-02 20:04:06',NULL),(149,5,5,1,'COOTRAEMBUGA DESCUENTO','',51,1,NULL,NULL,NULL,69200,0,0,0,NULL,'2021-03-02 20:04:06','2021-03-02 20:04:06',NULL),(150,1,1,1,'DESCUENTO COOPSERP LBZ#4909-#4997','',51,1,NULL,1,NULL,169589,2971000,2971000,0,NULL,'2021-03-02 20:04:06','2021-03-02 20:04:06',NULL),(151,5,5,1,'EMBARGO EJECUTIVO QUINTA PARTE','',51,1,NULL,NULL,NULL,673302,0,0,0,NULL,'2021-03-02 20:04:06','2021-03-02 20:04:06',NULL),(152,5,5,1,'RETENCION EN LA FUENTE','',51,1,NULL,NULL,NULL,341000,0,0,0,NULL,'2021-03-02 20:04:06','2021-03-02 20:04:06',NULL),(153,5,5,1,'212216','',51,1,NULL,NULL,NULL,100000,0,0,0,NULL,'2021-03-02 20:04:06','2021-03-02 20:04:06',NULL),(154,1,1,1,'CREDIVALORES TCR#2815','',51,NULL,NULL,NULL,NULL,0,3558000,0,0,NULL,'2021-03-02 20:04:06','2021-03-02 20:04:06',NULL),(155,3,3,1,'FINSOCIAL LBZ#5373','',51,NULL,NULL,NULL,NULL,0,42669000,0,0,NULL,'2021-03-02 20:04:06','2021-03-02 20:04:06',NULL),(156,3,3,1,'FINSOCIAL LBZ#7881','',51,NULL,NULL,NULL,NULL,0,21384000,0,0,NULL,'2021-03-02 20:04:06','2021-03-02 20:04:06',NULL),(157,3,3,1,'BAYPORT','',52,2,NULL,NULL,NULL,866025,37863000,37863000,0,NULL,'2021-03-02 21:10:13','2021-03-02 21:10:13',NULL),(158,1,1,1,'GNB SUDAMERIS','',52,NULL,7,NULL,NULL,0,39145000,39145000,0,NULL,'2021-03-02 21:10:13','2021-03-02 21:10:13',NULL),(159,3,3,1,'EXCEL CREDIT #6960','',53,2,NULL,NULL,NULL,1433819,57023000,57023000,0,NULL,'2021-03-02 21:30:02','2021-03-02 21:30:02',NULL),(160,2,2,1,'COOPSERP #5838','',53,NULL,NULL,NULL,NULL,0,8024000,8024000,0,NULL,'2021-03-02 21:30:02','2021-03-02 21:30:02',NULL),(161,5,2,1,'COVIEMCALI # 2237-CODEUDOR','',53,NULL,NULL,NULL,NULL,0,7112000,7112000,0,NULL,'2021-03-02 21:30:02','2021-03-02 21:30:02',NULL),(162,2,2,1,'COOPSERP# 6535','',53,NULL,NULL,NULL,NULL,0,4074000,4074000,0,NULL,'2021-03-02 21:30:02','2021-03-02 21:30:02',NULL),(163,5,2,1,'COVIEMCALI-COODEUDOR-#2237','',53,NULL,NULL,NULL,NULL,0,9828000,9828000,0,NULL,'2021-03-02 21:30:02','2021-03-02 21:30:02',NULL),(164,5,2,1,'COVIEMCALI #2400','',53,2,NULL,NULL,NULL,0,15891000,15891000,0,NULL,'2021-03-02 21:30:02','2021-03-02 21:30:02',NULL),(165,5,2,1,'COVIEMCALI #2400','',53,2,NULL,NULL,NULL,0,25206000,25206000,0,NULL,'2021-03-02 21:30:02','2021-03-02 21:30:02',NULL),(166,5,2,1,'COVIEMCALI # 2400','',53,2,NULL,NULL,NULL,0,29251000,29251000,0,NULL,'2021-03-02 21:30:02','2021-03-02 21:30:02',NULL),(167,5,2,8,'COVIEMCALI # 5759 CODEUDOR','',53,2,NULL,NULL,NULL,0,25170000,25170000,17619000,NULL,'2021-03-02 21:30:02','2021-03-02 21:30:02',NULL),(168,5,2,8,'25170000','',53,2,NULL,NULL,NULL,0,9037000,9037000,0,NULL,'2021-03-02 21:30:02','2021-03-02 21:30:02',NULL),(169,5,3,8,'ELECTROJAPONESA','',53,NULL,NULL,NULL,NULL,0,362000,362000,0,NULL,'2021-03-02 21:30:02','2021-03-02 21:30:02',NULL),(170,3,3,1,'COOPERACTIVA- ALFHA CAPITAL #398560 ','',54,2,NULL,NULL,NULL,42276,1159000,1159000,0,NULL,'2021-03-02 23:44:07','2021-03-02 23:44:07',NULL),(171,3,3,1,'SUMAS Y SOLUCIONES # 95389','',54,2,NULL,NULL,NULL,320746,10466000,10466000,0,NULL,'2021-03-02 23:44:07','2021-03-02 23:44:07',NULL),(172,1,1,1,'SUDAMERIS # 450399','',54,NULL,7,NULL,NULL,1893572,113223000,113223000,0,NULL,'2021-03-02 23:44:07','2021-03-02 23:44:07',NULL),(173,1,1,1,'DAVIVIENDA # 240567','',54,NULL,NULL,NULL,NULL,0,2332000,2332000,0,NULL,'2021-03-02 23:44:07','2021-03-02 23:44:07',NULL),(174,1,1,1,'BANCO DE BOGOTA # 240567','',54,NULL,NULL,NULL,NULL,0,1977000,1977000,0,NULL,'2021-03-02 23:44:07','2021-03-02 23:44:07',NULL),(175,1,1,1,'CREDIVALORES # 615200','',54,NULL,NULL,NULL,NULL,0,1673000,1673000,0,NULL,'2021-03-02 23:44:07','2021-03-02 23:44:07',NULL),(176,1,1,1,'SERFINANZA # 294432','',54,NULL,NULL,NULL,NULL,0,3669000,3669000,0,NULL,'2021-03-02 23:44:07','2021-03-02 23:44:07',NULL),(177,1,1,1,'GIROS Y FINANZAS # 467313','',54,2,NULL,NULL,NULL,0,1591000,1591000,0,NULL,'2021-03-02 23:44:07','2021-03-02 23:44:07',NULL),(178,5,3,3,'HY CITE ENTERPRISES # 939956','',54,2,NULL,NULL,NULL,0,6138000,6138000,0,NULL,'2021-03-02 23:44:07','2021-03-02 23:44:07',NULL),(179,3,3,1,'BAYPORT # 4693','',55,2,NULL,NULL,NULL,104743,4396000,4396000,0,NULL,'2021-03-03 01:02:17','2021-03-03 01:02:17',NULL),(180,2,2,1,'GIROS Y FINANZAS #1455','',55,2,NULL,NULL,NULL,1138584,61416000,61416000,0,NULL,'2021-03-03 01:02:17','2021-03-03 01:02:17',NULL),(181,3,3,1,'BAYPORT','',56,2,NULL,NULL,NULL,104743,4396000,4396000,0,NULL,'2021-03-03 01:05:16','2021-03-03 01:05:16',NULL),(182,2,2,1,'GIROS Y FINANZAS','',56,2,NULL,NULL,NULL,1138584,61416000,61416000,0,NULL,'2021-03-03 01:05:16','2021-03-03 01:05:16',NULL),(183,3,3,1,'MP MARKETING PERSONAL','',56,NULL,NULL,NULL,NULL,0,265000,265000,0,NULL,'2021-03-03 01:05:16','2021-03-03 01:05:16',NULL),(186,5,5,1,'RELICOOP # ','',59,NULL,7,NULL,NULL,350778,0,0,0,NULL,'2021-03-03 12:21:33','2021-03-03 12:21:33',NULL),(187,5,5,1,'ASOLUCREDITOS','',61,NULL,NULL,NULL,NULL,98050,0,0,0,NULL,'2021-03-03 18:23:30','2021-03-03 18:23:30',NULL),(188,3,5,1,'CAPITAL Y SOLUCIONES ','',61,2,NULL,NULL,NULL,315380,10154000,10154000,0,NULL,'2021-03-03 18:23:30','2021-03-03 18:23:30',NULL),(189,5,5,1,'ACOPOREPRES','',61,NULL,NULL,NULL,NULL,124514,0,0,0,NULL,'2021-03-03 18:23:30','2021-03-03 18:23:30',NULL),(190,3,3,1,'AS TV MEDIOS # 5207','',61,2,NULL,NULL,NULL,143500,6171000,6171000,0,NULL,'2021-03-03 18:23:30','2021-03-03 18:23:30',NULL),(191,5,5,1,'ACOPORESOST','',61,NULL,NULL,NULL,NULL,22000,0,0,0,NULL,'2021-03-03 18:23:30','2021-03-03 18:23:30',NULL),(192,1,1,8,'NEW CREDIT # 2112','',61,2,NULL,NULL,NULL,0,5863000,5863000,4104100,NULL,'2021-03-03 18:23:30','2021-03-03 18:23:30',NULL),(193,1,1,8,'PROMOTORA DE INVERSIONES # 3401','',61,2,NULL,NULL,NULL,0,22024000,22024000,15416800,NULL,'2021-03-03 18:23:30','2021-03-03 18:23:30',NULL),(194,1,1,8,'BANCO PICHINCHA #2857','',61,NULL,NULL,NULL,NULL,0,197459000,197459000,138221300,NULL,'2021-03-03 18:23:30','2021-03-03 18:23:30',NULL),(195,3,3,1,'AS TV MEDIOS # 2681','',61,NULL,NULL,NULL,NULL,0,5729000,5729000,0,NULL,'2021-03-03 18:23:30','2021-03-03 18:23:30',NULL),(196,3,5,8,'SYSTEMGROUP # 8702','',61,NULL,NULL,NULL,NULL,0,0,681000,681000,NULL,'2021-03-03 18:23:30','2021-03-03 18:23:30',NULL),(197,2,5,1,'COOPERAS LIB # 3404','',61,2,NULL,NULL,NULL,0,4494000,4494000,0,NULL,'2021-03-03 18:23:30','2021-03-03 18:23:30',NULL),(198,1,1,1,'BANCO COLPATRIA # 0539','',62,2,NULL,NULL,NULL,1161602,66217000,66217000,0,NULL,'2021-03-03 21:06:15','2021-03-03 21:06:15',NULL),(199,3,5,1,'ACTIVOS Y FINANZAS # 6000','',62,NULL,NULL,NULL,NULL,46433,1628000,1628000,0,NULL,'2021-03-03 21:06:15','2021-03-03 21:06:15',NULL),(200,1,1,1,'BBVA TCR # 2026','',62,NULL,NULL,NULL,NULL,0,1511000,1511000,0,NULL,'2021-03-03 21:06:15','2021-03-03 21:06:15',NULL),(201,1,1,1,'BANCO COLPATRIA # 0110','',62,NULL,NULL,NULL,NULL,0,43875000,43875000,0,NULL,'2021-03-03 21:06:15','2021-03-03 21:06:15',NULL),(202,2,5,5,'COLOMBIACOOP # 6801','',62,2,NULL,NULL,NULL,0,17455000,17455000,0,NULL,'2021-03-03 21:06:15','2021-03-03 21:06:15',NULL),(203,3,5,4,'CONST Y COMER PARQ CEMEN #5146','',62,NULL,NULL,NULL,NULL,0,4223000,4223000,0,NULL,'2021-03-03 21:06:15','2021-03-03 21:06:15',NULL),(204,1,1,5,'VIVE CREDITOS LBZ#0943','',63,2,NULL,NULL,NULL,940153,38254000,40134000,0,NULL,'2021-03-04 19:06:58','2021-03-04 19:06:58',NULL),(205,5,5,1,'PROCURACIONES PARA TERCEROS SAS ','',63,2,NULL,NULL,NULL,439153,0,16000000,0,NULL,'2021-03-04 19:06:58','2021-03-04 19:06:58',NULL),(206,3,3,1,'VIVE CREDITOS LBZ#4514 OPERA EN FOPEP','',63,NULL,NULL,NULL,NULL,0,14306000,0,0,NULL,'2021-03-04 19:06:58','2021-03-04 19:06:58',NULL),(207,3,5,1,'COONSEC LBZ #8384 OPERA EN FOPEP','',63,NULL,NULL,NULL,NULL,0,2750000,0,0,NULL,'2021-03-04 19:06:58','2021-03-04 19:06:58',NULL),(208,1,1,1,'GNB SUDAMERIS LBZ#5957','',63,NULL,NULL,NULL,NULL,0,30850000,0,0,NULL,'2021-03-04 19:06:58','2021-03-04 19:06:58',NULL),(209,1,1,1,'GNB SUDAMERIS LBZ#3633','',63,NULL,NULL,NULL,NULL,0,29960000,0,0,NULL,'2021-03-04 19:06:58','2021-03-04 19:06:58',NULL),(210,1,1,2,'COOP DE CREDITO Y SERVICIO #7480','',63,NULL,NULL,NULL,NULL,0,6292000,0,0,NULL,'2021-03-04 19:06:58','2021-03-04 19:06:58',NULL),(211,1,5,8,'GNB SUDAMERIS LBZ#4781','',63,NULL,NULL,NULL,NULL,0,56964000,0,0,NULL,'2021-03-04 19:06:58','2021-03-04 19:06:58',NULL),(212,2,5,2,'COOP COMUNIDAD #0074','',63,NULL,NULL,NULL,NULL,0,6291000,0,0,NULL,'2021-03-04 19:06:58','2021-03-04 19:06:58',NULL),(213,3,5,5,'COOPTECPOL','',63,NULL,NULL,NULL,NULL,0,5000000,0,0,NULL,'2021-03-04 19:06:58','2021-03-04 19:06:58',NULL),(214,3,5,8,'PROY.EJECUTIVA ORI:MOVISTAR','',63,2,NULL,NULL,NULL,0,78000,78000,0,NULL,'2021-03-04 19:06:58','2021-03-04 19:06:58',NULL),(215,1,1,1,'BANCO OCCIDENTE LBZ#3892 CUOTA EN CENTRA 197','',64,NULL,7,NULL,NULL,461840,18706000,0,0,NULL,'2021-03-04 19:33:36','2021-03-04 19:33:36',NULL),(216,1,1,1,'COLPATRIA LBZ #8103','',65,NULL,7,NULL,NULL,1689474,69952000,69952000,0,NULL,'2021-03-04 20:14:50','2021-03-04 20:14:50',NULL),(217,5,5,1,'PRO3 SAS LBZ #','',65,2,NULL,NULL,NULL,120924,0,2500000,0,NULL,'2021-03-04 20:14:50','2021-03-04 20:14:50',NULL),(218,1,1,8,'BCO PICHINCHA #2353','',65,2,NULL,NULL,NULL,0,576000,576000,288000,NULL,'2021-03-04 20:14:50','2021-03-04 20:14:50',NULL),(219,1,1,8,'TUYA #2778 - #8008','',65,2,NULL,NULL,NULL,0,4451000,4451000,2225500,NULL,'2021-03-04 20:14:50','2021-03-04 20:14:50',NULL),(220,5,1,8,'GROUP COLOMBIA HOLDING #0736','',65,2,NULL,NULL,NULL,0,229000,229000,114500,NULL,'2021-03-04 20:14:50','2021-03-04 20:14:50',NULL),(221,3,3,1,'FONEM LA 14 #1133','',65,NULL,7,NULL,NULL,0,17330000,23167309,0,NULL,'2021-03-04 20:14:50','2021-03-04 20:14:50',NULL),(222,1,5,8,'FALABELLA #2304','',65,2,NULL,NULL,NULL,0,1637000,1637000,818500,NULL,'2021-03-04 20:14:50','2021-03-04 20:14:50',NULL),(223,5,5,1,'SERVIVAL CV','',66,2,NULL,NULL,NULL,350000,0,11400815,0,NULL,'2021-03-05 11:06:05','2021-03-05 11:06:05',NULL),(224,5,5,1,'EMBARGO JUDICIAL (VALENCIA MARTINEZ ADIELA)','',66,2,NULL,NULL,NULL,257685,0,2700000,0,NULL,'2021-03-05 11:06:05','2021-03-05 11:06:05',NULL),(225,5,5,1,'VISION SOLIDARIA','',66,2,NULL,NULL,NULL,256000,0,3880000,0,NULL,'2021-03-05 11:06:05','2021-03-05 11:06:05',NULL),(226,5,5,1,'SERVIVAL','',66,2,NULL,NULL,NULL,400000,0,0,0,NULL,'2021-03-05 11:06:05','2021-03-05 11:06:05',NULL),(227,3,5,8,'COONSEC OBLG 004 Y 4081','',66,2,NULL,NULL,NULL,289600,0,7555000,2555000,NULL,'2021-03-05 11:06:05','2021-03-05 11:06:05',NULL),(228,5,5,1,'COONALSE','',66,2,NULL,NULL,NULL,200000,0,1500000,0,NULL,'2021-03-05 11:06:05','2021-03-05 11:06:05',NULL),(229,3,5,1,'CK COMERCIALIZADORA OGL 12 Y 25','',66,NULL,7,NULL,NULL,423722,0,5727300,0,NULL,'2021-03-05 11:06:05','2021-03-05 11:06:05',NULL),(230,1,1,8,'DAVIVIENDA OBLIG 9134','',66,2,NULL,NULL,NULL,448000,0,29149000,10000000,NULL,'2021-03-05 11:06:05','2021-03-05 11:06:05',NULL),(231,5,5,8,'NEW CREDIT OBLG 7392 Y 5866','',66,2,NULL,NULL,NULL,0,0,7348000,6648000,NULL,'2021-03-05 11:06:05','2021-03-05 11:06:05',NULL),(232,3,5,8,'RAYCO OBLI 0171','',66,2,NULL,NULL,NULL,0,0,1519000,1000000,NULL,'2021-03-05 11:06:05','2021-03-05 11:06:05',NULL),(233,3,5,5,'LINERU OBL 5186','',66,2,NULL,NULL,NULL,0,0,375000,0,NULL,'2021-03-05 11:06:05','2021-03-05 11:06:05',NULL),(234,3,5,1,'CLARO SOLUCIONES ','',66,2,NULL,NULL,NULL,0,0,261000,0,NULL,'2021-03-05 11:06:05','2021-03-05 11:06:05',NULL),(235,5,5,1,'KAPITALBANK','',66,2,NULL,NULL,NULL,0,0,3000000,0,NULL,'2021-03-05 11:06:05','2021-03-05 11:06:05',NULL),(236,3,3,5,'EXCELCREDIT LBZ#9116','',67,2,NULL,NULL,NULL,1262126,46019000,46019000,13805700,NULL,'2021-03-05 11:30:24','2021-03-05 11:30:24',NULL),(237,5,1,1,'CENTRAL DE INVERSIONES #0602','',67,2,NULL,NULL,NULL,0,20242000,20242000,18217800,NULL,'2021-03-05 11:30:24','2021-03-05 11:30:24',NULL),(238,5,1,8,'NEW CREDIT #9156','',67,2,NULL,NULL,NULL,0,92409000,92409000,86409000,NULL,'2021-03-05 11:30:24','2021-03-05 11:30:24',NULL),(239,1,1,8,'AECSA #6804','',67,2,NULL,NULL,NULL,0,44237000,44237000,41737000,NULL,'2021-03-05 11:30:24','2021-03-05 11:30:24',NULL),(240,5,1,8,'NEW CREDIT #7314','',67,NULL,NULL,NULL,NULL,0,5617000,5617000,0,NULL,'2021-03-05 11:30:24','2021-03-05 11:30:24',NULL),(241,5,1,8,'NEW CREDIT #8710','',67,NULL,NULL,NULL,NULL,0,3758000,3758000,0,NULL,'2021-03-05 11:30:24','2021-03-05 11:30:24',NULL),(242,5,1,8,'NEW CREDIT #8728','',67,NULL,NULL,NULL,NULL,0,2563000,2563000,0,NULL,'2021-03-05 11:30:24','2021-03-05 11:30:24',NULL),(243,3,3,1,'EXCELCREDIT LBZ#9105 OPERA EN FOPEP','',67,NULL,NULL,NULL,NULL,0,29661000,0,0,NULL,'2021-03-05 11:30:24','2021-03-05 11:30:24',NULL),(244,3,5,1,'CREDIVALORES #0184','',67,NULL,NULL,NULL,NULL,0,19200000,19200000,17280000,NULL,'2021-03-05 11:30:24','2021-03-05 11:30:24',NULL),(245,3,5,8,'FENALCO #7393-#2438','',67,NULL,NULL,NULL,NULL,0,4876000,0,0,NULL,'2021-03-05 11:30:24','2021-03-05 11:30:24',NULL),(246,1,1,5,'BANCO POPULAR LBZ#1271','',68,NULL,NULL,NULL,NULL,1713352,111250000,111250000,0,NULL,'2021-03-05 17:14:19','2021-03-05 17:14:19',NULL),(247,5,5,1,'COMACHOCO APORTES','',68,2,NULL,NULL,NULL,16651,0,0,0,NULL,'2021-03-05 17:14:19','2021-03-05 17:14:19',NULL),(248,5,5,1,'JURISCOOP APORTES','',68,2,NULL,NULL,NULL,45000,0,0,0,NULL,'2021-03-05 17:14:19','2021-03-05 17:14:19',NULL),(249,1,1,1,'JURISCOOP TCR#7379','',68,2,NULL,NULL,NULL,0,1191000,1191000,0,NULL,'2021-03-05 17:14:19','2021-03-05 17:14:19',NULL),(250,5,1,1,'JURISCOOP TCR#8466','',68,2,NULL,NULL,NULL,0,1301000,1301000,0,NULL,'2021-03-05 17:14:19','2021-03-05 17:14:19',NULL),(251,1,1,3,'GM FINANCIAL COLOMBIA VEHI#0125','',68,2,NULL,NULL,NULL,0,3780000,3780000,1980000,NULL,'2021-03-05 17:14:19','2021-03-05 17:14:19',NULL),(252,5,1,1,'JURISCOOP CONS#4784','',68,2,NULL,NULL,NULL,0,5253000,5253000,-802854,NULL,'2021-03-05 17:14:19','2021-03-05 17:14:19',NULL),(253,1,1,5,'MORA 120 BANCO POPULAR','',68,2,NULL,NULL,NULL,0,2797000,2797000,0,NULL,'2021-03-05 17:14:19','2021-03-05 17:14:19',NULL),(254,3,5,8,'CLARO SOLUCIONES','',68,2,NULL,NULL,NULL,0,653000,653000,653000,NULL,'2021-03-05 17:14:19','2021-03-05 17:14:19',NULL),(255,5,5,1,'COOPEOCCIDENTE','',69,2,NULL,NULL,NULL,71737,0,1000000,0,NULL,'2021-03-05 17:33:53','2021-03-05 17:33:53',NULL),(256,5,5,1,'COONSEC','',69,2,NULL,NULL,NULL,549922,0,8000000,0,NULL,'2021-03-05 17:33:53','2021-03-05 17:33:53',NULL),(257,1,1,8,'BCO PICHINCHA LBZ#0143','',69,2,NULL,NULL,NULL,0,37061000,37061000,26061000,NULL,'2021-03-05 17:33:53','2021-03-05 17:33:53',NULL),(258,5,5,1,'TERCERO COOPCONTINENTAL','',69,2,NULL,NULL,NULL,610639,0,10000000,0,NULL,'2021-03-05 17:33:53','2021-03-05 17:33:53',NULL),(259,3,3,1,'FIMSA-BAYPORT LBZ#9404','',70,NULL,NULL,NULL,NULL,236041,11578000,12050000,0,NULL,'2021-03-05 17:55:27','2021-03-05 17:55:27',NULL),(260,1,1,1,'POPUCONVENIO LBZ#1373','',70,NULL,7,NULL,NULL,946280,38311000,38311000,0,NULL,'2021-03-05 17:55:27','2021-03-05 17:55:27',NULL),(261,1,1,8,'PROMOTORA Y COBRANZAS BETA','',70,2,NULL,NULL,NULL,0,11645000,11645000,6645000,NULL,'2021-03-05 17:55:27','2021-03-05 17:55:27',NULL),(262,1,1,8,'INCOMERCIO-FINANDINA #7544','',70,2,NULL,NULL,NULL,0,3853000,3853000,2342000,NULL,'2021-03-05 17:55:27','2021-03-05 17:55:27',NULL),(263,1,1,5,'CREDIVALORES #1300','',70,2,NULL,NULL,NULL,0,55000,55000,-3445000,NULL,'2021-03-05 17:55:27','2021-03-05 17:55:27',NULL),(264,1,1,8,'GIROS Y FINANZAS #6392','',70,2,NULL,NULL,NULL,0,4787000,4787000,2087000,NULL,'2021-03-05 17:55:27','2021-03-05 17:55:27',NULL),(265,5,5,1,'CONALRECAUDO-SUPERSOCIEDADES','',72,2,NULL,NULL,NULL,5000,0,0,0,NULL,'2021-03-05 18:41:49','2021-03-05 18:41:49',NULL),(266,5,5,1,'COSOLUCIONES EN INTERVENCION','',72,2,NULL,NULL,NULL,4389,0,1000000,0,NULL,'2021-03-05 18:41:49','2021-03-05 18:41:49',NULL),(267,5,5,1,'CONALRECAUDO (80 DE 99)','',72,2,NULL,NULL,NULL,18000,0,1000000,0,NULL,'2021-03-05 18:41:49','2021-03-05 18:41:49',NULL),(268,1,1,1,'C A CREDIFINANCIERA (4 DE 144) LBZ#1488','',72,2,NULL,NULL,NULL,369362,17000000,17000000,0,NULL,'2021-03-05 18:41:49','2021-03-05 18:41:49',NULL),(269,1,1,8,'COOP MULTIACTIVA FAMILI CONS#3801','',72,NULL,NULL,NULL,NULL,0,5662000,5662000,5605380,NULL,'2021-03-05 18:41:49','2021-03-05 18:41:49',NULL),(270,3,5,8,'SYSTEMGROUP NPL FALABELLA','',72,NULL,NULL,NULL,NULL,0,1097000,1097000,1086030,NULL,'2021-03-05 18:41:49','2021-03-05 18:41:49',NULL),(271,5,5,1,'RETENCION EN LA FUENTE','',73,2,NULL,NULL,NULL,389000,0,0,0,NULL,'2021-03-05 20:47:23','2021-03-05 20:47:23',NULL),(272,3,3,3,'PA ESEFECTIVO LBZ#4257-##4256','',73,NULL,7,NULL,NULL,1910000,79326000,79326000,0,NULL,'2021-03-05 20:47:23','2021-03-05 20:47:23',NULL),(273,5,5,1,'SERVIVAL','',73,2,NULL,NULL,NULL,340000,0,6000000,0,NULL,'2021-03-05 20:47:23','2021-03-05 20:47:23',NULL),(274,5,5,1,'COONALSE','',73,2,NULL,NULL,NULL,206000,0,4000000,0,NULL,'2021-03-05 20:47:23','2021-03-05 20:47:23',NULL),(275,5,5,1,'COOP VISION SOLIDARIA','',73,2,NULL,NULL,NULL,256000,0,4000000,0,NULL,'2021-03-05 20:47:23','2021-03-05 20:47:23',NULL),(276,1,1,8,'BBVA COLOMBIA CONS#6142','',73,2,NULL,NULL,NULL,0,2506000,2506000,1754200,NULL,'2021-03-05 20:47:23','2021-03-05 20:47:23',NULL),(277,1,1,8,'SCOTIABNAK COLPATRIA CONS#3480','',73,2,NULL,NULL,NULL,0,2000000,2000000,1400000,NULL,'2021-03-05 20:47:23','2021-03-05 20:47:23',NULL),(278,1,1,1,'CRESI TCR#2202','',73,2,NULL,NULL,NULL,0,2367000,2367000,1656900,NULL,'2021-03-05 20:47:23','2021-03-05 20:47:23',NULL),(279,5,5,1,'KB','',73,2,NULL,NULL,NULL,0,0,3000000,3000000,NULL,'2021-03-05 20:47:23','2021-03-05 20:47:23',NULL),(280,3,3,1,'KUSIDA- VIVE LBZ#5583','',74,NULL,7,NULL,NULL,1375000,59923000,62673000,0,NULL,'2021-03-05 21:01:53','2021-03-05 21:01:53',NULL),(281,1,1,8,'SERFINANZA TCR#4807','',74,NULL,7,NULL,NULL,0,4014000,4014000,3973860,NULL,'2021-03-05 21:01:53','2021-03-05 21:01:53',NULL),(282,1,1,5,'BCO POPULAR LBZ#8472','',74,NULL,7,NULL,NULL,0,34742000,34742000,18242000,NULL,'2021-03-05 21:01:53','2021-03-05 21:01:53',NULL),(283,3,5,1,'CREDIVALORES- CREDISERVICIOS #1697','',74,NULL,NULL,NULL,NULL,0,8246000,0,0,NULL,'2021-03-05 21:01:53','2021-03-05 21:01:53',NULL),(284,3,3,5,'KUSIDA LBZ#0108','',76,2,NULL,NULL,NULL,263700,7229000,7755000,0,NULL,'2021-03-09 08:36:30','2021-03-09 08:36:30',NULL),(285,5,5,1,'SERVIVAL','',76,NULL,7,NULL,NULL,420000,0,10000000,0,NULL,'2021-03-09 08:36:30','2021-03-09 08:36:30',NULL),(286,5,5,1,'EMBARGO JUDICIAL CUOTA FIJA','',76,2,NULL,NULL,NULL,161322,0,2000000,0,NULL,'2021-03-09 08:36:30','2021-03-09 08:36:30',NULL),(287,5,5,1,'EMBARGO JUDICIAL DOS','',76,2,NULL,NULL,NULL,247235,0,3000000,0,NULL,'2021-03-09 08:36:30','2021-03-09 08:36:30',NULL),(288,1,1,8,'SERFINANZA TCR#6201','',76,2,NULL,NULL,NULL,0,331000,331000,0,NULL,'2021-03-09 08:36:30','2021-03-09 08:36:30',NULL),(289,5,3,8,'ELECTROVENTAS SAS #7490','',76,2,NULL,NULL,NULL,0,711000,711000,0,NULL,'2021-03-09 08:36:30','2021-03-09 08:36:30',NULL),(290,3,3,8,'YANBAL DE COLOMBIA #7907','',76,2,NULL,NULL,NULL,0,443000,443000,0,NULL,'2021-03-09 08:36:30','2021-03-09 08:36:30',NULL),(291,3,5,8,'BEL STAR S A #5620','',76,2,NULL,NULL,NULL,0,326000,326000,0,NULL,'2021-03-09 08:36:30','2021-03-09 08:36:30',NULL),(292,3,3,1,'FINSOCIAL LBZ#9144','',77,2,NULL,NULL,NULL,377000,9534000,10288000,0,NULL,'2021-03-09 08:47:09','2021-03-09 08:47:09',NULL),(293,1,1,1,'BCO GNB SUDAMERIS LBZ#6881','',77,NULL,7,NULL,NULL,10862000,59468000,59468000,0,NULL,'2021-03-09 08:47:09','2021-03-09 08:47:09',NULL),(294,1,1,1,'COOPERATIVA DE MAESTROS Y EMP LBZ#3037','',77,NULL,NULL,NULL,NULL,0,38908000,0,0,NULL,'2021-03-09 08:47:09','2021-03-09 08:47:09',NULL),(295,1,1,2,'BANCO POPULAR LBZ#5913','',78,NULL,7,NULL,NULL,1124966,44475000,44475000,0,NULL,'2021-03-09 09:06:21','2021-03-09 09:06:21',NULL),(296,5,5,1,'SERVIVAL','',78,NULL,7,NULL,NULL,280000,0,8000000,0,NULL,'2021-03-09 09:06:21','2021-03-09 09:06:21',NULL),(297,1,5,8,'B. FALABELLA CARTERA #3176','',78,NULL,NULL,NULL,NULL,0,10995000,10995000,0,NULL,'2021-03-09 09:06:21','2021-03-09 09:06:21',NULL),(298,1,5,8,'B. FALLABELLA #6011','',78,NULL,NULL,NULL,NULL,0,4068000,4068000,0,NULL,'2021-03-09 09:06:21','2021-03-09 09:06:21',NULL),(299,1,1,2,'MORA 30 BCO POPULAR','',78,2,NULL,NULL,NULL,0,0,1217000,0,NULL,'2021-03-09 09:06:21','2021-03-09 09:06:21',NULL),(300,1,1,2,'BANCO BBVA LBZ#3012','',79,NULL,7,NULL,NULL,364000,29242000,29242000,0,NULL,'2021-03-09 09:18:37','2021-03-09 09:18:37',NULL),(301,3,3,1,'FIDEICOMISO MISSION LBZ#6613M','',79,2,NULL,NULL,NULL,407421,15177000,15991000,0,NULL,'2021-03-09 09:18:37','2021-03-09 09:18:37',NULL),(302,1,1,1,'CREDIVALORES TCR#3423','',79,NULL,NULL,NULL,NULL,0,2065000,2329000,0,NULL,'2021-03-09 09:18:37','2021-03-09 09:18:37',NULL),(303,3,5,5,'ACTIVOS Y FINANZAS #0832','',79,2,NULL,NULL,NULL,0,11784000,11784000,0,NULL,'2021-03-09 09:18:37','2021-03-09 09:18:37',NULL),(304,1,1,2,'MORA 30 BANCO BBVA LBZ#3012','',79,2,NULL,NULL,NULL,0,0,1106000,0,NULL,'2021-03-09 09:18:37','2021-03-09 09:18:37',NULL),(305,3,3,1,'BAYPORT LBZ#1387','',80,2,NULL,NULL,NULL,369689,8979000,9727000,0,NULL,'2021-03-09 09:48:56','2021-03-09 09:48:56',NULL),(306,3,3,8,'DISTRIBUIDORA RAYCO #0363','',80,2,NULL,NULL,NULL,0,1545000,1545000,463500,NULL,'2021-03-09 09:48:56','2021-03-09 09:48:56',NULL),(307,3,5,1,'COOPFECON #0079','',80,NULL,NULL,NULL,NULL,0,28000,0,0,NULL,'2021-03-09 09:48:56','2021-03-09 09:48:56',NULL),(308,3,5,5,'ACTIVOS Y FINANZAS #1979','',80,2,NULL,NULL,NULL,0,15697000,15697000,3139400,NULL,'2021-03-09 09:48:56','2021-03-09 09:48:56',NULL),(309,3,3,1,'FINSOCIAL LBZ#1741-9505-6726','',81,2,NULL,NULL,NULL,2001000,94430000,94430000,0,NULL,'2021-03-09 10:04:12','2021-03-09 10:04:12',NULL),(310,5,5,1,'EMBARGO','',81,NULL,NULL,NULL,NULL,812429,0,0,0,NULL,'2021-03-09 10:04:12','2021-03-09 10:04:12',NULL),(311,5,5,1,'COOPSERV APORTES','',81,NULL,NULL,NULL,NULL,270781,0,0,0,NULL,'2021-03-09 10:04:12','2021-03-09 10:04:12',NULL),(312,1,1,1,'COOPSERV DESCUENTO LBZ#3855','',81,NULL,7,NULL,NULL,247452,6960000,6960000,0,NULL,'2021-03-09 10:04:12','2021-03-09 10:04:12',NULL),(313,5,1,8,'TUYA #1277','',81,2,NULL,NULL,NULL,0,3657000,3657000,3620430,NULL,'2021-03-09 10:04:12','2021-03-09 10:04:12',NULL),(314,5,5,1,'RETENCION EN LA FUENTE SALARIOS','',81,2,NULL,NULL,NULL,294000,0,0,0,NULL,'2021-03-09 10:04:12','2021-03-09 10:04:12',NULL),(315,1,1,1,'BANCO BBVA LBZ#1221','',82,NULL,7,NULL,NULL,821914,36296000,36296000,0,NULL,'2021-03-09 10:23:52','2021-03-09 10:23:52',NULL),(316,5,5,1,'PROVITEC LIBRANZA','',82,2,NULL,NULL,NULL,303333,0,0,0,NULL,'2021-03-09 10:23:52','2021-03-09 10:23:52',NULL),(317,5,5,1,'PROVITEC APORTES','',82,NULL,NULL,NULL,NULL,50000,0,0,0,NULL,'2021-03-09 10:23:52','2021-03-09 10:23:52',NULL),(318,3,5,1,'CREDISERVICIOS LBZ#0581','',82,2,NULL,NULL,NULL,537894,18465000,19539000,0,NULL,'2021-03-09 10:23:52','2021-03-09 10:23:52',NULL),(319,2,2,1,'COOP DE CREDITO Y SERVIC COOMUNI LBZ#2030','',82,2,NULL,NULL,NULL,327685,12124000,12124000,0,NULL,'2021-03-09 10:23:52','2021-03-09 10:23:52',NULL),(320,1,1,5,'BCO BBVA CONS#1239','',82,2,NULL,NULL,NULL,0,639000,639000,0,NULL,'2021-03-09 10:23:52','2021-03-09 10:23:52',NULL),(321,1,1,8,'SERFINANZA TCR#6134','',82,2,NULL,NULL,NULL,0,711000,711000,0,NULL,'2021-03-09 10:23:52','2021-03-09 10:23:52',NULL),(322,3,3,8,'BANINCA #9094','',82,2,NULL,NULL,NULL,0,523000,523000,0,NULL,'2021-03-09 10:23:52','2021-03-09 10:23:52',NULL),(323,5,5,1,'RETENCION EN LA FUENTE','',82,2,NULL,NULL,NULL,117000,0,0,0,NULL,'2021-03-09 10:23:52','2021-03-09 10:23:52',NULL),(324,3,3,1,'CLARO SOLUCIONES MOVILES #4114','',82,2,NULL,NULL,NULL,0,567000,567000,0,NULL,'2021-03-09 10:23:52','2021-03-09 10:23:52',NULL),(325,3,3,1,'VIVE CREDITOS (11 DE 108) LBZ#7522','',83,1,NULL,NULL,NULL,361000,14958000,15680000,0,NULL,'2021-03-09 10:37:12','2021-03-09 10:37:12',NULL),(326,1,1,5,'SCOTIABANK COLPATRIA LBZ#0624','',83,1,NULL,NULL,NULL,0,27621000,27621000,27068580,NULL,'2021-03-09 10:37:12','2021-03-09 10:37:12',NULL),(327,1,1,8,'BCO AV VILLAS CONS#4325KV','',83,1,NULL,NULL,NULL,0,3978000,3978000,3898440,NULL,'2021-03-09 10:37:12','2021-03-09 10:37:12',NULL),(328,1,1,8,'BCO POPULAR TCR#4979','',83,1,NULL,NULL,NULL,0,3510000,3510000,3439800,NULL,'2021-03-09 10:37:12','2021-03-09 10:37:12',NULL),(329,1,1,1,'SUDAMERIS LZB#5626','',84,NULL,7,NULL,NULL,403581,20293000,20500000,0,NULL,'2021-03-09 10:57:56','2021-03-09 10:57:56',NULL),(330,1,1,3,'COOP CREDITOS Y SUMINISTROS #1710','',84,2,NULL,NULL,NULL,0,4827000,630000,0,NULL,'2021-03-09 10:57:56','2021-03-09 10:57:56',NULL),(331,1,1,8,'FONDO DE EMPL DE HARINERA#3108','',84,2,NULL,NULL,NULL,0,4155000,4155000,2783850,NULL,'2021-03-09 10:57:56','2021-03-09 10:57:56',NULL),(332,1,1,8,'FUNDACION DE LA MUJER #8100','',84,NULL,NULL,NULL,NULL,0,494000,494000,0,NULL,'2021-03-09 10:57:56','2021-03-09 10:57:56',NULL),(333,2,5,4,'COOP COMUNIDAD #0617','',84,NULL,NULL,NULL,NULL,0,4826000,629000,0,NULL,'2021-03-09 10:57:56','2021-03-09 10:57:56',NULL),(334,3,5,5,'COOPTECPOL #0000LETRA','',84,NULL,NULL,NULL,NULL,0,5000000,2093000,0,NULL,'2021-03-09 10:57:56','2021-03-09 10:57:56',NULL),(335,1,1,1,'CREDIPROGRESO LBZ#0164','',85,NULL,7,NULL,NULL,100000,31113000,31313000,0,NULL,'2021-03-09 11:16:36','2021-03-09 11:16:36',NULL),(336,3,3,1,'EXCELCREDIT LBZ#1024','',85,NULL,7,NULL,NULL,874664,31861000,33609000,0,NULL,'2021-03-09 11:16:36','2021-03-09 11:16:36',NULL),(337,5,5,1,'RETENCION EN LA FUENTE','',85,2,NULL,NULL,NULL,222000,0,0,0,NULL,'2021-03-09 11:16:36','2021-03-09 11:16:36',NULL),(338,5,5,1,'EMBARGO JUDICIAL','',85,2,NULL,NULL,NULL,544000,0,0,0,NULL,'2021-03-09 11:16:36','2021-03-09 11:16:36',NULL),(339,1,1,8,'REFINANCIA ENCORE  #0652','',85,2,NULL,NULL,NULL,0,39553000,39553000,29553000,NULL,'2021-03-09 11:16:36','2021-03-09 11:16:36',NULL),(340,3,5,1,'COMCREDITO LBZ#0739 CUOTA 273 VALIDAR POR DONDE OPERA','',85,NULL,NULL,NULL,NULL,0,1913000,0,0,NULL,'2021-03-09 11:16:36','2021-03-09 11:16:36',NULL),(341,5,5,1,'GESFIDUCIA (47 DE 96)','',86,2,NULL,NULL,NULL,48989,0,1000000,0,NULL,'2021-03-10 00:43:43','2021-03-10 00:43:43',NULL),(342,3,3,1,'VIVE CREDITOS (9 DE 108) LBZ#1856','',86,2,NULL,NULL,NULL,343791,14433000,15121000,0,NULL,'2021-03-10 00:43:44','2021-03-10 00:43:44',NULL),(343,1,1,8,'FIDEICOMISO #1856','',86,2,NULL,NULL,NULL,0,619000,619000,612810,NULL,'2021-03-10 00:43:44','2021-03-10 00:43:44',NULL),(344,3,3,8,'RAYCO #148FV0003','',86,2,NULL,NULL,NULL,0,2806000,2806000,2777940,NULL,'2021-03-10 00:43:44','2021-03-10 00:43:44',NULL),(345,1,1,1,'CREDIVALORES LBZ#8061 CUOTA 395','',87,NULL,7,NULL,NULL,355337,18683000,19393000,0,NULL,'2021-03-10 01:02:15','2021-03-10 01:02:15',NULL),(346,5,5,1,'COPIDESARROLLO','',87,NULL,NULL,NULL,NULL,2000,0,0,0,NULL,'2021-03-10 01:02:15','2021-03-10 01:02:15',NULL),(347,1,1,8,'BANAGRARIO MICROCREDITO#4824','',87,NULL,7,NULL,NULL,0,4375000,4375000,4156250,NULL,'2021-03-10 01:02:15','2021-03-10 01:02:15',NULL),(348,3,3,8,'COLLECT CENTER SAS #0008','',87,NULL,7,NULL,NULL,0,4080000,4080000,3876000,NULL,'2021-03-10 01:02:15','2021-03-10 01:02:15',NULL),(349,3,3,8,'REESTRUCTURA Banco WWB #0484','',87,NULL,7,NULL,NULL,0,6586000,6586000,6256700,NULL,'2021-03-10 01:02:15','2021-03-10 01:02:15',NULL),(350,3,5,8,'RENOVAR FINANCIERA SAS #5868','',87,NULL,7,NULL,NULL,0,5411000,5411000,5140450,NULL,'2021-03-10 01:02:15','2021-03-10 01:02:15',NULL),(351,5,5,1,'COSTOS TE RECUPERAMOS','',87,NULL,7,NULL,NULL,0,0,544023,0,NULL,'2021-03-10 01:02:15','2021-03-10 01:02:15',NULL),(352,3,3,1,'FINSOCIAL LBZ#1969-#1888','',88,2,NULL,NULL,NULL,1142000,54891000,54891000,0,NULL,'2021-03-10 01:13:45','2021-03-10 01:13:45',NULL),(353,5,5,1,'SERVIVAL','',88,2,NULL,NULL,NULL,93822,0,3000000,0,NULL,'2021-03-10 01:13:45','2021-03-10 01:13:45',NULL),(354,1,1,1,'BCO POPULAR TCR#6450','',88,NULL,NULL,NULL,NULL,0,802000,0,0,NULL,'2021-03-10 01:13:45','2021-03-10 01:13:45',NULL),(355,1,1,8,'SCOTIABANK-COLPATRIA#7912','',88,2,NULL,NULL,NULL,0,3134000,3134000,3102660,NULL,'2021-03-10 01:13:45','2021-03-10 01:13:45',NULL),(356,3,3,1,'BAYPORT LB 7887','',89,2,NULL,NULL,NULL,759208,0,37622000,0,NULL,'2021-03-10 20:49:28','2021-03-10 20:49:28',NULL),(357,3,3,8,'IVAN BOTERO GOMEZ OBL 3685','',89,2,NULL,NULL,NULL,0,0,716000,358000,NULL,'2021-03-10 20:49:28','2021-03-10 20:49:28',NULL),(358,4,5,1,'CLARO SOLUCIONES OB 7670','',89,2,NULL,NULL,NULL,0,0,148000,74000,NULL,'2021-03-10 20:49:28','2021-03-10 20:49:28',NULL),(359,4,5,1,'CLARO SOLUCIONES OB 2109','',89,2,NULL,NULL,NULL,0,0,113000,56500,NULL,'2021-03-10 20:49:28','2021-03-10 20:49:28',NULL),(360,4,5,8,'COLOMBIA MOVIL OBL 2999','',89,2,NULL,NULL,NULL,0,0,115000,575000,NULL,'2021-03-10 20:49:28','2021-03-10 20:49:28',NULL),(361,3,3,1,'BAYPORT LB 7887','',90,2,NULL,NULL,NULL,259208,0,37622000,0,NULL,'2021-03-10 21:13:05','2021-03-10 21:13:05',NULL),(362,3,3,8,'IVAN BOTERO GOMEZ OBL 3685','',90,2,NULL,NULL,NULL,0,0,716000,358000,NULL,'2021-03-10 21:13:05','2021-03-10 21:13:05',NULL),(363,4,5,1,'CLARO SOLUCIONES OB 7670','',90,2,NULL,NULL,NULL,0,0,148000,74000,NULL,'2021-03-10 21:13:05','2021-03-10 21:13:05',NULL),(364,4,5,1,'CLARO SOLUCIONES OB 2109','',90,2,NULL,NULL,NULL,0,0,113000,56500,NULL,'2021-03-10 21:13:05','2021-03-10 21:13:05',NULL),(365,1,1,1,'BANCO POPULAR (22 DE 120) LBZ#2684','',91,NULL,7,NULL,NULL,1002537,56215000,56215000,0,NULL,'2021-03-10 21:28:57','2021-03-10 21:28:57',NULL),(366,5,5,1,'SUMAS Y SOLUCIONES (12 DE 96)','',91,2,NULL,NULL,NULL,138583,0,10000000,0,NULL,'2021-03-10 21:28:57','2021-03-10 21:28:57',NULL),(367,1,1,1,'P.A FINSOCIAL (5 DE 120) LBZ#6894','',91,2,NULL,NULL,NULL,42000,2215000,2299000,0,NULL,'2021-03-10 21:28:57','2021-03-10 21:28:57',NULL),(368,3,5,1,'ARQUITECTURA FINANCIERA #8832','',91,NULL,NULL,NULL,NULL,0,4802000,0,0,NULL,'2021-03-10 21:28:57','2021-03-10 21:28:57',NULL),(369,3,5,1,'FENALCO VALLE #1603','',91,NULL,NULL,NULL,NULL,0,32000,0,0,NULL,'2021-03-10 21:28:57','2021-03-10 21:28:57',NULL),(370,3,3,1,'EXCELCREDIT #1532-2373','',58,NULL,NULL,NULL,NULL,1551250,56422000,56422000,0,NULL,'2021-03-16 18:10:22','2021-03-16 18:10:22',NULL),(371,1,1,8,'BANCO OCCIDENTE #5719','',58,2,NULL,NULL,NULL,0,30119000,30119000,21083300,NULL,'2021-03-16 18:10:22','2021-03-16 18:10:22',NULL),(372,1,1,2,'Davivienda 9832','A',92,2,NULL,NULL,1,200000,2000000,2000000,200000,'2021-09-30','2021-09-20 12:07:26','2021-09-20 12:07:26',NULL);
/*!40000 ALTER TABLE `carteras` ENABLE KEYS */;
UNLOCK TABLES;

--
-- Table structure for table `centrales`
--

DROP TABLE IF EXISTS `centrales`;
/*!40101 SET @saved_cs_client     = @@character_set_client */;
/*!50503 SET character_set_client = utf8mb4 */;
CREATE TABLE `centrales` (
  `id` int NOT NULL AUTO_INCREMENT,
  `estudios_id` int NOT NULL,
  `calificacion_data` char(1) NOT NULL,
  `puntaje_data` int DEFAULT NULL,
  `calificacion_sifin` char(1) DEFAULT NULL,
  `puntaje_sifin` int DEFAULT NULL,
  `proc_en_contra` int DEFAULT NULL,
  `created_at` datetime NOT NULL,
  `updated_at` datetime NOT NULL,
  `deleted_at` datetime DEFAULT NULL,
  PRIMARY KEY (`id`),
  KEY `fk_estudiostr_centrales` (`estudios_id`),
  CONSTRAINT `fk_estudiostr_centrales` FOREIGN KEY (`estudios_id`) REFERENCES `estudiostr` (`id`)
) ENGINE=InnoDB AUTO_INCREMENT=94 DEFAULT CHARSET=latin1;
/*!40101 SET character_set_client = @saved_cs_client */;

--
-- Dumping data for table `centrales`
--

LOCK TABLES `centrales` WRITE;
/*!40000 ALTER TABLE `centrales` DISABLE KEYS */;
INSERT INTO `centrales` VALUES (1,1,'A',0,NULL,0,1,'2021-02-11 09:49:09','2021-02-11 09:49:09',NULL),(2,3,'A',NULL,NULL,NULL,NULL,'2021-02-22 11:24:30','2021-02-22 11:24:30',NULL),(3,4,'A',NULL,NULL,NULL,NULL,'2021-02-22 11:59:38','2021-02-22 11:59:38',NULL),(4,5,'A',NULL,NULL,NULL,NULL,'2021-02-22 12:06:43','2021-02-22 12:06:43',NULL),(5,6,'A',NULL,NULL,NULL,NULL,'2021-02-22 16:50:54','2021-02-22 16:50:54',NULL),(6,7,'A',NULL,NULL,NULL,NULL,'2021-02-22 17:55:53','2021-02-22 17:55:53',NULL),(7,8,'C',274,NULL,485,NULL,'2021-02-22 20:46:08','2021-02-22 20:46:08',NULL),(8,9,'C',274,NULL,485,NULL,'2021-02-22 20:59:24','2021-02-22 20:59:24',NULL),(9,10,'A',NULL,NULL,NULL,NULL,'2021-02-22 23:02:47','2021-02-22 23:02:47',NULL),(10,11,'A',623,NULL,613,NULL,'2021-02-22 23:35:00','2021-02-22 23:35:00',NULL),(11,12,'C',NULL,NULL,NULL,NULL,'2021-02-22 23:54:31','2021-02-22 23:54:31',NULL),(12,13,'C',467,NULL,668,NULL,'2021-02-23 00:08:18','2021-02-23 00:08:18',NULL),(13,14,'A',593,NULL,617,NULL,'2021-02-23 00:30:53','2021-02-23 00:30:53',NULL),(14,15,'A',593,NULL,617,NULL,'2021-02-23 00:32:54','2021-02-23 00:32:54',NULL),(15,16,'A',373,NULL,478,NULL,'2021-02-23 00:49:19','2021-02-23 00:49:19',NULL),(16,17,'A',NULL,NULL,NULL,NULL,'2021-02-23 22:45:34','2021-02-23 22:45:34',NULL),(17,18,'C',438,NULL,566,NULL,'2021-02-23 23:50:30','2021-02-23 23:50:30',NULL),(18,19,'C',NULL,NULL,NULL,NULL,'2021-02-24 00:06:51','2021-02-24 00:06:51',NULL),(19,20,'B',351,NULL,557,NULL,'2021-02-24 00:42:44','2021-02-24 00:42:44',NULL),(20,21,'A',421,NULL,579,1,'2021-02-24 11:43:05','2021-02-24 11:43:05',NULL),(21,22,'B',585,NULL,525,NULL,'2021-02-24 18:58:45','2021-02-24 18:58:45',NULL),(22,23,'C',295,NULL,511,NULL,'2021-02-24 20:17:09','2021-02-24 20:17:09',NULL),(23,24,'C',295,NULL,511,NULL,'2021-02-24 20:25:00','2021-02-24 20:25:00',NULL),(24,25,'C',295,NULL,511,NULL,'2021-02-24 20:39:51','2021-02-24 20:39:51',NULL),(25,26,'A',500,NULL,650,NULL,'2021-02-24 21:00:50','2021-02-24 21:00:50',NULL),(26,27,'A',500,NULL,650,NULL,'2021-02-24 21:09:40','2021-02-24 21:09:40',NULL),(27,28,'A',500,NULL,650,NULL,'2021-02-24 21:17:31','2021-02-24 21:17:31',NULL),(28,29,'A',428,NULL,637,NULL,'2021-03-01 12:10:25','2021-03-01 12:10:25',NULL),(29,30,'A',428,NULL,637,NULL,'2021-03-01 12:24:17','2021-03-01 12:24:17',NULL),(30,31,'C',310,NULL,584,NULL,'2021-03-01 13:10:21','2021-03-01 13:10:21',NULL),(31,32,'C',310,NULL,584,NULL,'2021-03-01 13:16:57','2021-03-01 13:16:57',NULL),(32,33,'C',310,NULL,584,NULL,'2021-03-01 13:34:04','2021-03-01 13:34:04',NULL),(33,34,'A',453,NULL,NULL,NULL,'2021-03-01 14:49:13','2021-03-01 14:49:13',NULL),(34,35,'A',453,NULL,NULL,NULL,'2021-03-01 15:01:15','2021-03-01 15:01:15',NULL),(35,36,'C',200,NULL,508,NULL,'2021-03-01 15:55:04','2021-03-01 15:55:04',NULL),(36,37,'C',817,NULL,680,1,'2021-03-01 16:38:08','2021-03-01 16:38:08',NULL),(37,38,'A',811,NULL,NULL,NULL,'2021-03-01 16:52:34','2021-03-01 16:52:34',NULL),(38,39,'C',396,NULL,555,2,'2021-03-01 17:37:27','2021-03-01 17:37:27',NULL),(39,40,'C',731,NULL,NULL,NULL,'2021-03-01 19:30:57','2021-03-01 19:30:57',NULL),(40,41,'C',731,NULL,NULL,NULL,'2021-03-01 19:50:13','2021-03-01 19:50:13',NULL),(41,42,'C',346,NULL,571,NULL,'2021-03-01 20:27:48','2021-03-01 20:27:48',NULL),(42,43,'C',346,NULL,571,NULL,'2021-03-01 20:40:36','2021-03-01 20:40:36',NULL),(43,44,'A',282,NULL,571,2,'2021-03-01 22:57:29','2021-03-01 22:57:29',NULL),(44,45,'A',282,NULL,571,2,'2021-03-01 23:04:38','2021-03-01 23:04:38',NULL),(45,46,'C',351,NULL,537,NULL,'2021-03-01 23:22:10','2021-03-01 23:22:10',NULL),(46,47,'C',351,NULL,537,NULL,'2021-03-01 23:23:30','2021-03-01 23:23:30',NULL),(47,48,'C',288,NULL,708,NULL,'2021-03-02 19:16:24','2021-03-02 19:16:24',NULL),(48,49,'A',623,NULL,650,NULL,'2021-03-02 19:28:48','2021-03-02 19:28:48',NULL),(49,50,'A',NULL,NULL,NULL,NULL,'2021-03-02 19:41:21','2021-03-02 19:41:21',NULL),(50,51,'C',439,NULL,668,NULL,'2021-03-02 20:04:06','2021-03-02 20:04:06',NULL),(51,52,'A',NULL,NULL,471,NULL,'2021-03-02 21:10:13','2021-03-02 21:10:13',NULL),(52,53,'C',401,NULL,625,NULL,'2021-03-02 21:30:02','2021-03-02 21:30:02',NULL),(53,54,'B',466,NULL,618,NULL,'2021-03-02 23:44:07','2021-03-02 23:44:07',NULL),(54,55,'A',586,NULL,547,NULL,'2021-03-03 01:02:17','2021-03-03 01:02:17',NULL),(55,56,'A',586,NULL,547,NULL,'2021-03-03 01:05:16','2021-03-03 01:05:16',NULL),(56,58,'C',309,NULL,537,1,'2021-03-03 11:42:13','2021-03-03 11:42:13',NULL),(57,59,'C',393,NULL,586,NULL,'2021-03-03 12:21:33','2021-03-03 12:21:33',NULL),(58,60,'C',385,NULL,573,1,'2021-03-03 17:33:40','2021-03-03 17:33:40',NULL),(59,61,'C',382,NULL,510,1,'2021-03-03 18:23:30','2021-03-03 18:23:30',NULL),(60,62,'B',288,NULL,788,NULL,'2021-03-03 21:06:15','2021-03-03 21:06:15',NULL),(61,63,'C',NULL,NULL,NULL,NULL,'2021-03-04 19:06:58','2021-03-04 19:06:58',NULL),(62,64,'C',234,NULL,NULL,NULL,'2021-03-04 19:33:36','2021-03-04 19:33:36',NULL),(63,65,'A',NULL,NULL,NULL,NULL,'2021-03-04 20:14:50','2021-03-04 20:14:50',NULL),(64,66,'C',NULL,NULL,NULL,4,'2021-03-05 11:06:05','2021-03-05 11:06:05',NULL),(65,67,'C',NULL,NULL,NULL,NULL,'2021-03-05 11:30:24','2021-03-05 11:30:24',NULL),(66,68,'C',NULL,NULL,NULL,NULL,'2021-03-05 17:14:19','2021-03-05 17:14:19',NULL),(67,69,'C',NULL,NULL,NULL,NULL,'2021-03-05 17:33:53','2021-03-05 17:33:53',NULL),(68,70,'A',NULL,NULL,NULL,NULL,'2021-03-05 17:55:27','2021-03-05 17:55:27',NULL),(69,71,'B',NULL,NULL,NULL,NULL,'2021-03-05 18:19:38','2021-03-05 18:19:38',NULL),(70,72,'C',NULL,NULL,NULL,2,'2021-03-05 18:41:49','2021-03-05 18:41:49',NULL),(71,73,'C',NULL,NULL,NULL,NULL,'2021-03-05 20:47:23','2021-03-05 20:47:23',NULL),(72,74,'C',298,NULL,NULL,NULL,'2021-03-05 21:01:53','2021-03-05 21:01:53',NULL),(73,75,'C',NULL,NULL,NULL,21,'2021-03-05 21:25:16','2021-03-05 21:25:16',NULL),(74,76,'C',335,NULL,460,2,'2021-03-09 08:36:30','2021-03-09 08:36:30',NULL),(75,77,'A',NULL,NULL,NULL,NULL,'2021-03-09 08:47:09','2021-03-09 08:47:09',NULL),(76,78,'A',256,NULL,NULL,NULL,'2021-03-09 09:06:21','2021-03-09 09:06:21',NULL),(77,79,'C',NULL,NULL,NULL,NULL,'2021-03-09 09:18:37','2021-03-09 09:18:37',NULL),(78,80,'C',NULL,NULL,NULL,NULL,'2021-03-09 09:48:56','2021-03-09 09:48:56',NULL),(79,81,'A',NULL,NULL,NULL,1,'2021-03-09 10:04:12','2021-03-09 10:04:12',NULL),(80,82,'C',308,NULL,NULL,NULL,'2021-03-09 10:23:52','2021-03-09 10:23:52',NULL),(81,83,'C',NULL,NULL,NULL,NULL,'2021-03-09 10:37:12','2021-03-09 10:37:12',NULL),(82,84,'C',NULL,NULL,NULL,NULL,'2021-03-09 10:57:56','2021-03-09 10:57:56',NULL),(83,85,'C',NULL,NULL,NULL,1,'2021-03-09 11:16:36','2021-03-09 11:16:36',NULL),(84,86,'A',NULL,NULL,NULL,NULL,'2021-03-10 00:43:43','2021-03-10 00:43:43',NULL),(85,87,'A',278,NULL,NULL,NULL,'2021-03-10 01:02:15','2021-03-10 01:02:15',NULL),(86,88,'A',NULL,NULL,NULL,NULL,'2021-03-10 01:13:45','2021-03-10 01:13:45',NULL),(87,89,'A',NULL,NULL,NULL,NULL,'2021-03-10 20:49:28','2021-03-10 20:49:28',NULL),(88,90,'A',NULL,NULL,NULL,NULL,'2021-03-10 21:13:05','2021-03-10 21:13:05',NULL),(89,91,'A',NULL,NULL,NULL,NULL,'2021-03-10 21:28:57','2021-03-10 21:28:57',NULL),(90,92,'A',316,NULL,NULL,NULL,'2021-03-10 21:38:05','2021-03-10 21:38:05',NULL),(91,93,'A',NULL,NULL,NULL,NULL,'2021-03-26 10:22:51','2021-03-26 10:22:51',NULL),(92,94,'A',NULL,NULL,NULL,NULL,'2021-03-26 10:23:46','2021-03-26 10:23:46',NULL),(93,95,'A',NULL,NULL,NULL,NULL,'2021-03-26 10:30:18','2021-03-26 10:30:18',NULL);
/*!40000 ALTER TABLE `centrales` ENABLE KEYS */;
UNLOCK TABLES;

--
-- Table structure for table `ciudades`
--

DROP TABLE IF EXISTS `ciudades`;
/*!40101 SET @saved_cs_client     = @@character_set_client */;
/*!50503 SET character_set_client = utf8mb4 */;
CREATE TABLE `ciudades` (
  `id` int NOT NULL AUTO_INCREMENT,
  `departamentos_id` int DEFAULT NULL,
  `codigo` int DEFAULT NULL,
  `ciudad` varchar(100) NOT NULL,
  `created_at` datetime NOT NULL,
  `updated_at` datetime NOT NULL,
  `deleted_at` datetime DEFAULT NULL,
  PRIMARY KEY (`id`),
  UNIQUE KEY `codigo` (`codigo`),
  KEY `fk_departamentos_ciudades` (`departamentos_id`),
  CONSTRAINT `fk_departamentos_ciudades` FOREIGN KEY (`departamentos_id`) REFERENCES `departamentos` (`id`) ON DELETE SET NULL ON UPDATE SET NULL
) ENGINE=InnoDB AUTO_INCREMENT=39 DEFAULT CHARSET=latin1;
/*!40101 SET character_set_client = @saved_cs_client */;

--
-- Dumping data for table `ciudades`
--

LOCK TABLES `ciudades` WRITE;
/*!40000 ALTER TABLE `ciudades` DISABLE KEYS */;
INSERT INTO `ciudades` VALUES (1,NULL,NULL,'Cali','2020-10-01 11:34:50','2020-10-01 11:34:50',NULL),(2,NULL,NULL,'Quibdó','2020-11-19 10:31:01','2020-11-19 10:31:01',NULL),(3,NULL,NULL,'Atrato','2020-11-19 10:31:01','2020-11-19 10:31:01',NULL),(4,NULL,NULL,'Riosucio','2020-11-19 10:31:01','2020-11-19 10:31:01',NULL),(5,NULL,NULL,'Acandi','2020-11-24 20:16:10','2020-11-24 20:16:10',NULL),(6,NULL,NULL,'Popayan','2020-11-24 20:16:10','2020-11-24 20:16:10',NULL),(7,NULL,NULL,'Dagua','2020-11-24 20:16:11','2020-11-24 20:16:11',NULL),(8,NULL,NULL,'SANTA MARTA','2020-12-17 09:29:32','2020-12-17 09:29:32',NULL),(9,NULL,NULL,'VALLEDUPAR','2020-12-17 09:29:32','2020-12-17 09:29:32',NULL),(10,NULL,NULL,'URUMITA','2020-12-17 09:29:32','2020-12-17 09:29:32',NULL),(11,NULL,NULL,'AGUSTIN CODAZZI','2020-12-17 09:29:32','2020-12-17 09:29:32',NULL),(12,NULL,NULL,'BARRANQUILLA','2020-12-17 09:29:32','2020-12-17 09:29:32',NULL),(13,NULL,NULL,'BOGOTA D.C.','2020-12-17 09:29:32','2020-12-17 09:29:32',NULL),(14,NULL,NULL,'BELEN DE UMBRIA','2020-12-17 09:29:32','2020-12-17 09:29:32',NULL),(15,NULL,NULL,'ANAPOIMA','2020-12-17 09:29:32','2020-12-17 09:29:32',NULL),(16,NULL,NULL,'SINCELEJO','2020-12-17 09:29:32','2020-12-17 09:29:32',NULL),(17,NULL,NULL,'ENVIGADO','2020-12-17 09:29:32','2020-12-17 09:29:32',NULL),(18,NULL,NULL,'BUENAVENTURA','2020-12-17 09:29:32','2020-12-17 09:29:32',NULL),(19,NULL,NULL,'BUCARAMANGA','2020-12-17 09:29:32','2020-12-17 09:29:32',NULL),(20,NULL,NULL,'PUENTE NACIONAL','2020-12-17 09:29:32','2020-12-17 09:29:32',NULL),(21,NULL,NULL,'TUNJA','2020-12-17 09:29:32','2020-12-17 09:29:32',NULL),(22,NULL,NULL,'CARTAGENA','2020-12-17 09:29:32','2020-12-17 09:29:32',NULL),(23,NULL,NULL,'SAN MARCOS','2020-12-17 09:29:32','2020-12-17 09:29:32',NULL),(24,NULL,NULL,'SOACHA','2020-12-17 09:29:32','2020-12-17 09:29:32',NULL),(25,NULL,NULL,'MEDELLIN','2020-12-17 09:29:32','2020-12-17 09:29:32',NULL),(26,NULL,NULL,'PIEDECUESTA','2020-12-17 09:29:32','2020-12-17 09:29:32',NULL),(27,NULL,NULL,'ARMENIA','2020-12-17 09:29:32','2020-12-17 09:29:32',NULL),(28,NULL,NULL,'RIONEGRO','2020-12-17 09:29:32','2020-12-17 09:29:32',NULL),(29,NULL,NULL,'TULUA','2020-12-17 09:29:32','2020-12-17 09:29:32',NULL),(30,NULL,NULL,'MANIZALES','2020-12-17 09:29:33','2020-12-17 09:29:33',NULL),(31,NULL,NULL,'GUADALAJARA DE BUGA','2020-12-17 09:29:33','2020-12-17 09:29:33',NULL),(32,NULL,NULL,'IBAGUE','2020-12-17 09:29:33','2020-12-17 09:29:33',NULL),(33,NULL,NULL,'RIOHACHA','2020-12-17 09:29:33','2020-12-17 09:29:33',NULL),(34,NULL,NULL,'FUSAGASUGA','2020-12-17 09:29:33','2020-12-17 09:29:33',NULL),(35,NULL,NULL,'FUNZA','2020-12-17 09:29:33','2020-12-17 09:29:33',NULL),(36,NULL,NULL,'CAJICA','2020-12-17 09:29:33','2020-12-17 09:29:33',NULL),(37,NULL,NULL,'SAN PEDRO','2020-12-17 09:29:33','2020-12-17 09:29:33',NULL),(38,NULL,NULL,'MONTERIA','2020-12-17 09:29:33','2020-12-17 09:29:33',NULL);
/*!40000 ALTER TABLE `ciudades` ENABLE KEYS */;
UNLOCK TABLES;

--
-- Table structure for table `clientes`
--

DROP TABLE IF EXISTS `clientes`;
/*!40101 SET @saved_cs_client     = @@character_set_client */;
/*!50503 SET character_set_client = utf8mb4 */;
CREATE TABLE `clientes` (
  `id` int NOT NULL,
  `ciudades_id` int DEFAULT NULL,
  `users_id` int unsigned NOT NULL,
  `tipodocumento` char(2) NOT NULL DEFAULT 'CC',
  `documento` bigint NOT NULL,
  `nombres` varchar(100) NOT NULL,
  `apellidos` varchar(100) DEFAULT NULL,
  `fechanto` date DEFAULT NULL,
  `sexo` char(1) DEFAULT NULL,
  `estado_civil` varchar(200) DEFAULT NULL,
  `direccion` varchar(100) DEFAULT NULL,
  `centro_costo` varchar(100) DEFAULT NULL,
  `cargo` varchar(100) DEFAULT NULL,
  `pension` char(100) DEFAULT NULL,
  `cesantias` char(100) DEFAULT NULL,
  `caja_compensacion` char(100) DEFAULT NULL,
  `cuenta` char(100) DEFAULT NULL,
  `banco` char(100) DEFAULT NULL,
  `vinculacion` char(1) DEFAULT NULL,
  `tipo_contratacion` varchar(100) DEFAULT NULL,
  `grado` varchar(100) DEFAULT NULL,
  `celular` varchar(20) DEFAULT NULL,
  `telefono` varchar(200) DEFAULT NULL,
  `correo` varchar(100) DEFAULT NULL,
  `estado` char(1) DEFAULT NULL,
  `ingresos` bigint DEFAULT NULL,
  `created_at` datetime NOT NULL,
  `updated_at` datetime NOT NULL,
  `deleted_at` datetime DEFAULT NULL,
  PRIMARY KEY (`id`),
  KEY `fk_clientes_ciudades` (`ciudades_id`),
  KEY `fk_clientes_users` (`users_id`),
  CONSTRAINT `fk_clientes_ciudades` FOREIGN KEY (`ciudades_id`) REFERENCES `ciudades` (`id`),
  CONSTRAINT `fk_clientes_users` FOREIGN KEY (`users_id`) REFERENCES `users` (`id`)
) ENGINE=InnoDB DEFAULT CHARSET=latin1;
/*!40101 SET character_set_client = @saved_cs_client */;

--
-- Dumping data for table `clientes`
--

LOCK TABLES `clientes` WRITE;
/*!40000 ALTER TABLE `clientes` DISABLE KEYS */;
INSERT INTO `clientes` VALUES (1,1,1,'CC',1546154,'Prueba','sadnasjkdas','1994-02-09','M','SOL',NULL,NULL,'Ingeniero de desarrollo',NULL,NULL,NULL,NULL,NULL,NULL,'Indefinido',NULL,NULL,NULL,NULL,NULL,3000000,'2021-02-09 15:45:36','2021-02-09 15:45:36',NULL),(2,13,1,'CC',7247703,'LEONARDO OVIEDO','GONZALEZ','1959-01-17','M',NULL,NULL,'MINDEFENSA','jubilado',NULL,NULL,NULL,NULL,NULL,NULL,NULL,NULL,'3112665929',NULL,'hercules1935@yahoo.com',NULL,2406991,'2021-02-10 21:23:00','2021-02-20 00:56:06',NULL),(3,6,1,'CC',34542698,'DORIS DEL CARMEN','MEDINA BELALCAZAR','1963-06-28','F','SOL',NULL,'FOPEP','Pensión de Gracia',NULL,NULL,NULL,NULL,NULL,NULL,'Indefinido',NULL,'3154995881',NULL,'dalmata.pecas@hotmail.com',NULL,781242,'2021-02-11 09:22:33','2021-02-11 09:22:33',NULL),(4,6,1,'CC',25602525,'Carmencita','balanta angulo','1973-01-01','F','SOL',NULL,'Sed Cauca','docente',NULL,NULL,NULL,NULL,NULL,'d','Fijo',NULL,'3504197785',NULL,'CORREO@CORREO.COM',NULL,3641927,'2021-02-15 20:49:14','2021-02-15 20:49:14',NULL),(5,1,1,'CC',29614277,'CARMENZA','MURIEL','1964-04-26','F','SOL',NULL,'SED VALLE','docente',NULL,NULL,NULL,NULL,NULL,'d','Indefinido',NULL,'3153390502',NULL,NULL,NULL,3919989,'2021-02-15 21:01:26','2021-02-15 21:01:26',NULL),(6,1,1,'CC',14576495,'DANIEL','CASTILLO MEZA','1974-09-10','M','SOL',NULL,'SED VALLE','docente',NULL,NULL,NULL,NULL,NULL,'d','Indefinido',NULL,NULL,NULL,NULL,NULL,2067013,'2021-02-15 21:10:29','2021-02-15 21:10:29',NULL),(7,1,1,'CC',10519772,'EDGAR EDUARDO','CORAL','1944-03-28','M','SOL',NULL,'COLPENSIONES','JUBILADO',NULL,NULL,NULL,NULL,NULL,'d',NULL,NULL,NULL,NULL,NULL,NULL,828116,'2021-02-15 21:19:11','2021-02-15 21:19:11',NULL),(8,1,1,'CC',29184368,'ALBA MARY','DIAZ CAMACHO','1947-04-24','F','SOL',NULL,'COLPENSIONES','PENSION DE GRACIA',NULL,NULL,NULL,NULL,NULL,NULL,NULL,NULL,'3117191467',NULL,'albamary@hotmail.com',NULL,923478,'2021-02-15 22:32:48','2021-02-15 22:32:48',NULL),(9,1,1,'CC',4658007,'ANTONIO','PITTO NACHE','1948-11-04','M','SOL',NULL,'FIDUPREVISIORA','PENSION DE GRACIA',NULL,NULL,NULL,NULL,NULL,NULL,'Indefinido',NULL,'3148491850',NULL,'micorreo@hotmail.com',NULL,2924875,'2021-02-15 23:03:05','2021-02-15 23:03:05',NULL),(10,1,1,'CC',16775987,'ARTURO','MURIEL','1970-07-15','M','SOL',NULL,'SEM CALI','EDUCADOR',NULL,NULL,NULL,NULL,NULL,'d','Indefinido',NULL,NULL,'3288883','murielarturo80@gmail.com',NULL,2577817,'2021-02-16 22:11:33','2021-02-16 22:11:33',NULL),(11,1,1,'CC',14976014,'AURELIANO','LLANTEN','1951-09-23','M','SOL',NULL,'COLPENSIONES','PENSION DE GRACIA',NULL,NULL,NULL,NULL,NULL,NULL,'Indefinido',NULL,'3163099459',NULL,NULL,NULL,4617133,'2021-02-16 23:03:50','2021-02-16 23:03:50',NULL),(12,1,1,'CC',6325842,'CARLOS ANDRES','VASQUEZ GIL','1974-04-11','M','SOL',NULL,'SED VALLE','CELADOR',NULL,NULL,NULL,NULL,NULL,NULL,'Indefinido',NULL,'3172950839',NULL,NULL,NULL,1876584,'2021-02-16 23:11:46','2021-02-16 23:11:46',NULL),(13,18,1,'CC',66736823,'DORIS','HURTADO SUAREZ','1969-12-17','F','SOL',NULL,'SEM BUENAVENTURA','EDUCADOR',NULL,NULL,NULL,NULL,NULL,'d','Indefinido',NULL,'3116809909',NULL,NULL,NULL,3726690,'2021-02-16 23:19:42','2021-02-16 23:19:42',NULL),(14,1,1,'CC',94289031,'ASDRUBAL','MORALES GIRALDO','1984-06-12','M','SOL',NULL,'SED VALLE','ADMINISTRATIVO',NULL,NULL,NULL,NULL,NULL,NULL,'Indefinido',NULL,'3218601269',NULL,'mga7364@gmail.com',NULL,2201378,'2021-02-16 23:26:21','2021-02-16 23:26:21',NULL),(15,1,1,'CC',31162312,'ALBA INES','GARCIA DE ROA','1958-07-21','M','SOL',NULL,'COLPENSIONES','PENSION DE GRACIA',NULL,NULL,NULL,NULL,NULL,NULL,NULL,NULL,'3223789543',NULL,'albainesgarcia@gmail.com',NULL,877803,'2021-02-16 23:34:40','2021-02-16 23:34:40',NULL),(16,1,1,'CC',66702644,'ALBA LUCIA','BARRIOS GARCIA','1965-06-30','F','SOL',NULL,'SED VALLE','docente',NULL,NULL,NULL,NULL,NULL,'d','Indefinido',NULL,'3117290316',NULL,'alba.lucia@hotmail.com',NULL,2209679,'2021-02-16 23:47:43','2021-02-16 23:47:43',NULL),(17,1,1,'CC',41464750,'ANA GLADYS','RODRIGUEZ DE TARAZONA','1949-08-29','F','SOL',NULL,'COLPENSIONES','JUBILADO',NULL,NULL,NULL,NULL,NULL,NULL,NULL,NULL,NULL,NULL,NULL,NULL,2949780,'2021-02-16 23:58:27','2021-02-16 23:58:27',NULL),(18,1,1,'CC',29562775,'CARMEN ELISA','ARANGO ARCE','1954-03-25','F','SOL',NULL,'FOPEP','PENSION DE GRACIA',NULL,NULL,NULL,NULL,NULL,NULL,NULL,NULL,'3147895932',NULL,'carmenarango54@hotmail.com',NULL,1087556,'2021-02-17 00:08:51','2021-02-17 00:08:51',NULL),(19,1,1,'CC',31161113,'ELIZABETH','DIAZ','1962-06-15','F','SOL',NULL,'SED VALLE','EDUCADOR',NULL,NULL,NULL,NULL,NULL,'d','Indefinido',NULL,'3147733557',NULL,'e.diaz08@hotmail.com',NULL,2478603,'2021-02-17 00:27:24','2021-02-17 00:27:24',NULL),(20,1,1,'CC',29532932,'AIDA RUT','OCHOA MONTERO','1964-02-24','F','SOL',NULL,'SED VALLE','EDUCADOR',NULL,NULL,NULL,NULL,NULL,'d','Indefinido',NULL,'3116107778',NULL,'aidaruth24@hotmail.com',NULL,2887219,'2021-02-17 00:35:31','2021-02-17 00:35:31',NULL),(21,13,1,'CC',11221656,'ALEXANDER','CAMACHO MARTINEZ','1977-11-22','M','SOL',NULL,'CREMIL','JUBILADO',NULL,NULL,NULL,NULL,NULL,NULL,NULL,NULL,'3023748889',NULL,'alexander11camacho@gmail.com',NULL,1849759,'2021-02-17 22:38:06','2021-02-17 22:38:06',NULL),(22,1,1,'CC',11322450,'ALFONSO MARINO','ARCILA NUÑEZ','1974-10-08','M','SOL',NULL,'CASUR','JUBILADO',NULL,NULL,NULL,NULL,NULL,NULL,NULL,NULL,'3205991603',NULL,NULL,NULL,3026576,'2021-02-17 23:18:51','2021-02-17 23:18:51',NULL),(23,13,1,'CC',11803399,'ALFREDO','AGUALIMPIA ROA','1972-09-16','M','SOL',NULL,'CASUR','PENSION DE GRACIA',NULL,NULL,NULL,NULL,NULL,NULL,NULL,NULL,'3126597177',NULL,'alfredo.agualimpia399@casur.gov.co',NULL,3099504,'2021-02-17 23:27:32','2021-02-17 23:27:32',NULL),(24,1,1,'CC',29914940,'AYDEE','BUENO RIOS','1954-01-11','F','SOL',NULL,'FIDUPREVISIORA','PENSION DE GRACIA',NULL,NULL,NULL,NULL,NULL,NULL,NULL,NULL,NULL,NULL,NULL,NULL,2297454,'2021-02-17 23:40:54','2021-02-17 23:40:54',NULL),(25,21,1,'CC',6751115,'ANGEL EUGENIO','ALMANZA ROMERO','1950-04-29','M','SOL',NULL,'FOPEP','JUBILADO',NULL,NULL,NULL,NULL,NULL,NULL,NULL,NULL,'3124821449',NULL,'ALMANZAROM3@GMAIL.COM',NULL,2451391,'2021-02-17 23:48:07','2021-02-17 23:48:07',NULL),(26,6,1,'CC',25267779,'AURA MARINA','LOPEZ BURBANO','1947-04-18','F','SOL',NULL,'FOPEP','JUBILADO',NULL,NULL,NULL,NULL,NULL,NULL,NULL,NULL,'3105026057',NULL,'aura25lopez@gmail.com',NULL,1865680,'2021-02-18 00:02:13','2021-02-18 00:02:13',NULL),(27,1,1,'CC',41540068,'BLANCA CECILIA','CAMARGO DIAZ','1959-04-05','F','SOL',NULL,'FOPEP','JUBILADO',NULL,NULL,NULL,NULL,NULL,NULL,NULL,NULL,'3134435908',NULL,'blancaceciliacamargo@gmail.com',NULL,4214351,'2021-02-18 00:24:11','2021-02-18 00:24:11',NULL),(28,13,1,'CC',41441296,'BLANCA MARIA','VARGAS DE LONDOÑO','1949-02-24','F','SOL',NULL,'COLPENSIONES','JUBILADO',NULL,NULL,NULL,NULL,NULL,NULL,NULL,NULL,'3112377230',NULL,'lonvar2004@yahoo.es',NULL,6687031,'2021-02-18 00:42:05','2021-02-18 00:42:05',NULL),(29,13,1,'CC',79450871,'CARLOS ALBERTO','SARMIENTO MUÑOZ','1968-05-08','M','SOL',NULL,'COLPENSIONES','JUBILADO',NULL,NULL,NULL,NULL,NULL,NULL,NULL,NULL,'3012102008',NULL,'dagomezgnb@gmail.com',NULL,1880253,'2021-02-18 00:52:26','2021-02-18 00:52:26',NULL),(30,13,1,'CC',79267989,'CARLOS ALFONSO','PUENTES TORRES','1963-02-28','M','SOL',NULL,'COLPENSIONES','INVALIDEZ',NULL,NULL,NULL,NULL,NULL,NULL,NULL,NULL,'3185328789',NULL,'cpuentestorres@gmail.com',NULL,5300960,'2021-02-18 01:01:19','2021-02-18 01:01:19',NULL),(31,1,1,'CC',1061718162,'CARLOS ANDRES','GOMEZ CERON','1989-04-29','M','SOL',NULL,'POLICIA NAL','PATRULLERO',NULL,NULL,NULL,NULL,NULL,NULL,NULL,NULL,'3218794921',NULL,'carlos.gomez4021@correo.policia.gov.co',NULL,2383278,'2021-02-18 22:05:42','2021-02-18 22:05:42',NULL),(32,9,1,'CC',5092828,'CARLOS JOSE','OVALLOS PEÑARANDA','1984-10-08','M','SOL',NULL,'COLPENSIONES','JUBILADO',NULL,NULL,NULL,NULL,NULL,NULL,NULL,NULL,'3135048914',NULL,'carlos-j2248@hotmail.com',NULL,25111887,'2021-02-18 22:15:25','2021-02-18 22:15:25',NULL),(33,9,1,'CC',1023880201,'CARLOS MARIO','ARCILA ECHEVERRY','1988-11-21','M','SOL',NULL,'SEM VALLEDUPAR','SUBOFICIAL',NULL,NULL,NULL,NULL,NULL,NULL,NULL,NULL,'3132430318',NULL,'carlos.arcila2161@correo.policia.gov.co',NULL,2875658,'2021-02-18 22:21:34','2021-02-18 22:21:34',NULL),(34,13,1,'CC',88196325,'CARLOS ALBERTO','MARQUEZ GELVEZ','1972-04-23','M','SOL',NULL,'CREMIL','JUBILADO',NULL,NULL,NULL,NULL,NULL,NULL,NULL,NULL,'3125049331',NULL,'camg0423@hotmail.com',NULL,3154504,'2021-02-18 22:27:13','2021-02-18 22:27:13',NULL),(35,16,1,'CC',19084066,'CARLOS ARTURO','PADILLA','1949-10-12','M','SOL',NULL,'COLPENSIONES','JUBILADO',NULL,NULL,NULL,NULL,NULL,NULL,NULL,NULL,'3138691176',NULL,'carlospadilla49@hotmail.com',NULL,1279176,'2021-02-18 22:32:58','2021-02-18 22:32:58',NULL),(36,1,1,'CC',20440908,'CARMEN AIXA','BARBOSA VELASQUEZ','1955-08-01','M','SOL',NULL,'FIDUPREVISIORA','JUBILADO',NULL,NULL,NULL,NULL,NULL,NULL,NULL,NULL,'3115223908',NULL,'ange1751@hotmail.com',NULL,2844664,'2021-02-18 22:40:35','2021-02-18 22:40:35',NULL),(37,1,1,'CC',66746238,'CLAUDIA PATRICIA','PINEDA LOPEZ','1972-06-18','F','SOL',NULL,'CAGEN-TEGEN','JUBILADO',NULL,NULL,NULL,NULL,NULL,NULL,NULL,NULL,'3155044778',NULL,'claudia061872@hotmail.com',NULL,877803,'2021-02-18 22:47:45','2021-02-18 22:47:45',NULL),(38,6,1,'CC',1480215,'CRUZ ANTONIO','MALAGA GONZALES','1954-05-03','M','SOL',NULL,'FIDUPREVISIORA','JUBILADO',NULL,NULL,NULL,NULL,NULL,NULL,NULL,NULL,'3162756824',NULL,'cruzmalaga1954@gmail.com',NULL,1023347,'2021-02-18 22:54:57','2021-02-18 22:54:57',NULL),(39,1,1,'CC',16892143,'DANILO ALEXANDRE','REYES TROCHEZ','1978-07-08','M','SOL',NULL,'SED VALLE','EDUCADOR',NULL,NULL,NULL,NULL,NULL,NULL,NULL,NULL,'3122963834',NULL,'reydan78@gmail.com',NULL,3801619,'2021-02-18 23:30:25','2021-02-18 23:30:25',NULL),(40,1,1,'CC',19257376,'DANIRO','AGUDELO VALENCIA','1954-12-30','M','SOL',NULL,'FOPEP','JUBILADO',NULL,NULL,NULL,NULL,NULL,NULL,NULL,NULL,'3127404721',NULL,'mary.agudelo.p@gmail.com',NULL,877803,'2021-02-18 23:36:50','2021-02-18 23:36:50',NULL),(41,9,1,'CC',51891789,'DERLY ASMID','FORERO MUÑOZ','1968-09-01','F','SOL',NULL,'COLPENSIONES','JUBILADO',NULL,NULL,NULL,NULL,NULL,NULL,NULL,NULL,'3173414016',NULL,'fderly12@gmail.com',NULL,877803,'2021-02-18 23:43:51','2021-02-18 23:43:51',NULL),(42,1,1,'CC',66885585,'DIANA LUCIA','HERRERA','1969-06-16','F','SOL',NULL,'PROTECCION','JUBILADO',NULL,NULL,NULL,NULL,NULL,NULL,NULL,NULL,'3217872612',NULL,'dianaher72@hotmail.com',NULL,877803,'2021-02-18 23:54:58','2021-02-18 23:54:58',NULL),(43,1,1,'CC',3321604,'DONACIANA','HERNANDEZ PALACIOS','1966-08-31','M','SOL',NULL,'FIDUPREVISIORA','JUBILADO',NULL,NULL,NULL,NULL,NULL,NULL,NULL,NULL,'3182779037',NULL,'madona31@hotmail.com',NULL,3894878,'2021-02-19 00:17:09','2021-02-19 00:17:09',NULL),(44,1,1,'CC',14990808,'EDGAR','BORJA CHAVERRA','1952-07-23','M','SOL',NULL,'COLPENSIONES','PENSION DE GRACIA',NULL,NULL,NULL,NULL,NULL,NULL,NULL,NULL,'3113403677',NULL,'edgarbor@hotmail.com',NULL,2898591,'2021-02-19 00:28:01','2021-02-19 00:28:01',NULL),(45,13,1,'CC',73169963,'EDGAR','DURAN MORENO','1975-04-07','M','SOL',NULL,'CAGEN-TEGEN','JUBILADO',NULL,NULL,NULL,NULL,NULL,NULL,NULL,NULL,'3134540716',NULL,'edumor1975@gmail.com',NULL,2941760,'2021-02-19 19:01:37','2021-02-19 19:01:37',NULL),(46,1,1,'CC',79278985,'EDGAR ENRIQUE','GUIO REYES','1963-05-10','M','SOL',NULL,'CASUR','JUBILADO',NULL,NULL,NULL,NULL,NULL,NULL,NULL,NULL,'3134414630',NULL,'edgargui10@gmail.com',NULL,2204748,'2021-02-19 19:13:22','2021-02-19 19:13:22',NULL),(47,1,1,'CC',84458167,'EDINSON ENRIQUE','URBANEJA CADAVID','1983-09-29','M','SOL',NULL,'EJERCITO NACIONAL','PATRULLERO',NULL,NULL,NULL,NULL,NULL,NULL,NULL,NULL,'3503480950',NULL,'alisdho66@gmail.com',NULL,3430705,'2021-02-19 19:30:34','2021-02-19 19:30:34',NULL),(48,1,1,'CC',25716543,'EDITH','BONILLA CARABALI','1944-11-28','M','SOL',NULL,'FIDUPREVISIORA','JUBILADO',NULL,NULL,NULL,NULL,NULL,NULL,NULL,NULL,NULL,NULL,NULL,NULL,2600058,'2021-02-19 21:33:51','2021-02-19 21:33:51',NULL),(49,1,1,'CC',19191748,'EDUARDO','SARMIENTO SANCHEZ','1951-05-17','M','SOL',NULL,'COLPENSIONES','JUBILADO',NULL,NULL,NULL,NULL,NULL,NULL,NULL,NULL,'3204611747',NULL,'edusarmiento2009@hotmail.com',NULL,7763637,'2021-02-19 21:57:21','2021-02-19 21:57:21',NULL),(50,1,1,'CC',1040358789,'EDWIN DE JESUS','MOSQUERA TARRAS','1989-02-20','M','SOL',NULL,'EJERCITO NACIONAL','PATRULLERO',NULL,NULL,NULL,NULL,NULL,NULL,NULL,NULL,'3102208594',NULL,'edwar202011@hotmail.com',NULL,2913855,'2021-02-19 22:05:23','2021-02-19 22:05:23',NULL),(51,9,1,'CC',42485345,'ELENA MARIA','OLIVELLA GUITIERREZ','1951-01-05','M','SOL',NULL,'FOPEP','JUBILADO',NULL,NULL,NULL,NULL,NULL,NULL,NULL,NULL,'3216527225',NULL,'ceciliaverbel62@gmail.com',NULL,2500938,'2021-02-19 22:17:12','2021-02-19 22:17:12',NULL),(52,9,1,'CC',1476914,'ELIO ISAAC','MUÑOZ LOPEZ','1960-09-14','M','SOL',NULL,'COLPENSIONES','JUBILADO',NULL,NULL,NULL,NULL,NULL,NULL,NULL,NULL,'3006425792',NULL,'elio.4219@hotmail.com',NULL,983446,'2021-02-19 22:33:55','2021-02-19 22:33:55',NULL),(53,1,1,'CC',91351079,'ELKIN RUMALDO','PARRA MARTINEZ','1979-05-17','M','SOL',NULL,'CASUR','JUBILADO',NULL,NULL,NULL,NULL,NULL,NULL,NULL,NULL,'3103470852',NULL,'elkin.parra079@casur.gov.co',NULL,1953400,'2021-02-19 23:01:02','2021-02-19 23:01:02',NULL),(54,1,1,'CC',25559659,'ELSA MARIA','GAITAN VELASQUEZ','1966-03-13','M','SOL',NULL,'Sed Cauca','EDUCADOR',NULL,NULL,NULL,NULL,NULL,'d',NULL,NULL,'3127515465',NULL,'elsagaitan@hotmail.es',NULL,4244314,'2021-02-20 00:08:39','2021-02-20 00:08:39',NULL),(55,19,1,'CC',12578397,'ESTEBAN','LOPEZ PABA','1950-12-12','M','SOL',NULL,'FOPEP','PENSION DE GRACIA',NULL,NULL,NULL,NULL,NULL,NULL,NULL,NULL,'3163500556',NULL,'estebanlopezpaba@hotmail.com',NULL,2851520,'2021-02-20 00:17:21','2021-02-20 00:17:21',NULL),(56,6,1,'CC',25309758,'CARMEN ROSA','BURBANO NAVIA','1954-12-01','F','SOL',NULL,'FOPEP','JUBILADO',NULL,NULL,NULL,NULL,NULL,NULL,NULL,NULL,'3185001938',NULL,'crbn1954@gmail.com',NULL,1949394,'2021-02-20 00:23:56','2021-02-20 00:23:56',NULL),(57,13,1,'CC',53103149,'DIANA CAROLINA','CACUA CORREDOR','1985-09-11','F','SOL',NULL,'POLICIA NAL','EDUCADOR',NULL,NULL,NULL,NULL,NULL,'d',NULL,NULL,NULL,'3234871589','diana.cacua@correo.policia.gov.co',NULL,1542810,'2021-02-20 00:50:22','2021-02-20 00:50:22',NULL),(58,1,1,'CC',29561217,'LEONELLY','MORALES LOPEZ','1946-11-16','F','SOL',NULL,'FOPEP','JUBILADO',NULL,NULL,NULL,NULL,NULL,NULL,NULL,NULL,'3186981528',NULL,NULL,NULL,2483317,'2021-02-20 01:04:23','2021-02-20 01:04:23',NULL),(59,9,1,'CC',77030591,'LIBARDO ELIAS','ACOSTA','1968-07-07','M','SOL',NULL,'COLPENSIONES','JUBILADO',NULL,NULL,NULL,NULL,NULL,NULL,NULL,NULL,'3176462895',NULL,'l-bardo@hotmail.com',NULL,3169013,'2021-02-22 20:23:00','2021-02-22 20:23:00',NULL),(60,1,1,'CC',25654255,'LIBIA','VIAFARA','1946-12-31','F','SOL',NULL,'COLPENSIONES','JUBILADO',NULL,NULL,NULL,NULL,NULL,NULL,NULL,NULL,'3155743846',NULL,'libif2@gmail.com',NULL,877803,'2021-02-22 21:59:26','2021-02-22 21:59:26',NULL),(61,6,1,'CC',48574580,'LORENA CRISTINA','GIRON NUÑEZ','1981-04-14','F','SOL',NULL,'Sed Cauca','EDUCADOR',NULL,NULL,NULL,NULL,NULL,'d',NULL,NULL,'3122072063',NULL,'nenacauca@gmail.com',NULL,2209679,'2021-02-22 23:25:19','2021-02-22 23:25:19',NULL),(62,6,1,'CC',29328703,'LUCILA','GOMEZ BARRERA','1960-12-17','F','SOL',NULL,'SED VALLE','DOCENTE',NULL,NULL,NULL,NULL,NULL,NULL,NULL,NULL,'3103963876',NULL,'lugoba17@hotmail.com',NULL,2209679,'2021-02-22 23:48:19','2021-02-22 23:48:19',NULL),(63,1,1,'CC',16241549,'LUIS BERNARDO','BUITRAGO ARBOLEDA','1947-05-28','M','SOL',NULL,'COLPENSIONES','JUBILADO',NULL,NULL,NULL,NULL,NULL,NULL,NULL,NULL,'3135019650',NULL,NULL,NULL,7773340,'2021-02-22 23:59:57','2021-02-22 23:59:57',NULL),(64,32,1,'CC',80734976,'LUIS ERNESTO','BERNAL ROJAS','1982-12-14','M','SOL',NULL,'POLICIA NAL','PATRULLERO',NULL,NULL,NULL,NULL,NULL,NULL,NULL,NULL,'3108516840',NULL,'bernalluis.14@gmail.com',NULL,3351638,'2021-02-23 00:19:00','2021-02-23 00:19:00',NULL),(65,1,1,'CC',51874034,'LUISA DELIA','LOZANO MONTAÑO','1967-11-05','F','SOL',NULL,'COLPENSIONES','JUBILADO',NULL,NULL,NULL,NULL,NULL,NULL,NULL,NULL,'3154202261',NULL,'llozano.maria@hotmail.com',NULL,908526,'2021-02-23 00:41:48','2021-02-23 00:41:48',NULL),(66,1,1,'CC',31857527,'LUZ MARINA','LOPEZ CORDOBA','1960-08-28','F','SOL',NULL,'SEM CALI','ADMINISTRATIVO',NULL,NULL,NULL,NULL,NULL,NULL,NULL,NULL,NULL,NULL,NULL,NULL,4244314,'2021-02-23 22:32:52','2021-02-23 22:32:52',NULL),(67,1,1,'CC',30660609,'MANUELA DE JESUS','ORTIZ NUÑEZ','1976-07-23','F','SOL',NULL,'CASUR','JUBILADO',NULL,NULL,NULL,NULL,NULL,NULL,NULL,NULL,'3146344356',NULL,'marialau1988@hotmail.com',NULL,2547711,'2021-02-23 23:45:22','2021-02-23 23:45:22',NULL),(68,6,1,'CC',4760576,'MARCIAL','GOLU','1951-02-21','M','SOL',NULL,'COLPENSIONES','JUBILADO',NULL,NULL,NULL,NULL,NULL,NULL,NULL,NULL,'3136969881',NULL,'golumarcial@gmail.com',NULL,882057,'2021-02-23 23:57:58','2021-02-23 23:57:58',NULL),(69,21,1,'CC',24233826,'MARGARITA','PACHECO FONSECA','1956-09-15','F','SOL',NULL,'FOPEP','JUBILADO',NULL,NULL,NULL,NULL,NULL,NULL,NULL,NULL,'3203304722',NULL,'MARGOTPACHE@HOTMAIL.COM',NULL,3343850,'2021-02-24 00:12:23','2021-02-24 00:12:23',NULL),(70,13,1,'CC',79065044,'HECTOR ARNULFO','RODRIGUEZ PORRAS','1979-10-14','M','SOL',NULL,'CASUR','Jubilado',NULL,NULL,NULL,NULL,NULL,NULL,NULL,NULL,'3125231098',NULL,'hrporras_82@hotmail.com',NULL,2505000,'2021-02-24 11:20:02','2021-02-24 11:20:02',NULL),(71,13,1,'CC',39535418,'MARIA DEL PILAR','SILVA  GORDILLO','1965-03-25','F','SOL',NULL,'MINDEFENSA PENSIONADOS','JUBILADO',NULL,NULL,NULL,NULL,NULL,NULL,NULL,NULL,'3107762048',NULL,'pilarg334@gmail.com',NULL,1635742,'2021-02-24 18:51:01','2021-02-24 18:51:01',NULL),(72,1,1,'CC',33212021,'MARIA ISABEL','GOMEZ CASSALETH','1956-01-06','F','SOL',NULL,'MINDEFENSA PENSIONADOS','JUBILADO',NULL,NULL,NULL,NULL,NULL,NULL,NULL,NULL,'3134095979',NULL,'mariaisabelgomez10@gmail.com',NULL,1937737,'2021-02-24 19:38:29','2021-02-24 19:38:29',NULL),(73,32,1,'CC',28756506,'MARIA JUSTINA','MURILLO RODRIGUEZ','1954-05-11','F','SOL',NULL,'COLPENSIONES','JUBILADO',NULL,NULL,NULL,NULL,NULL,NULL,NULL,NULL,'3133776635',NULL,'mariajus2020@gmail.com',NULL,1267802,'2021-02-24 20:50:19','2021-02-24 20:50:19',NULL),(74,1,1,'CC',16859048,'JOSE ARNULFO','HOLGUIN HOLGUIN','1969-02-27','M','SOL',NULL,'SED VALLE','EDUCADOR',NULL,NULL,NULL,NULL,NULL,'d',NULL,NULL,'3013617831',NULL,'profeholguin@hotmail.com',NULL,2209679,'2021-02-25 16:27:18','2021-02-25 16:27:18',NULL),(75,6,1,'CC',10530977,'JESUS DANIEL','TOBAR PLAZA','1953-04-27','M','SOL',NULL,'FOPEP','JUBILADO',NULL,NULL,NULL,NULL,NULL,NULL,NULL,NULL,'3163694834',NULL,NULL,NULL,3486342,'2021-02-25 16:36:20','2021-02-25 16:36:20',NULL),(76,6,1,'CC',31,'YADY ALEXANDRA','CORDOBA GALLEGO','1977-10-28','F','SOL',NULL,'SEM POPAYAN','ADMINISTRATIVO',NULL,NULL,NULL,NULL,NULL,NULL,NULL,NULL,'3188737392',NULL,NULL,NULL,2146094,'2021-02-25 17:08:48','2021-02-25 17:08:48',NULL),(77,1,1,'CC',66817410,'LUZ DARY','GOMEZ OSORIO','1967-10-21','F','SOL',NULL,'COLPENSIONES','JUBILADO',NULL,NULL,NULL,NULL,NULL,NULL,NULL,NULL,'3128877766',NULL,NULL,NULL,1902356,'2021-02-25 17:38:28','2021-02-25 17:38:28',NULL),(78,6,1,'CC',31290357,'HORTENCIA','RIASCOS OTERO','1958-10-21','F','SOL',NULL,'FOPEP','JUBILADO',NULL,NULL,NULL,NULL,NULL,NULL,NULL,NULL,'3146848970',NULL,NULL,NULL,974530,'2021-02-25 17:46:47','2021-02-25 17:46:47',NULL),(79,1,1,'CC',38980081,'SONNY','TOBON DUQUE','1946-04-04','F','SOL',NULL,'COLPENSIONES','SUSTITUCION CONYUGUE',NULL,NULL,NULL,NULL,NULL,NULL,NULL,NULL,'3103327372',NULL,NULL,NULL,828116,'2021-02-25 17:58:54','2021-02-25 17:58:54',NULL),(80,1,1,'CC',16602025,'JULIO CESAR','CORONADO PADILLA','1956-08-27','M','SOL',NULL,'FIDUPREVISIORA','JUBILADO',NULL,NULL,NULL,NULL,NULL,NULL,NULL,NULL,NULL,NULL,NULL,NULL,2188027,'2021-02-25 18:19:43','2021-02-25 18:19:43',NULL),(81,1,1,'CC',31145506,'GLORIA AMPARO','DURANGO LOPEZ','1955-10-29','F','SOL',NULL,'SED VALLE','EDUCADOR',NULL,NULL,NULL,NULL,NULL,'d',NULL,NULL,'3128349914',NULL,NULL,NULL,3919989,'2021-02-25 22:57:25','2021-02-25 22:57:25',NULL),(82,1,1,'CC',5209261,'GERMAN','ORTIZ IBARRA','1950-03-16','M','SOL',NULL,'FIDUPREVISIORA','JUBILADO',NULL,NULL,NULL,NULL,NULL,NULL,NULL,NULL,'3205382871',NULL,NULL,NULL,1256316,'2021-02-25 23:25:46','2021-02-25 23:25:46',NULL),(83,1,1,'CC',35892305,'LUZ ALEYDA','RAMIREZ MENA','1980-08-19','F','SOL',NULL,'SED VALLE','EDUCADOR',NULL,NULL,NULL,NULL,NULL,'d',NULL,NULL,'3113350536',NULL,NULL,NULL,1896063,'2021-02-25 23:34:23','2021-02-25 23:34:23',NULL),(84,1,1,'CC',11803556,'LUIS ENRIQUE','RENTERIA COSSIO','1975-10-12','M','SOL',NULL,'SED VALLE','EDUCADOR',NULL,NULL,NULL,NULL,NULL,'d',NULL,NULL,NULL,NULL,NULL,NULL,2067013,'2021-02-25 23:48:53','2021-02-25 23:48:53',NULL),(85,6,1,'CC',25527601,'RUBIELA','BERMUDEZ DE CORDOBA','1959-05-16','F','SOL',NULL,'FOPEP','SUSTITUCION CONYUGUE',NULL,NULL,NULL,NULL,NULL,NULL,NULL,NULL,NULL,NULL,NULL,NULL,857717,'2021-02-25 23:53:17','2021-02-25 23:53:17',NULL),(86,1,1,'CC',14890523,'HUGO BERTO','CAÑON ALVAREZ','1968-04-24','M','SOL',NULL,'SED VALLE','EDUCADOR',NULL,NULL,NULL,NULL,NULL,NULL,NULL,NULL,NULL,NULL,NULL,NULL,2218240,'2021-02-25 23:59:13','2021-02-25 23:59:13',NULL),(87,1,1,'CC',29700942,'ISABEL CRISTINA','GUERRERO ESCOBAR','1961-07-15','F','SOL',NULL,'SED VALLE','ADMINISTRATIVO',NULL,NULL,NULL,NULL,NULL,NULL,NULL,NULL,'3164126604',NULL,NULL,NULL,2094157,'2021-02-26 00:07:49','2021-02-26 00:07:49',NULL),(88,1,1,'CC',31735038,'HILDA MARIA','GUTIERREZ JIMENEZ','1965-12-05','F','SOL',NULL,'SED VALLE','EDUCADOR',NULL,NULL,NULL,NULL,NULL,'d',NULL,NULL,NULL,NULL,NULL,NULL,3919989,'2021-02-26 00:13:53','2021-02-26 00:13:53',NULL),(89,1,1,'CC',31525881,'SUSSY DOBRISQUI','RIVERA MARQUEZ','1966-11-22','M','SOL',NULL,'SED VALLE','EDUCADOR',NULL,NULL,NULL,NULL,NULL,'d',NULL,NULL,NULL,NULL,NULL,NULL,2834135,'2021-02-26 00:21:13','2021-02-26 00:21:13',NULL),(90,1,1,'CC',66702989,'SANDRA PATRICIA','ROJAS OSORIO','1970-08-21','F','SOL',NULL,'SED VALLE','EDUCADOR',NULL,NULL,NULL,NULL,NULL,NULL,NULL,NULL,NULL,NULL,NULL,NULL,3441918,'2021-02-26 00:28:50','2021-02-26 00:28:50',NULL),(91,1,1,'CC',31231731,'GLADYS EMPERATRIZ','VALENCIA DE ZAMBRANO','1949-05-20','F','SOL',NULL,'COLPENSIONES','SUSTITUCION CONYUGUE',NULL,NULL,NULL,NULL,NULL,NULL,NULL,NULL,NULL,NULL,NULL,NULL,2178323,'2021-02-26 00:33:11','2021-02-26 00:33:11',NULL),(92,1,1,'CC',66851950,'MARTHA','VALENCIA RENDON','1972-07-20','F','SOL',NULL,'SED VALLE','EDUCADOR',NULL,NULL,NULL,NULL,NULL,'d',NULL,NULL,NULL,NULL,NULL,NULL,3441918,'2021-02-26 00:37:25','2021-02-26 00:37:25',NULL),(93,1,1,'CC',16769953,'HEYNER','MORALES GUZMAN','1969-10-08','M','SOL',NULL,'CASUR','PENSION DE GRACIA',NULL,NULL,NULL,NULL,NULL,NULL,NULL,NULL,'3172859163',NULL,'heyner.morales953@casur.gov.co',NULL,2372736,'2021-03-01 11:26:40','2021-03-01 11:26:40',NULL),(94,1,1,'CC',11371524,'ISMAEL ALFONSO','BENAVIDES NIÑO','1948-12-06','M','SOL',NULL,'FIDUPREVISORA','JUBILADO',NULL,NULL,NULL,NULL,NULL,NULL,NULL,NULL,'3134750769',NULL,'carlosandres8839@hotmail.com',NULL,1568126,'2021-03-01 12:59:22','2021-03-01 12:59:22',NULL),(95,6,1,'CC',19370422,'JAIME ALBERTO','BARCO NOGUERA','1959-05-18','M','SOL',NULL,'FIDUPREVISORA','JUBILADO',NULL,NULL,NULL,NULL,NULL,NULL,NULL,NULL,'3502397578',NULL,'jalbano18@hotmail.com',NULL,2579241,'2021-03-01 14:41:09','2021-03-01 14:41:09',NULL),(96,1,1,'CC',1086136797,'JAIRO ANDRES','BARCO VALLEJO','1992-08-14','M','SOL',NULL,'POLICIA NAL','PATRULLERO',NULL,NULL,NULL,NULL,NULL,NULL,NULL,NULL,'3108454634',NULL,'jairo.barco1672@correo.policia.gov.co',NULL,2338418,'2021-03-01 15:36:24','2021-03-01 15:36:24',NULL),(97,1,1,'CC',6184382,'JAIRO','ARIAS MORALES','1944-01-10','M','SOL',NULL,'COLPENSIONES','JUBILADO',NULL,NULL,NULL,NULL,NULL,NULL,NULL,NULL,NULL,NULL,NULL,NULL,5602813,'2021-03-01 16:20:25','2021-03-01 16:20:25',NULL),(98,6,1,'CC',10528430,'JAIRO ENRRIQUE','YUSI BELTRAN','1954-08-28','M','SOL',NULL,'COLPENSIONES','JUBILADO',NULL,NULL,NULL,NULL,NULL,NULL,NULL,NULL,'3185001938',NULL,'yustijairo2@gmail.com',NULL,877803,'2021-03-01 16:48:52','2021-03-01 16:48:52',NULL),(99,1,1,'CC',94229091,'JAVIER','GRUESO VALLENCILLA','1974-03-16','M','SOL',NULL,'CASUR',NULL,NULL,NULL,NULL,NULL,NULL,NULL,NULL,NULL,'3173020043',NULL,'javier.grueso091@casur.gov.co',NULL,2505001,'2021-03-01 17:04:59','2021-03-01 17:04:59',NULL),(100,1,1,'CC',6756048,'JESUS ELIAS','CORDOBA VALENCIA','1953-12-06','M','SOL',NULL,'COLPENSIONES','PENSION DE GRACIA',NULL,NULL,NULL,NULL,NULL,NULL,NULL,NULL,'3143944803',NULL,'eliascordoba17@gmail.com',NULL,3639847,'2021-03-01 19:12:29','2021-03-01 19:12:29',NULL),(101,6,1,'CC',14967385,'JESUS DAVID','ZUÑIGA GARZON','1950-09-15','M','SOL',NULL,'COLPENSIONES','JUBILADO',NULL,NULL,NULL,NULL,NULL,NULL,NULL,NULL,'3117142999',NULL,'jesusdavidgarzon2019@gmail.com',NULL,913266,'2021-03-01 20:07:40','2021-03-01 20:07:40',NULL),(102,1,1,'CC',31490951,'MARIA YUSSCEFFY','MATURANA GALEANO','1968-05-12','F','SOL',NULL,'SEM CALI','EDUCADOR',NULL,NULL,NULL,NULL,NULL,'d',NULL,NULL,NULL,NULL,NULL,NULL,4387710,'2021-03-01 22:47:46','2021-03-01 22:47:46',NULL),(103,9,1,'CC',33143930,'MARIA TERESA','HERRERA REALES','1952-11-11','F','SOL',NULL,'FIDUPREVISIORA','EDUCADOR',NULL,NULL,NULL,NULL,NULL,'d',NULL,NULL,'3023475530',NULL,'mariaherrerareales@gmail.com',NULL,3886289,'2021-03-01 23:14:46','2021-03-01 23:14:46',NULL),(104,1,1,'CC',14795760,'JOHN JAIRO','CORDOBA LOPEZ','1982-05-07','M','SOL',NULL,'CAGEN-TEGEN','JUBILADO',NULL,NULL,NULL,NULL,NULL,NULL,NULL,NULL,'3227869699',NULL,'john-714@hotmail.com',NULL,1030536,'2021-03-02 19:10:07','2021-03-02 19:10:07',NULL),(105,6,1,'CC',1053807614,'JONNY ALEXANDER','QUINTERO GIRALDO','1990-12-28','M','SOL',NULL,'POLICIA NAL','PATRULLERO',NULL,NULL,NULL,NULL,NULL,NULL,NULL,NULL,'3177109610',NULL,'jonny.quintero3192@correo.policia.gov.co',NULL,2263389,'2021-03-02 19:25:44','2021-03-02 19:25:44',NULL),(106,1,1,'CC',14316876,'JORGE ARMANDO','RODRIGUEZ NAVARRO','1955-03-25','M','SOL',NULL,'COLPENSIONES','JUBILADO',NULL,NULL,NULL,NULL,NULL,NULL,NULL,NULL,NULL,NULL,NULL,NULL,954296,'2021-03-02 19:36:13','2021-03-02 19:36:13',NULL),(107,1,1,'CC',14885221,'JORGE ELIECER','RIVERA GAÑAN','1960-11-07','M','SOL',NULL,'SEM. BUGA','DOCENTE',NULL,NULL,NULL,NULL,NULL,'d',NULL,NULL,'3145269842',NULL,'colobrerobuga@hotmail.com',NULL,4244314,'2021-03-02 19:51:59','2021-03-02 19:51:59',NULL),(108,6,1,'CC',76316466,'JOSE ANTONIO','ESPITIA GALINDO','1965-12-25','M','SOL',NULL,'CASUR','JUBILADO',NULL,NULL,NULL,NULL,NULL,NULL,NULL,NULL,'3166820238',NULL,'espitiagalindojoseantonio@gmail.com',NULL,1977899,'2021-03-02 21:06:36','2021-03-02 21:06:36',NULL),(109,1,1,'CC',16642400,'JOSE ARNOBIO','CAICEDO CAICEDO','1958-05-10','M','SOL',NULL,'COLPENSIONES','JUBILADO',NULL,NULL,NULL,NULL,NULL,NULL,NULL,NULL,NULL,NULL,NULL,NULL,3285786,'2021-03-02 21:20:04','2021-03-02 21:20:04',NULL),(110,1,1,'CC',14982915,'JOSE CAMAL','CRUZ MARTINEZ','1950-12-12','M','SOL',NULL,'COLPENSIONES','JUBILADO',NULL,NULL,NULL,NULL,NULL,NULL,NULL,NULL,'3175641133',NULL,'josecamal1950@gmail.com',NULL,5150146,'2021-03-02 23:30:28','2021-03-02 23:30:28',NULL),(111,1,1,'CC',4277420,'JOSE DEL CRISTO','FONSECA CASTRO','1963-03-08','M','SOL',NULL,NULL,'JUBILADO',NULL,NULL,NULL,NULL,NULL,NULL,NULL,NULL,'3234913636',NULL,NULL,NULL,2656964,'2021-03-03 00:05:52','2021-03-03 00:05:52',NULL),(112,1,1,'CC',2569562,'JOSE MANUEL','DOMINGUEZ LINCE','1943-10-21','M','SOL',NULL,'FIDUPREVISORA','PENSION DE GRACIA',NULL,NULL,NULL,NULL,NULL,NULL,NULL,NULL,'3188144311',NULL,'josem@hotmail.com',NULL,3221197,'2021-03-03 01:21:15','2021-03-03 01:21:15',NULL),(113,9,1,'CC',12713374,'JOSE MARIA','MAYA SOTO','1949-08-22','M','SOL',NULL,'COLPENSIONES','JUBILADO',NULL,NULL,NULL,NULL,NULL,NULL,NULL,NULL,'3016213789',NULL,'josemariamayasoto9@gmail.com',NULL,3684105,'2021-03-03 11:25:39','2021-03-03 11:25:39',NULL),(114,13,1,'CC',19109429,'JOSE VICENTE','PORRAS RODRIGUEZ','1950-06-15','M','SOL',NULL,NULL,'JUBILADO',NULL,NULL,NULL,NULL,NULL,NULL,NULL,NULL,'3058953799',NULL,'jose.porras429@casur.gov.co',NULL,3184949,'2021-03-03 12:03:21','2021-03-03 12:03:21',NULL),(115,1,1,'CC',5983040,'JOSE YESID','BARBOSA SUAREZ','1950-09-29','M','SOL',NULL,'FOPEP','JUBILADO',NULL,NULL,NULL,NULL,NULL,'d',NULL,NULL,'3114820831',NULL,'NOTIENE@GMAIL.COM',NULL,18774222,'2021-03-03 16:57:56','2021-03-03 16:57:56',NULL),(116,1,1,'CC',5918779,'JUAN BAUTISTA','CASTRO TORRES','1942-08-24','M','SOL',NULL,'CASUR','JUBILADO',NULL,NULL,NULL,NULL,NULL,NULL,NULL,NULL,'3144197397',NULL,'micorreo@gmail.com',NULL,1907182,'2021-03-03 18:06:26','2021-03-03 18:06:26',NULL),(117,6,1,'CC',25267086,'JULIA ELIZABETH','GOMEZ GOMEZ','1946-07-26','F','SOL',NULL,'FIDUPREVISORA','JUBILADO',NULL,NULL,NULL,NULL,NULL,NULL,NULL,NULL,NULL,'8364082','julia.67@hotmail.com',NULL,2861312,'2021-03-03 20:55:13','2021-03-03 20:55:13',NULL),(118,1,1,'CC',31259538,'LUZ MARY','BRAVO DE SANCHEZ','1954-02-15','F','SOL',NULL,'FIDUPREVISORA','PENSION DE GRACIA',NULL,NULL,NULL,NULL,NULL,NULL,NULL,NULL,'311726845',NULL,'luzmitabravo@hotmail.com',NULL,3180475,'2021-03-03 23:45:12','2021-03-03 23:45:12',NULL),(119,1,1,'CC',29532767,'LUZ MILA','GONZALEZ OCAMPO','1962-06-06','F',NULL,NULL,'SED. VALLE','ADMINISTRATIVO',NULL,NULL,NULL,NULL,NULL,NULL,NULL,NULL,'3185546674',NULL,'MURIEL@GMAIL.COM',NULL,1876584,'2021-03-04 19:22:49','2021-03-04 19:22:49',NULL),(120,1,1,'CC',31843297,'MARIA LUCIA','VARGAS LOZADA','1958-12-30','F','SOL',NULL,'COLPENSIONES','PENSION DE GRACIA',NULL,NULL,NULL,NULL,NULL,NULL,NULL,NULL,'3117459263',NULL,'julemodi07@gmail.com',NULL,4413519,'2021-03-04 19:58:08','2021-03-04 19:58:08',NULL),(121,1,1,'CC',29532592,'GLORIA INES','PRADO PAREDES','1961-03-26','F','SOL',NULL,'SED. VALLE','DOCENTE',NULL,NULL,NULL,NULL,NULL,'d',NULL,NULL,'3166003593',NULL,'gipradop@gmail.com',NULL,2720141,'2021-03-05 10:41:47','2021-03-05 10:41:47',NULL),(122,1,1,'CC',31521093,'STELLA','RODRIGUEZ RENGIFO','1956-06-06','F','SOL',NULL,'FIDUPREVISORA','PENSION DE GRACIA',NULL,NULL,NULL,NULL,NULL,NULL,NULL,NULL,NULL,NULL,NULL,NULL,3199251,'2021-03-05 11:19:26','2021-03-05 11:19:26',NULL),(123,1,1,'CC',54258690,'YADSY EMILIS','SALAZAR MORENO','1972-08-28','F','SOL',NULL,'SEM. QUIBDÓ','DOCENTE',NULL,NULL,NULL,NULL,NULL,NULL,NULL,NULL,'3204186970',NULL,'yaemisamo09@gmail.com',NULL,4244314,'2021-03-05 16:53:59','2021-03-05 16:53:59',NULL),(124,1,1,'CC',14994341,'IVAN','TRIVIÑO MILLAN','1953-06-11','M','SOL',NULL,'ALCALDÍA CALI','PENSION DE GRACIA',NULL,NULL,NULL,NULL,NULL,NULL,NULL,NULL,'3108935420',NULL,'ivan1953@yahoo.es',NULL,1453770,'2021-03-05 17:25:01','2021-03-05 17:25:01',NULL),(125,1,1,'CC',4325176,'LUIS ALBERTO','HINESTROZA MURCIA','1945-07-12','M','SOL',NULL,'CREMIL','PENSION DE GRACIA',NULL,NULL,NULL,NULL,NULL,NULL,NULL,NULL,'3234892097',NULL,'correo@correo.com',NULL,2843456,'2021-03-05 17:41:31','2021-03-05 17:41:31',NULL),(126,1,1,'CC',38870126,'MARIA FERNANDA','MOLINA CIFUENTES','1969-02-28','F','SOL',NULL,'SEM. BUGA','DOCENTE',NULL,NULL,NULL,NULL,NULL,'d',NULL,NULL,'3165140877',NULL,'mafe@gmail.com',NULL,2478603,'2021-03-05 18:08:55','2021-03-05 18:08:55',NULL),(127,1,1,'CC',31972070,'MARTHA LUCIA','RAMIREZ RAMIRES','1967-01-11','F','SOL',NULL,'FOPEP','INVALIDEZ',NULL,NULL,NULL,NULL,NULL,NULL,NULL,NULL,'3168126320',NULL,'marthaluciaramirez2017@gmail.com',NULL,877803,'2021-03-05 18:31:41','2021-03-05 18:31:41',NULL),(128,1,1,'CC',31529514,'SILVIA ADRIANA','SANDOVAL OCAMPO','1971-02-11','F','SOL',NULL,'SEM. JAMUNDÍ','DOCENTE',NULL,NULL,NULL,NULL,NULL,'d',NULL,NULL,'3165202486',NULL,'sylviesanchez@hotmail.com',NULL,4244314,'2021-03-05 20:33:42','2021-03-05 20:33:42',NULL),(129,1,1,'CC',25276045,'ELVIRA FERNANDO','CABANILLAS','1978-05-08','F','SOL',NULL,'CASUR','PENSION DE GRACIA',NULL,NULL,NULL,NULL,NULL,NULL,NULL,NULL,'3147023030',NULL,'fernanda.cabanillas045@casur.gov.co',NULL,2953646,'2021-03-05 20:55:47','2021-03-05 20:55:47',NULL),(130,1,1,'CC',31904332,'FRANCIA ELENA','POLO ROJAS','1963-07-28','F','SOL',NULL,'FIDUPREVISORA','PENSION DE GRACIA',NULL,NULL,NULL,NULL,NULL,NULL,NULL,NULL,'3115946394',NULL,'micorreo@hotmail.com',NULL,3182004,'2021-03-05 21:15:41','2021-03-05 21:15:41',NULL),(131,1,1,'CC',59666995,'GLORIA CECILIA','SALAZAR','1967-02-17','F','SOL',NULL,'SED. VALLE','DOCENTE',NULL,NULL,NULL,NULL,NULL,'d',NULL,NULL,'3184050684',NULL,'GLORIA0217DOCENTE@HOTMAIL.COM',NULL,2209679,'2021-03-09 08:25:43','2021-03-09 08:25:43',NULL),(132,32,1,'CC',28542354,'IBEL DE LOS ANGELES','RODRIGUEZ OROZCO','1980-02-19','F','SOL',NULL,'SED. TOLIMA','DOCENTE',NULL,NULL,NULL,NULL,NULL,'d',NULL,NULL,'3156987317',NULL,'ibelina19@yahoo.es',NULL,4498961,'2021-03-09 08:42:27','2021-03-09 08:42:27',NULL),(133,1,1,'CC',14896400,'JAIRO HUMBERTO','BOCANEGRA LOZANO','1973-05-08','M','SOL',NULL,'SEM. BUGA','ADMINISTRATIVO',NULL,NULL,NULL,NULL,NULL,NULL,NULL,NULL,'3177322248',NULL,'jairofesava@hotmail.com',NULL,1620927,'2021-03-09 08:56:59','2021-03-09 08:56:59',NULL),(134,1,1,'CC',14969973,'JAIRO','LADINO ROMERO','1950-04-26','M','SOL',NULL,'CASUR','PENSION DE GRACIA',NULL,NULL,NULL,NULL,NULL,NULL,NULL,NULL,'3186414826',NULL,'LADINOROMERO114@GMAIL.COM',NULL,2073986,'2021-03-09 09:13:08','2021-03-09 09:13:08',NULL),(135,32,1,'CC',94150798,'JOSE DONEY','CORREA CASTAÑO','1980-04-05','M','SOL',NULL,NULL,'PENSION DE GRACIA',NULL,NULL,NULL,NULL,NULL,NULL,NULL,NULL,'3156987317',NULL,'josedoney547@hotmail.com',NULL,1510250,'2021-03-09 09:27:05','2021-03-09 09:27:05',NULL),(136,1,1,'CC',66845483,'LIDA','CORTES LANDAZURY','1972-10-08','F','SOL',NULL,'SEM. CALI','DOCENTE',NULL,NULL,NULL,NULL,NULL,'d',NULL,NULL,'3117696662',NULL,'LIDALANDA@GMAIL.COM',NULL,5415622,'2021-03-09 09:58:24','2021-03-09 09:58:24',NULL),(137,6,1,'CC',76321072,'LUIS CARLOS','CALVACHE BUCHELI','1975-02-05','F','SOL',NULL,'SED. CAUCA','DOCENTE',NULL,NULL,NULL,NULL,NULL,'d',NULL,NULL,'3105165750',NULL,'Luiscarloscalvache5@hotmail.com',NULL,3726690,'2021-03-09 10:13:59','2021-03-09 10:13:59',NULL),(138,1,1,'CC',31274206,'LUZ DARY','MUÑOZ DE GONZALEZ','1954-05-25','F','SOL',NULL,'FOPEP','PENSION DE GRACIA',NULL,NULL,NULL,NULL,NULL,NULL,NULL,NULL,'3023883090',NULL,'magsilvestre@hotmail.com',NULL,877803,'2021-03-09 10:31:56','2021-03-09 10:31:56',NULL),(139,1,1,'CC',29699782,'LUZ MARINA','ORTIZ GARCIA','1955-10-31','F','SOL',NULL,'COLPENSIONES','PENSION DE GRACIA',NULL,NULL,NULL,NULL,NULL,NULL,NULL,NULL,NULL,NULL,NULL,NULL,953754,'2021-03-09 10:49:46','2021-03-09 10:49:46',NULL),(140,1,1,'CC',29614952,'MARIA DEL SOCORRO','ALVAREZ GRAJALES','1966-10-29','F','SOL',NULL,'SED. VALLE','DOCENTE',NULL,NULL,NULL,NULL,NULL,'d',NULL,NULL,'3105079191',NULL,'tolialgra@hotmail.com',NULL,4244314,'2021-03-09 11:09:12','2021-03-09 11:09:12',NULL),(141,1,1,'CC',29223504,'MARIA ELENA','RIOS CARDENAS','1947-12-31','F','SOL',NULL,'FOPEP','PENSION DE GRACIA',NULL,NULL,NULL,NULL,NULL,NULL,NULL,NULL,'3235205616',NULL,NULL,NULL,932649,'2021-03-10 00:38:13','2021-03-10 00:38:13',NULL),(142,1,1,'CC',25364013,'MARIA ISABEL','CUADROS MINA','1963-08-20','F','SOL',NULL,'COLPENSIONES','PENSION DE GRACIA',NULL,NULL,NULL,NULL,NULL,NULL,NULL,NULL,'3207660325',NULL,'leivyjohanna@hotmail.com',NULL,877803,'2021-03-10 00:51:38','2021-03-10 00:51:38',NULL),(143,1,1,'CC',66752407,'MONICA ALEXANDRA','TAMAYO TAMAYO','1975-09-20','F','SOL',NULL,'SEM. BUGA','DOCENTE',NULL,NULL,NULL,NULL,NULL,'d','Indefinido',NULL,'3175154094',NULL,'monicatamayo2014@hotmail.com',NULL,2887219,'2021-03-10 01:09:05','2021-07-28 11:34:53',NULL),(144,32,1,'CC',94355672,'ORLANDO','RUIZ OCAMPO','1972-02-09','M','SOL',NULL,'MINDEFENSA PENSIONADOS','PENSION DE GRACIA',NULL,NULL,NULL,NULL,NULL,NULL,NULL,NULL,NULL,NULL,NULL,NULL,1757671,'2021-03-10 21:05:14','2021-03-10 21:05:14',NULL),(145,1,1,'CC',16473347,'RICARDO','CUERO MEJIA','1955-12-12','M','SOL',NULL,'FOPEP','PENSION DE GRACIA',NULL,NULL,NULL,NULL,NULL,NULL,NULL,NULL,'3217541226',NULL,'macecora822@hotmail.com',NULL,2449686,'2021-03-10 21:23:27','2021-03-10 21:23:27',NULL),(146,1,1,'CC',12903346,'NICASIO','VALENCIA SEGUNDO','1947-09-09','M','SOL',NULL,'ALCALDÍA CALI','PENSION DE GRACIA',NULL,NULL,NULL,NULL,NULL,'d',NULL,NULL,'3128777334',NULL,NULL,NULL,1983116,'2021-03-10 21:33:14','2021-03-10 21:33:14',NULL);
/*!40000 ALTER TABLE `clientes` ENABLE KEYS */;
UNLOCK TABLES;

--
-- Table structure for table `clientesadicionales`
--

DROP TABLE IF EXISTS `clientesadicionales`;
/*!40101 SET @saved_cs_client     = @@character_set_client */;
/*!50503 SET character_set_client = utf8mb4 */;
CREATE TABLE `clientesadicionales` (
  `id` int NOT NULL AUTO_INCREMENT,
  `estudios_id` int NOT NULL,
  `cargos_id` int DEFAULT NULL,
  `clave` int DEFAULT NULL,
  `foncolpuertos` char(2) DEFAULT NULL,
  `historialembargos` int DEFAULT NULL,
  `gaf` char(2) DEFAULT NULL,
  `created_at` datetime NOT NULL,
  `updated_at` datetime NOT NULL,
  `deleted_at` datetime DEFAULT NULL,
  PRIMARY KEY (`id`),
  KEY `fk_estudiostr_adicionales` (`estudios_id`),
  KEY `fk_cargos_adicionales` (`cargos_id`),
  CONSTRAINT `fk_cargos_adicionales` FOREIGN KEY (`cargos_id`) REFERENCES `cargos` (`id`),
  CONSTRAINT `fk_estudiostr_adicionales` FOREIGN KEY (`estudios_id`) REFERENCES `estudiostr` (`id`)
) ENGINE=InnoDB DEFAULT CHARSET=latin1;
/*!40101 SET character_set_client = @saved_cs_client */;

--
-- Dumping data for table `clientesadicionales`
--

LOCK TABLES `clientesadicionales` WRITE;
/*!40000 ALTER TABLE `clientesadicionales` DISABLE KEYS */;
/*!40000 ALTER TABLE `clientesadicionales` ENABLE KEYS */;
UNLOCK TABLES;

--
-- Table structure for table `condicionesaf`
--

DROP TABLE IF EXISTS `condicionesaf`;
/*!40101 SET @saved_cs_client     = @@character_set_client */;
/*!50503 SET character_set_client = utf8mb4 */;
CREATE TABLE `condicionesaf` (
  `id` int NOT NULL AUTO_INCREMENT,
  `estudios_id` int NOT NULL,
  `aliados_id` int NOT NULL,
  `plazo` int NOT NULL,
  `tasa` decimal(11,3) DEFAULT NULL,
  `factor` decimal(11,10) DEFAULT NULL,
  `costo` decimal(11,1) DEFAULT NULL,
  `cuota` int DEFAULT NULL,
  `valor_titulos` int DEFAULT NULL,
  `intereses_anticipados` decimal(11,3) DEFAULT NULL,
  `saldo_refinanciacion` int DEFAULT NULL,
  `created_at` datetime NOT NULL,
  `updated_at` datetime NOT NULL,
  `deleted_at` datetime DEFAULT NULL,
  PRIMARY KEY (`id`),
  KEY `fk_estudiostr_condicionesaf` (`estudios_id`),
  KEY `fk_aliados_condicionesaf` (`aliados_id`),
  CONSTRAINT `fk_aliados_condicionesaf` FOREIGN KEY (`aliados_id`) REFERENCES `aliados` (`id`),
  CONSTRAINT `fk_estudiostr_condicionesaf` FOREIGN KEY (`estudios_id`) REFERENCES `estudiostr` (`id`)
) ENGINE=InnoDB AUTO_INCREMENT=105 DEFAULT CHARSET=latin1;
/*!40101 SET character_set_client = @saved_cs_client */;

--
-- Dumping data for table `condicionesaf`
--

LOCK TABLES `condicionesaf` WRITE;
/*!40000 ALTER TABLE `condicionesaf` DISABLE KEYS */;
INSERT INTO `condicionesaf` VALUES (1,6,2,59,1.600,NULL,7.0,0,NULL,0.000,0,'2021-02-22 16:50:54','2021-02-22 17:26:51',NULL),(2,6,7,120,NULL,0.0183149385,NULL,0,NULL,NULL,NULL,'2021-02-22 16:50:54','2021-02-22 17:26:51',NULL),(3,9,2,144,1.600,NULL,5.0,0,NULL,0.000,0,'2021-02-22 20:59:24','2021-02-22 20:59:24',NULL),(4,9,7,132,NULL,0.0185620745,NULL,1390000,NULL,NULL,NULL,'2021-02-22 20:59:24','2021-02-22 20:59:24',NULL),(5,10,2,144,1.600,NULL,5.0,0,NULL,0.000,0,'2021-02-22 23:02:47','2021-02-22 23:02:47',NULL),(6,10,7,108,NULL,0.0199437717,NULL,403000,NULL,NULL,NULL,'2021-02-22 23:02:47','2021-02-22 23:02:47',NULL),(7,11,2,144,1.600,NULL,5.0,0,NULL,0.000,0,'2021-02-22 23:35:00','2021-02-22 23:35:00',NULL),(8,11,7,132,NULL,0.0161498377,NULL,813000,NULL,NULL,NULL,'2021-02-22 23:35:00','2021-02-22 23:35:00',NULL),(9,12,2,15,1.600,NULL,5.0,0,NULL,0.000,0,'2021-02-22 23:54:31','2021-02-22 23:54:31',NULL),(10,12,7,108,NULL,0.0176444734,NULL,800000,NULL,NULL,NULL,'2021-02-22 23:54:31','2021-02-22 23:54:31',NULL),(11,13,1,144,1.600,NULL,5.0,9075,NULL,0.000,0,'2021-02-23 00:08:18','2021-02-23 00:08:18',NULL),(12,13,7,132,NULL,0.0172975706,NULL,1020000,NULL,NULL,NULL,'2021-02-23 00:08:18','2021-02-23 00:08:18',NULL),(13,15,2,53,1.600,NULL,5.0,0,NULL,0.000,0,'2021-02-23 00:32:54','2021-02-23 00:32:54',NULL),(14,15,7,120,NULL,0.0168114970,NULL,249000,NULL,NULL,NULL,'2021-02-23 00:32:54','2021-02-23 00:32:54',NULL),(15,16,2,144,1.600,NULL,5.0,44039,NULL,0.000,0,'2021-02-23 00:49:19','2021-02-23 00:49:19',NULL),(16,16,7,132,NULL,0.0185620745,NULL,370000,NULL,NULL,NULL,'2021-02-23 00:49:19','2021-02-23 00:49:19',NULL),(17,17,2,144,1.600,NULL,5.0,0,NULL,0.000,0,'2021-02-23 22:45:34','2021-02-23 22:45:34',NULL),(18,17,7,132,NULL,0.0161498377,NULL,1300000,NULL,NULL,NULL,'2021-02-23 22:45:34','2021-02-23 22:45:34',NULL),(19,18,2,144,1.600,NULL,5.0,0,NULL,0.000,0,'2021-02-23 23:50:30','2021-02-23 23:50:30',NULL),(20,18,7,132,NULL,0.0169108113,NULL,1140000,NULL,NULL,NULL,'2021-02-23 23:50:30','2021-02-23 23:50:30',NULL),(21,19,2,144,1.600,NULL,5.0,0,NULL,0.000,0,'2021-02-24 00:06:51','2021-02-24 00:06:51',NULL),(22,19,7,132,NULL,0.0185620745,NULL,310000,NULL,NULL,NULL,'2021-02-24 00:06:51','2021-02-24 00:06:51',NULL),(23,20,2,144,1.600,NULL,5.0,0,NULL,0.000,0,'2021-02-24 00:42:44','2021-02-24 00:42:44',NULL),(24,20,7,132,NULL,0.0176883946,NULL,1348000,NULL,NULL,NULL,'2021-02-24 00:42:44','2021-02-24 00:42:44',NULL),(25,21,2,144,1.600,NULL,5.0,0,NULL,3.930,0,'2021-02-24 11:43:05','2021-02-24 11:43:05',NULL),(26,21,7,132,NULL,0.0169108113,NULL,856000,NULL,NULL,NULL,'2021-02-24 11:43:05','2021-02-24 11:43:05',NULL),(27,22,1,60,1.000,NULL,5.0,0,NULL,2.000,0,'2021-02-24 18:58:45','2021-02-24 18:58:45',NULL),(28,22,7,120,NULL,0.0168114970,NULL,0,NULL,NULL,NULL,'2021-02-24 18:58:45','2021-02-24 18:58:45',NULL),(29,25,2,144,1.600,NULL,5.0,0,NULL,0.000,0,'2021-02-24 20:39:51','2021-02-24 20:39:51',NULL),(30,25,7,132,NULL,0.0161498377,NULL,550000,NULL,NULL,NULL,'2021-02-24 20:39:51','2021-02-24 20:39:51',NULL),(31,33,2,144,1.600,NULL,5.0,0,NULL,0.000,0,'2021-03-01 13:34:04','2021-03-01 13:34:04',NULL),(32,33,7,132,NULL,0.0176883946,NULL,690000,NULL,NULL,NULL,'2021-03-01 13:34:04','2021-03-01 13:34:04',NULL),(33,35,2,144,1.600,NULL,5.0,0,NULL,0.000,0,'2021-03-01 15:01:15','2021-03-01 15:01:15',NULL),(34,35,7,132,NULL,0.0169108113,NULL,700000,NULL,NULL,NULL,'2021-03-01 15:01:15','2021-03-01 15:01:15',NULL),(35,36,2,144,1.600,NULL,5.0,0,NULL,0.000,0,'2021-03-01 15:55:04','2021-03-01 15:55:04',NULL),(36,36,7,132,NULL,0.0161498377,NULL,176886,NULL,NULL,NULL,'2021-03-01 15:55:04','2021-03-01 15:55:04',NULL),(37,38,2,144,1.600,NULL,5.0,0,NULL,0.000,0,'2021-03-01 16:52:34','2021-03-01 16:52:34',NULL),(38,38,7,132,NULL,0.0172975706,NULL,400000,NULL,NULL,NULL,'2021-03-01 16:52:34','2021-03-01 16:52:34',NULL),(39,39,2,144,1.600,NULL,5.0,0,NULL,0.000,0,'2021-03-01 17:37:27','2021-03-01 17:37:27',NULL),(40,39,7,120,NULL,0.0175553236,NULL,1043000,NULL,NULL,NULL,'2021-03-01 17:37:27','2021-03-01 17:37:27',NULL),(41,49,2,144,1.600,NULL,5.0,0,NULL,0.000,0,'2021-03-02 19:28:48','2021-03-02 19:28:48',NULL),(42,49,7,132,NULL,0.0161498377,NULL,814000,NULL,NULL,NULL,'2021-03-02 19:28:48','2021-03-02 19:28:48',NULL),(43,50,2,144,1.600,NULL,5.0,0,NULL,0.000,0,'2021-03-02 19:41:21','2021-03-02 19:41:21',NULL),(44,50,7,132,NULL,0.0185620745,NULL,429000,NULL,NULL,NULL,'2021-03-02 19:41:21','2021-03-02 19:41:21',NULL),(45,52,2,144,1.600,NULL,5.0,0,NULL,0.000,0,'2021-03-02 21:10:13','2021-03-02 21:10:13',NULL),(46,52,7,132,NULL,0.0161498377,NULL,921000,NULL,NULL,NULL,'2021-03-02 21:10:13','2021-03-02 21:10:13',NULL),(47,53,2,144,1.600,NULL,5.0,0,NULL,0.000,0,'2021-03-02 21:30:02','2021-03-02 21:30:02',NULL),(48,53,7,132,NULL,0.0185620745,NULL,1800000,NULL,NULL,NULL,'2021-03-02 21:30:02','2021-03-02 21:30:02',NULL),(49,54,2,144,1.600,NULL,5.0,0,NULL,0.000,0,'2021-03-02 23:44:07','2021-03-02 23:44:07',NULL),(50,54,7,132,NULL,0.0185620745,NULL,2250000,NULL,NULL,NULL,'2021-03-02 23:44:07','2021-03-02 23:44:07',NULL),(51,56,2,144,1.600,NULL,5.0,0,NULL,0.000,0,'2021-03-03 01:05:16','2021-03-03 01:05:16',NULL),(52,56,7,132,NULL,0.0161498377,NULL,1273000,NULL,NULL,NULL,'2021-03-03 01:05:16','2021-03-03 01:05:16',NULL),(53,61,2,144,1.600,NULL,5.0,0,NULL,0.000,0,'2021-03-03 18:23:30','2021-03-03 18:23:30',NULL),(54,61,7,132,NULL,0.0169108113,NULL,460000,NULL,NULL,NULL,'2021-03-03 18:23:30','2021-03-03 18:23:30',NULL),(55,62,2,144,1.600,NULL,5.0,0,NULL,0.000,0,'2021-03-03 21:06:15','2021-03-03 21:06:15',NULL),(56,62,7,132,NULL,0.0176883946,NULL,1210000,NULL,NULL,NULL,'2021-03-03 21:06:15','2021-03-03 21:06:15',NULL),(57,63,2,144,1.600,NULL,5.0,0,NULL,0.000,0,'2021-03-04 19:06:58','2021-03-04 19:06:58',NULL),(58,63,7,120,NULL,0.0183149385,NULL,1399000,NULL,NULL,NULL,'2021-03-04 19:06:58','2021-03-04 19:06:58',NULL),(59,65,2,53,1.600,NULL,5.0,0,NULL,0.000,0,'2021-03-04 20:14:50','2021-03-04 20:14:50',NULL),(60,65,7,120,NULL,0.0191680728,NULL,1941000,NULL,NULL,NULL,'2021-03-04 20:14:50','2021-03-04 20:14:50',NULL),(61,66,2,144,1.600,NULL,5.0,0,NULL,0.000,0,'2021-03-05 11:06:05','2021-03-05 11:06:05',NULL),(62,66,7,120,NULL,0.0168114970,NULL,1500000,NULL,NULL,NULL,'2021-03-05 11:06:05','2021-03-05 11:06:05',NULL),(63,67,2,144,1.600,NULL,5.0,0,NULL,0.000,0,'2021-03-05 11:30:24','2021-03-05 11:30:24',NULL),(64,67,7,120,NULL,0.0183149385,NULL,1367000,NULL,NULL,NULL,'2021-03-05 11:30:24','2021-03-05 11:30:24',NULL),(65,68,2,150,1.600,NULL,5.0,0,NULL,0.000,0,'2021-03-05 17:14:19','2021-03-05 17:14:19',NULL),(66,68,7,120,NULL,0.0168114970,NULL,210000,NULL,NULL,NULL,'2021-03-05 17:14:19','2021-03-05 17:14:19',NULL),(67,69,2,66,1.600,NULL,5.0,0,NULL,0.000,0,'2021-03-05 17:33:53','2021-03-05 17:33:53',NULL),(68,69,7,120,NULL,0.0183149385,NULL,1230000,NULL,NULL,NULL,'2021-03-05 17:33:53','2021-03-05 17:33:53',NULL),(69,70,2,144,1.600,NULL,5.0,0,NULL,0.000,0,'2021-03-05 17:55:27','2021-03-05 17:55:27',NULL),(70,70,7,120,NULL,0.0175553236,NULL,1069000,NULL,NULL,NULL,'2021-03-05 17:55:27','2021-03-05 17:55:27',NULL),(71,72,2,144,1.600,NULL,5.0,0,NULL,0.000,0,'2021-03-05 18:41:49','2021-03-05 18:41:49',NULL),(72,72,7,120,NULL,0.0183149385,NULL,403000,NULL,NULL,NULL,'2021-03-05 18:41:49','2021-03-05 18:41:49',NULL),(73,73,2,144,1.600,NULL,5.0,0,NULL,0.000,0,'2021-03-05 20:47:23','2021-03-05 20:47:23',NULL),(74,73,7,120,NULL,0.0168114970,NULL,1698000,NULL,NULL,NULL,'2021-03-05 20:47:23','2021-03-05 20:47:23',NULL),(75,76,2,72,1.600,NULL,5.0,0,NULL,0.000,0,'2021-03-09 08:36:30','2021-03-09 08:36:30',NULL),(76,76,7,72,NULL,0.0220402655,NULL,944000,NULL,NULL,NULL,'2021-03-09 08:36:30','2021-03-09 08:36:30',NULL),(77,77,2,17,1.600,NULL,5.0,0,NULL,0.000,0,'2021-03-09 08:47:09','2021-03-09 08:47:09',NULL),(78,77,7,120,NULL,0.0168114970,NULL,1973000,NULL,NULL,NULL,'2021-03-09 08:47:09','2021-03-09 08:47:09',NULL),(79,78,2,144,1.600,NULL,5.0,0,NULL,0.000,0,'2021-03-09 09:06:21','2021-03-09 09:06:21',NULL),(80,78,7,120,NULL,0.0168114970,NULL,576000,NULL,NULL,NULL,'2021-03-09 09:06:21','2021-03-09 09:06:21',NULL),(81,79,2,144,1.600,NULL,5.0,0,NULL,0.000,0,'2021-03-09 09:18:37','2021-03-09 09:18:37',NULL),(82,79,7,120,NULL,0.0175553236,NULL,830000,NULL,NULL,NULL,'2021-03-09 09:18:37','2021-03-09 09:18:37',NULL),(83,80,2,144,1.600,NULL,5.0,0,NULL,0.000,0,'2021-03-09 09:48:56','2021-03-09 09:48:56',NULL),(84,80,7,108,NULL,0.0191119513,NULL,572037,NULL,NULL,NULL,'2021-03-09 09:48:56','2021-03-09 09:48:56',NULL),(85,81,2,144,1.600,NULL,5.0,0,NULL,0.000,0,'2021-03-09 10:04:12','2021-03-09 10:04:12',NULL),(86,81,7,120,NULL,0.0168114970,NULL,1278000,NULL,NULL,NULL,'2021-03-09 10:04:12','2021-03-09 10:04:12',NULL),(87,83,1,144,1.600,NULL,5.0,0,NULL,0.000,0,'2021-03-09 10:37:12','2021-03-09 10:37:12',NULL),(88,83,7,120,NULL,0.0183149385,NULL,403000,NULL,NULL,NULL,'2021-03-09 10:37:12','2021-03-09 10:37:12',NULL),(89,84,2,144,1.600,NULL,5.0,0,NULL,0.000,0,'2021-03-09 10:57:56','2021-03-09 10:57:56',NULL),(90,84,7,120,NULL,0.0191680728,NULL,411000,NULL,NULL,NULL,'2021-03-09 10:57:56','2021-03-09 10:57:56',NULL),(91,85,2,60,1.600,NULL,5.0,0,NULL,0.000,0,'2021-03-09 11:16:36','2021-03-09 11:16:36',NULL),(92,85,7,120,NULL,0.0168114970,NULL,1798000,NULL,NULL,NULL,'2021-03-09 11:16:36','2021-03-09 11:16:36',NULL),(93,86,2,144,1.600,NULL,5.0,0,NULL,0.000,0,'2021-03-10 00:43:44','2021-03-10 00:43:44',NULL),(94,86,7,120,NULL,0.0183149385,NULL,419000,NULL,NULL,NULL,'2021-03-10 00:43:44','2021-03-10 00:43:44',NULL),(95,88,2,144,1.000,NULL,5.0,0,NULL,0.000,0,'2021-03-10 01:13:45','2021-03-10 01:13:45',NULL),(96,88,7,108,NULL,0.0176444734,NULL,1270000,NULL,NULL,NULL,'2021-03-10 01:13:45','2021-03-10 01:13:45',NULL),(97,90,2,120,1.600,NULL,5.0,0,NULL,0.000,0,'2021-03-10 21:13:05','2021-03-10 21:13:05',NULL),(98,90,7,144,NULL,0.0168114970,NULL,785000,NULL,NULL,NULL,'2021-03-10 21:13:05','2021-03-10 21:13:05',NULL),(99,91,2,144,1.600,NULL,5.0,0,NULL,0.000,0,'2021-03-10 21:28:57','2021-03-10 21:28:57',NULL),(100,91,7,120,NULL,0.0175553236,NULL,1188000,NULL,NULL,NULL,'2021-03-10 21:28:57','2021-03-10 21:28:57',NULL),(101,58,2,60,1.000,NULL,5.0,0,NULL,2.000,0,'2021-03-16 18:10:22','2021-03-16 18:10:22',NULL),(102,58,7,120,NULL,0.0191680728,NULL,0,NULL,NULL,NULL,'2021-03-16 18:10:22','2021-03-16 18:10:22',NULL),(103,92,2,120,1.000,NULL,5.0,0,NULL,2.000,0,'2021-09-20 12:07:26','2021-09-20 12:07:26',NULL),(104,92,7,120,NULL,0.0168114970,NULL,398000,NULL,NULL,NULL,'2021-09-20 12:07:26','2021-09-20 12:07:26',NULL);
/*!40000 ALTER TABLE `condicionesaf` ENABLE KEYS */;
UNLOCK TABLES;

--
-- Table structure for table `condicionestr`
--

DROP TABLE IF EXISTS `condicionestr`;
/*!40101 SET @saved_cs_client     = @@character_set_client */;
/*!50503 SET character_set_client = utf8mb4 */;
CREATE TABLE `condicionestr` (
  `id` int NOT NULL AUTO_INCREMENT,
  `estudios_id` int NOT NULL,
  `costojuridico` char(2) DEFAULT NULL,
  `costocertificados` int DEFAULT NULL,
  `costo_servicio` decimal(11,3) DEFAULT NULL,
  `created_at` datetime NOT NULL,
  `updated_at` datetime NOT NULL,
  `deleted_at` datetime DEFAULT NULL,
  PRIMARY KEY (`id`),
  KEY `fk_estudiostr_condicionestr` (`estudios_id`),
  CONSTRAINT `fk_estudiostr_condicionestr` FOREIGN KEY (`estudios_id`) REFERENCES `estudiostr` (`id`)
) ENGINE=InnoDB AUTO_INCREMENT=94 DEFAULT CHARSET=latin1;
/*!40101 SET character_set_client = @saved_cs_client */;

--
-- Dumping data for table `condicionestr`
--

LOCK TABLES `condicionestr` WRITE;
/*!40000 ALTER TABLE `condicionestr` DISABLE KEYS */;
INSERT INTO `condicionestr` VALUES (1,1,NULL,0,28.000,'2021-02-11 09:49:09','2021-02-22 10:41:45',NULL),(2,3,NULL,0,28.000,'2021-02-22 11:24:30','2021-02-22 11:24:30',NULL),(3,4,NULL,0,28.000,'2021-02-22 11:59:38','2021-02-22 11:59:38',NULL),(4,5,NULL,0,28.000,'2021-02-22 12:06:43','2021-02-22 12:06:43',NULL),(5,6,NULL,0,28.000,'2021-02-22 16:50:54','2021-02-22 17:26:51',NULL),(6,7,NULL,0,9.000,'2021-02-22 17:55:53','2021-02-22 17:55:53',NULL),(7,8,NULL,3946133,23.000,'2021-02-22 20:46:08','2021-02-22 20:46:08',NULL),(8,9,NULL,3946133,23.000,'2021-02-22 20:59:24','2021-02-22 20:59:24',NULL),(9,10,NULL,629460,23.000,'2021-02-22 23:02:47','2021-02-22 23:02:47',NULL),(10,11,NULL,4572810,9.000,'2021-02-22 23:35:00','2021-02-22 23:35:00',NULL),(11,12,NULL,156170,23.000,'2021-02-22 23:54:31','2021-02-22 23:54:31',NULL),(12,13,NULL,13933860,13.000,'2021-02-23 00:08:18','2021-02-23 00:08:18',NULL),(13,14,NULL,684000,9.000,'2021-02-23 00:30:53','2021-02-23 00:30:53',NULL),(14,15,NULL,684000,9.000,'2021-02-23 00:32:54','2021-02-23 00:32:54',NULL),(15,16,NULL,4206700,23.000,'2021-02-23 00:49:19','2021-02-23 00:49:19',NULL),(16,17,NULL,4371000,15.000,'2021-02-23 22:45:34','2021-02-23 22:45:34',NULL),(17,18,NULL,15382173,23.000,'2021-02-23 23:50:30','2021-02-23 23:50:30',NULL),(18,19,NULL,12588935,23.000,'2021-02-24 00:06:51','2021-02-24 00:06:51',NULL),(19,20,NULL,11709600,23.000,'2021-02-24 00:42:44','2021-02-24 00:42:44',NULL),(20,21,NULL,0,23.000,'2021-02-24 11:43:05','2021-02-24 11:43:05',NULL),(21,22,NULL,0,20.000,'2021-02-24 18:58:45','2021-02-24 18:58:45',NULL),(22,23,NULL,0,23.000,'2021-02-24 20:17:09','2021-02-24 20:17:09',NULL),(23,24,NULL,0,23.000,'2021-02-24 20:25:00','2021-02-24 20:25:00',NULL),(24,25,NULL,0,23.000,'2021-02-24 20:39:51','2021-02-24 20:39:51',NULL),(25,26,NULL,0,9.000,'2021-02-24 21:00:50','2021-02-24 21:00:50',NULL),(26,27,NULL,0,9.000,'2021-02-24 21:09:40','2021-02-24 21:09:40',NULL),(27,28,NULL,0,9.000,'2021-02-24 21:17:31','2021-02-24 21:17:31',NULL),(28,29,NULL,354797,23.000,'2021-03-01 12:10:25','2021-03-01 12:10:25',NULL),(29,30,NULL,354797,23.000,'2021-03-01 12:24:17','2021-03-01 12:24:17',NULL),(30,31,NULL,9893910,23.000,'2021-03-01 13:10:21','2021-03-01 13:10:21',NULL),(31,32,NULL,9893910,23.000,'2021-03-01 13:16:58','2021-03-01 13:16:58',NULL),(32,33,NULL,0,23.000,'2021-03-01 13:34:04','2021-03-01 13:34:04',NULL),(33,34,NULL,0,9.000,'2021-03-01 14:49:13','2021-03-01 14:49:13',NULL),(34,35,NULL,0,9.000,'2021-03-01 15:01:15','2021-03-01 15:01:15',NULL),(35,36,NULL,0,23.000,'2021-03-01 15:55:04','2021-03-01 15:55:04',NULL),(36,37,NULL,0,9.000,'2021-03-01 16:38:08','2021-03-01 16:38:08',NULL),(37,38,NULL,0,9.000,'2021-03-01 16:52:34','2021-03-01 16:52:34',NULL),(38,39,NULL,0,23.000,'2021-03-01 17:37:27','2021-03-01 17:37:27',NULL),(39,40,NULL,0,23.000,'2021-03-01 19:30:57','2021-03-01 19:30:57',NULL),(40,41,NULL,0,14.000,'2021-03-01 19:50:13','2021-03-01 19:50:13',NULL),(41,42,NULL,0,23.000,'2021-03-01 20:27:48','2021-03-01 20:27:48',NULL),(42,43,NULL,0,23.000,'2021-03-01 20:40:36','2021-03-01 20:40:36',NULL),(43,44,NULL,0,23.000,'2021-03-01 22:57:29','2021-03-01 22:57:29',NULL),(44,45,NULL,0,23.000,'2021-03-01 23:04:38','2021-03-01 23:04:38',NULL),(45,46,NULL,0,23.000,'2021-03-01 23:22:10','2021-03-01 23:22:10',NULL),(46,47,NULL,0,23.000,'2021-03-01 23:23:30','2021-03-01 23:23:30',NULL),(47,48,NULL,0,14.000,'2021-03-02 19:16:24','2021-03-02 19:18:21',NULL),(48,49,NULL,0,9.000,'2021-03-02 19:28:48','2021-03-02 19:28:48',NULL),(49,50,NULL,0,23.000,'2021-03-02 19:41:21','2021-03-02 19:41:21',NULL),(50,51,NULL,0,14.000,'2021-03-02 20:04:06','2021-03-02 20:04:06',NULL),(51,52,NULL,0,9.000,'2021-03-02 21:10:13','2021-03-02 21:10:13',NULL),(52,53,NULL,0,23.000,'2021-03-02 21:30:02','2021-03-02 21:30:02',NULL),(53,54,NULL,0,20.000,'2021-03-02 23:44:07','2021-03-02 23:44:07',NULL),(54,55,NULL,0,9.000,'2021-03-03 01:02:17','2021-03-03 01:02:17',NULL),(55,56,NULL,0,9.000,'2021-03-03 01:05:16','2021-03-03 01:05:16',NULL),(56,58,NULL,0,23.000,'2021-03-03 11:42:13','2021-03-16 18:10:22',NULL),(57,59,NULL,0,22.000,'2021-03-03 12:21:33','2021-03-03 12:21:33',NULL),(58,60,NULL,0,22.000,'2021-03-03 17:33:40','2021-03-03 17:33:40',NULL),(59,61,NULL,0,23.000,'2021-03-03 18:23:30','2021-03-03 18:23:30',NULL),(60,62,NULL,0,20.000,'2021-03-03 21:06:15','2021-03-03 21:06:15',NULL),(61,63,NULL,0,28.000,'2021-03-04 19:06:58','2021-03-04 19:06:58',NULL),(62,64,NULL,0,28.000,'2021-03-04 19:33:36','2021-03-04 19:33:36',NULL),(63,65,NULL,0,23.000,'2021-03-04 20:14:50','2021-03-04 20:14:50',NULL),(64,66,NULL,0,23.000,'2021-03-05 11:06:05','2021-03-05 11:06:05',NULL),(65,67,NULL,0,28.000,'2021-03-05 11:30:24','2021-03-05 11:30:24',NULL),(66,68,NULL,0,23.000,'2021-03-05 17:14:19','2021-03-05 17:14:19',NULL),(67,69,NULL,0,28.000,'2021-03-05 17:33:53','2021-03-05 17:33:53',NULL),(68,70,NULL,0,23.000,'2021-03-05 17:55:27','2021-03-05 17:55:27',NULL),(69,71,NULL,0,14.000,'2021-03-05 18:19:38','2021-03-05 18:19:38',NULL),(70,72,NULL,0,23.000,'2021-03-05 18:41:49','2021-03-05 18:41:49',NULL),(71,73,NULL,0,28.000,'2021-03-05 20:47:23','2021-03-05 20:47:23',NULL),(72,74,NULL,0,23.000,'2021-03-05 21:01:53','2021-03-05 21:01:53',NULL),(73,75,NULL,0,22.000,'2021-03-05 21:25:16','2021-03-05 21:25:16',NULL),(74,76,NULL,0,23.000,'2021-03-09 08:36:30','2021-03-09 08:36:30',NULL),(75,77,NULL,0,10.000,'2021-03-09 08:47:09','2021-03-09 08:47:09',NULL),(76,78,NULL,0,23.000,'2021-03-09 09:06:21','2021-03-09 09:06:21',NULL),(77,79,NULL,0,15.000,'2021-03-09 09:18:37','2021-03-09 09:18:37',NULL),(78,80,NULL,0,23.000,'2021-03-09 09:48:56','2021-03-09 09:48:56',NULL),(79,81,NULL,0,23.000,'2021-03-09 10:04:12','2021-03-09 10:04:12',NULL),(80,82,NULL,0,23.000,'2021-03-09 10:23:52','2021-03-09 10:23:52',NULL),(81,83,NULL,0,23.000,'2021-03-09 10:37:12','2021-03-09 10:37:12',NULL),(82,84,NULL,0,23.000,'2021-03-09 10:57:56','2021-03-09 10:57:56',NULL),(83,85,NULL,0,23.000,'2021-03-09 11:16:36','2021-03-09 11:16:36',NULL),(84,86,NULL,0,23.000,'2021-03-10 00:43:43','2021-03-10 00:43:43',NULL),(85,87,NULL,0,23.000,'2021-03-10 01:02:15','2021-03-10 01:02:15',NULL),(86,88,NULL,0,23.000,'2021-03-10 01:13:45','2021-03-10 01:13:45',NULL),(87,89,NULL,0,23.000,'2021-03-10 20:49:28','2021-03-10 20:49:28',NULL),(88,90,NULL,0,23.000,'2021-03-10 21:13:05','2021-03-10 21:13:05',NULL),(89,91,NULL,0,10.000,'2021-03-10 21:28:57','2021-03-10 21:28:57',NULL),(90,92,NULL,0,22.000,'2021-03-10 21:38:05','2021-09-20 12:07:26',NULL),(91,93,NULL,0,NULL,'2021-03-26 10:22:51','2021-03-26 10:22:51',NULL),(92,94,NULL,0,NULL,'2021-03-26 10:23:46','2021-03-26 10:23:46',NULL),(93,95,NULL,0,NULL,'2021-03-26 10:30:18','2021-03-26 10:30:18',NULL);
/*!40000 ALTER TABLE `condicionestr` ENABLE KEYS */;
UNLOCK TABLES;

--
-- Table structure for table `consultas`
--

DROP TABLE IF EXISTS `consultas`;
/*!40101 SET @saved_cs_client     = @@character_set_client */;
/*!50503 SET character_set_client = utf8mb4 */;
CREATE TABLE `consultas` (
  `id` bigint unsigned NOT NULL AUTO_INCREMENT,
  `users_id` int unsigned NOT NULL,
  `documento` int unsigned NOT NULL,
  `registros_financieros_id` int DEFAULT NULL,
  `tipo_consulta` int DEFAULT NULL,
  `created_at` timestamp NULL DEFAULT NULL,
  `updated_at` timestamp NULL DEFAULT NULL,
  `deleted_at` timestamp NULL DEFAULT NULL,
  PRIMARY KEY (`id`),
  KEY `consultas_users_id_foreign` (`users_id`),
  KEY `consultas_registros_financieros_id_index` (`registros_financieros_id`),
  CONSTRAINT `consultas_registros_financieros_id_foreign` FOREIGN KEY (`registros_financieros_id`) REFERENCES `registros_financieros` (`id`) ON DELETE CASCADE,
  CONSTRAINT `consultas_users_id_foreign` FOREIGN KEY (`users_id`) REFERENCES `users` (`id`) ON DELETE CASCADE
) ENGINE=InnoDB AUTO_INCREMENT=127 DEFAULT CHARSET=utf8mb4 COLLATE=utf8mb4_unicode_ci;
/*!40101 SET character_set_client = @saved_cs_client */;

--
-- Dumping data for table `consultas`
--

LOCK TABLES `consultas` WRITE;
/*!40000 ALTER TABLE `consultas` DISABLE KEYS */;
INSERT INTO `consultas` VALUES (1,20,16473347,NULL,1,'2021-06-25 15:49:54','2021-06-25 15:49:54',NULL),(2,20,16473347,NULL,1,'2021-06-25 15:57:56','2021-06-25 15:57:56',NULL),(3,20,16473347,NULL,1,'2021-06-25 15:58:12','2021-06-25 15:58:12',NULL),(4,20,16473347,NULL,1,'2021-06-25 15:58:38','2021-06-25 15:58:38',NULL),(5,20,16473347,NULL,1,'2021-06-25 15:58:56','2021-06-25 15:58:56',NULL),(6,20,16473347,NULL,2,'2021-06-25 16:28:55','2021-06-25 16:28:55',NULL),(7,25,94355672,NULL,1,'2021-06-25 16:48:38','2021-06-25 16:48:38',NULL),(8,25,66752407,NULL,2,'2021-06-25 16:52:23','2021-06-25 16:52:23',NULL),(9,18,94355672,NULL,2,'2021-07-01 11:29:01','2021-07-01 11:29:01',NULL),(10,23,94355672,NULL,2,'2021-07-02 11:11:36','2021-07-02 11:11:36',NULL),(11,25,94355672,NULL,1,'2021-07-02 16:22:22','2021-07-02 16:22:22',NULL),(12,23,25364013,NULL,3,'2021-07-02 16:49:38','2021-07-02 16:49:38',NULL),(13,25,25364013,NULL,2,'2021-07-09 16:01:40','2021-07-09 16:01:40',NULL),(14,25,31274206,NULL,2,'2021-07-12 11:21:30','2021-07-12 11:21:30',NULL),(15,25,12903346,NULL,2,'2021-07-12 15:54:05','2021-07-12 15:54:05',NULL),(16,25,12903346,NULL,2,'2021-07-12 15:58:18','2021-07-12 15:58:18',NULL),(17,25,12903346,NULL,2,'2021-07-12 15:58:55','2021-07-12 15:58:55',NULL),(18,25,12903346,NULL,2,'2021-07-12 15:59:35','2021-07-12 15:59:35',NULL),(19,25,12903346,NULL,2,'2021-07-12 16:00:14','2021-07-12 16:00:14',NULL),(20,25,12903346,NULL,2,'2021-07-12 16:01:20','2021-07-12 16:01:20',NULL),(21,25,12903346,NULL,2,'2021-07-12 16:38:57','2021-07-12 16:38:57',NULL),(22,25,12903346,NULL,2,'2021-07-12 16:39:59','2021-07-12 16:39:59',NULL),(23,25,12903346,NULL,2,'2021-07-12 16:41:59','2021-07-12 16:41:59',NULL),(24,25,12903346,NULL,2,'2021-07-12 16:42:55','2021-07-12 16:42:55',NULL),(25,25,12903346,NULL,2,'2021-07-12 16:43:48','2021-07-12 16:43:48',NULL),(26,25,12903346,NULL,2,'2021-07-12 16:44:35','2021-07-12 16:44:35',NULL),(27,25,12903346,NULL,2,'2021-07-12 16:44:46','2021-07-12 16:44:46',NULL),(28,25,12903346,NULL,2,'2021-07-12 17:02:59','2021-07-12 17:02:59',NULL),(29,25,12903346,NULL,2,'2021-07-12 17:03:41','2021-07-12 17:03:41',NULL),(30,25,12903346,NULL,2,'2021-07-12 17:05:45','2021-07-12 17:05:45',NULL),(31,25,12903346,NULL,2,'2021-07-12 17:06:03','2021-07-12 17:06:03',NULL),(32,25,12903346,NULL,2,'2021-07-12 17:06:52','2021-07-12 17:06:52',NULL),(33,25,12903346,NULL,2,'2021-07-12 17:09:18','2021-07-12 17:09:18',NULL),(34,25,12903346,NULL,2,'2021-07-12 17:09:32','2021-07-12 17:09:32',NULL),(35,25,12903346,NULL,2,'2021-07-12 17:11:41','2021-07-12 17:11:41',NULL),(36,25,12903346,NULL,2,'2021-07-12 17:12:04','2021-07-12 17:12:04',NULL),(37,25,12903346,NULL,2,'2021-07-12 17:18:24','2021-07-12 17:18:24',NULL),(38,25,94355672,NULL,1,'2021-07-12 17:20:07','2021-07-12 17:20:07',NULL),(39,23,12903346,NULL,3,'2021-07-12 17:48:17','2021-07-12 17:48:17',NULL),(40,25,66752407,NULL,2,'2021-07-13 11:09:46','2021-07-13 11:09:46',NULL),(41,25,94355672,NULL,1,'2021-07-15 11:19:17','2021-07-15 11:19:17',NULL),(42,25,94355672,NULL,2,'2021-07-15 15:32:19','2021-07-15 15:32:19',NULL),(43,25,94355672,NULL,2,'2021-07-15 15:41:39','2021-07-15 15:41:39',NULL),(44,25,94355672,NULL,2,'2021-07-15 15:46:47','2021-07-15 15:46:47',NULL),(45,25,94355672,NULL,2,'2021-07-15 15:47:10','2021-07-15 15:47:10',NULL),(46,25,66752407,NULL,2,'2021-07-25 21:24:13','2021-07-25 21:24:13',NULL),(47,25,66752407,NULL,1,'2021-07-26 16:18:51','2021-07-26 16:18:51',NULL),(48,25,66752407,NULL,1,'2021-07-26 16:26:58','2021-07-26 16:26:58',NULL),(49,25,66752407,NULL,1,'2021-07-26 16:34:00','2021-07-26 16:34:00',NULL),(50,25,66752407,NULL,1,'2021-07-28 11:35:55','2021-07-28 11:35:55',NULL),(51,25,66752407,NULL,1,'2021-07-28 11:36:30','2021-07-28 11:36:30',NULL),(52,25,66752407,NULL,1,'2021-07-28 11:38:49','2021-07-28 11:38:49',NULL),(53,25,66752407,NULL,1,'2021-07-28 11:53:07','2021-07-28 11:53:07',NULL),(54,25,66752407,NULL,1,'2021-07-28 11:53:28','2021-07-28 11:53:28',NULL),(55,25,66752407,NULL,1,'2021-07-28 16:13:46','2021-07-28 16:13:46',NULL),(56,25,66752407,NULL,1,'2021-07-28 16:13:53','2021-07-28 16:13:53',NULL),(57,25,66752407,NULL,1,'2021-07-28 16:14:38','2021-07-28 16:14:38',NULL),(58,25,66752407,NULL,1,'2021-07-28 16:35:40','2021-07-28 16:35:40',NULL),(59,25,66752407,NULL,1,'2021-07-28 16:35:51','2021-07-28 16:35:51',NULL),(60,25,66752407,NULL,1,'2021-07-28 16:37:31','2021-07-28 16:37:31',NULL),(61,25,66752407,NULL,1,'2021-07-28 16:37:46','2021-07-28 16:37:46',NULL),(62,25,66752407,NULL,1,'2021-07-28 16:38:13','2021-07-28 16:38:13',NULL),(63,25,66752407,NULL,2,'2021-07-28 17:09:59','2021-07-28 17:09:59',NULL),(64,25,66752407,NULL,2,'2021-07-28 17:10:47','2021-07-28 17:10:47',NULL),(65,25,66752407,NULL,2,'2021-07-28 17:11:31','2021-07-28 17:11:31',NULL),(66,25,66752407,NULL,2,'2021-07-28 17:15:27','2021-07-28 17:15:27',NULL),(67,25,66752407,NULL,2,'2021-07-28 17:16:18','2021-07-28 17:16:18',NULL),(68,25,66752407,NULL,2,'2021-07-28 17:16:44','2021-07-28 17:16:44',NULL),(69,25,66752407,NULL,2,'2021-07-28 17:16:51','2021-07-28 17:16:51',NULL),(70,25,66752407,NULL,2,'2021-07-28 17:17:05','2021-07-28 17:17:05',NULL),(71,25,66752407,NULL,2,'2021-07-28 17:17:25','2021-07-28 17:17:25',NULL),(72,25,66752407,NULL,2,'2021-07-28 17:17:39','2021-07-28 17:17:39',NULL),(73,25,66752407,NULL,2,'2021-07-28 17:27:03','2021-07-28 17:27:03',NULL),(74,25,66752407,NULL,2,'2021-07-28 17:30:26','2021-07-28 17:30:26',NULL),(75,25,66752407,NULL,2,'2021-07-28 17:32:07','2021-07-28 17:32:07',NULL),(76,25,66752407,NULL,2,'2021-07-28 17:32:22','2021-07-28 17:32:22',NULL),(77,25,12903346,NULL,1,'2021-07-30 10:08:15','2021-07-30 10:08:15',NULL),(78,25,12903346,NULL,1,'2021-07-30 10:08:44','2021-07-30 10:08:44',NULL),(79,25,12903346,NULL,1,'2021-07-30 10:12:37','2021-07-30 10:12:37',NULL),(80,25,12903346,NULL,1,'2021-07-30 12:35:52','2021-07-30 12:35:52',NULL),(81,25,12903346,NULL,1,'2021-07-30 16:41:21','2021-07-30 16:41:21',NULL),(82,25,12903346,NULL,1,'2021-07-30 16:42:37','2021-07-30 16:42:37',NULL),(83,25,12903346,NULL,1,'2021-07-30 16:42:45','2021-07-30 16:42:45',NULL),(84,25,12903346,NULL,1,'2021-07-30 16:43:38','2021-07-30 16:43:38',NULL),(85,25,12903346,NULL,1,'2021-07-30 16:44:57','2021-07-30 16:44:57',NULL),(86,25,12903346,NULL,1,'2021-07-30 16:45:10','2021-07-30 16:45:10',NULL),(87,25,12903346,NULL,1,'2021-07-30 16:45:35','2021-07-30 16:45:35',NULL),(88,25,12903346,NULL,1,'2021-07-30 16:46:49','2021-07-30 16:46:49',NULL),(89,25,12903346,NULL,1,'2021-07-30 16:47:20','2021-07-30 16:47:20',NULL),(90,25,12903346,NULL,1,'2021-07-30 16:49:00','2021-07-30 16:49:00',NULL),(91,25,12903346,NULL,1,'2021-07-30 16:49:46','2021-07-30 16:49:46',NULL),(92,25,12903346,NULL,1,'2021-07-30 16:50:09','2021-07-30 16:50:09',NULL),(93,25,12903346,NULL,1,'2021-07-30 16:50:16','2021-07-30 16:50:16',NULL),(94,25,12903346,NULL,1,'2021-07-30 16:50:48','2021-07-30 16:50:48',NULL),(95,25,12903346,NULL,1,'2021-07-30 16:51:14','2021-07-30 16:51:14',NULL),(96,25,12903346,NULL,1,'2021-07-30 16:51:27','2021-07-30 16:51:27',NULL),(97,25,12903346,NULL,1,'2021-07-30 16:51:34','2021-07-30 16:51:34',NULL),(98,25,12903346,NULL,1,'2021-07-30 16:51:47','2021-07-30 16:51:47',NULL),(99,25,12903346,NULL,1,'2021-07-30 16:52:10','2021-07-30 16:52:10',NULL),(100,25,12903346,NULL,1,'2021-07-30 16:52:24','2021-07-30 16:52:24',NULL),(101,25,12903346,NULL,1,'2021-07-30 16:53:54','2021-07-30 16:53:54',NULL),(102,25,12903346,NULL,1,'2021-07-30 16:54:39','2021-07-30 16:54:39',NULL),(103,25,12903346,NULL,1,'2021-07-30 16:54:50','2021-07-30 16:54:50',NULL),(104,25,12903346,NULL,1,'2021-07-30 16:55:10','2021-07-30 16:55:10',NULL),(105,25,12903346,NULL,1,'2021-07-30 16:55:59','2021-07-30 16:55:59',NULL),(106,25,12903346,NULL,1,'2021-07-30 17:07:07','2021-07-30 17:07:07',NULL),(107,25,12903346,NULL,1,'2021-08-03 15:39:03','2021-08-03 15:39:03',NULL),(108,25,12903346,NULL,1,'2021-08-03 15:41:59','2021-08-03 15:41:59',NULL),(109,25,12903346,NULL,1,'2021-08-03 15:42:29','2021-08-03 15:42:29',NULL),(110,25,12903346,NULL,2,'2021-08-03 15:42:50','2021-08-03 15:42:50',NULL),(111,25,12903346,NULL,2,'2021-08-03 15:44:23','2021-08-03 15:44:23',NULL),(112,25,12903346,NULL,2,'2021-08-03 15:46:25','2021-08-03 15:46:25',NULL),(113,25,12903346,NULL,2,'2021-08-03 16:31:51','2021-08-03 16:31:51',NULL),(114,25,12903346,NULL,2,'2021-08-03 16:33:50','2021-08-03 16:33:50',NULL),(115,25,12903346,NULL,2,'2021-08-03 16:38:13','2021-08-03 16:38:13',NULL),(116,25,12903346,NULL,2,'2021-08-03 16:40:34','2021-08-03 16:40:34',NULL),(117,25,12903346,NULL,2,'2021-08-03 16:58:05','2021-08-03 16:58:05',NULL),(118,25,12903346,NULL,1,'2021-08-03 17:02:18','2021-08-03 17:02:18',NULL),(119,25,94355672,NULL,1,'2021-08-03 17:08:37','2021-08-03 17:08:37',NULL),(120,25,94355672,144,2,'2021-08-04 14:18:32','2021-08-04 14:18:32',NULL),(121,25,12903346,147,2,'2021-08-04 14:20:21','2021-08-04 14:20:21',NULL),(122,25,12903346,146,1,'2021-08-04 14:20:30','2021-08-04 14:20:30',NULL),(123,25,12903346,146,2,'2021-08-04 17:35:41','2021-08-04 17:35:41',NULL),(124,25,94355672,144,1,'2021-08-06 19:22:04','2021-08-06 19:22:04',NULL),(125,25,12903346,146,2,'2021-08-09 10:36:36','2021-08-09 10:36:36',NULL),(126,25,12903346,146,2,'2021-08-09 10:52:01','2021-08-09 10:52:01',NULL);
/*!40000 ALTER TABLE `consultas` ENABLE KEYS */;
UNLOCK TABLES;

--
-- Table structure for table `datoshistoricos`
--

DROP TABLE IF EXISTS `datoshistoricos`;
/*!40101 SET @saved_cs_client     = @@character_set_client */;
/*!50503 SET character_set_client = utf8mb4 */;
CREATE TABLE `datoshistoricos` (
  `id` bigint unsigned NOT NULL AUTO_INCREMENT,
  `clientes_id` int NOT NULL,
  `dato` char(100) COLLATE utf8mb4_unicode_ci NOT NULL,
  `valor` char(255) COLLATE utf8mb4_unicode_ci NOT NULL,
  `created_at` timestamp NULL DEFAULT NULL,
  `updated_at` timestamp NULL DEFAULT NULL,
  `deleted_at` timestamp NULL DEFAULT NULL,
  PRIMARY KEY (`id`),
  KEY `datoshistoricos_clientes_id_index` (`clientes_id`),
  CONSTRAINT `datoshistoricos_clientes_id_foreign` FOREIGN KEY (`clientes_id`) REFERENCES `clientes` (`id`) ON DELETE CASCADE
) ENGINE=InnoDB AUTO_INCREMENT=9 DEFAULT CHARSET=utf8mb4 COLLATE=utf8mb4_unicode_ci;
/*!40101 SET character_set_client = @saved_cs_client */;

--
-- Dumping data for table `datoshistoricos`
--

LOCK TABLES `datoshistoricos` WRITE;
/*!40000 ALTER TABLE `datoshistoricos` DISABLE KEYS */;
INSERT INTO `datoshistoricos` VALUES (1,146,'telefono','3255658',NULL,NULL,NULL),(2,146,'celular','3128777334',NULL,NULL,NULL),(3,146,'direccion','cra 123 # 24 - 1',NULL,NULL,NULL),(4,146,'correo','pruebacliente@correo.com',NULL,NULL,NULL),(5,146,'telefono','9999999',NULL,NULL,NULL),(6,146,'celular','319999999',NULL,NULL,NULL),(7,146,'direccion','cra 99 # 9 - 9',NULL,NULL,NULL),(8,146,'celular','3222222222',NULL,NULL,NULL);
/*!40000 ALTER TABLE `datoshistoricos` ENABLE KEYS */;
UNLOCK TABLES;

--
-- Table structure for table `demandantes`
--

DROP TABLE IF EXISTS `demandantes`;
/*!40101 SET @saved_cs_client     = @@character_set_client */;
/*!50503 SET character_set_client = utf8mb4 */;
CREATE TABLE `demandantes` (
  `id` int NOT NULL AUTO_INCREMENT,
  `documento` int NOT NULL,
  `demandante` varchar(150) NOT NULL,
  `created_at` datetime NOT NULL,
  `updated_at` datetime NOT NULL,
  `deleted_at` datetime DEFAULT NULL,
  PRIMARY KEY (`id`)
) ENGINE=InnoDB AUTO_INCREMENT=3 DEFAULT CHARSET=latin1;
/*!40101 SET character_set_client = @saved_cs_client */;

--
-- Dumping data for table `demandantes`
--

LOCK TABLES `demandantes` WRITE;
/*!40000 ALTER TABLE `demandantes` DISABLE KEYS */;
INSERT INTO `demandantes` VALUES (1,123,'JONATHAN LóPEZ','2019-04-22 17:34:34','2019-04-22 17:36:25',NULL),(2,114,'TEST DEMANDANTE','2019-07-12 12:40:44','2019-07-12 12:40:56',NULL);
/*!40000 ALTER TABLE `demandantes` ENABLE KEYS */;
UNLOCK TABLES;

--
-- Table structure for table `departamentos`
--

DROP TABLE IF EXISTS `departamentos`;
/*!40101 SET @saved_cs_client     = @@character_set_client */;
/*!50503 SET character_set_client = utf8mb4 */;
CREATE TABLE `departamentos` (
  `id` int NOT NULL AUTO_INCREMENT,
  `codigo` int NOT NULL,
  `departamento` varchar(100) NOT NULL,
  `created_at` datetime NOT NULL,
  `updated_at` datetime NOT NULL,
  `deleted_at` datetime DEFAULT NULL,
  PRIMARY KEY (`id`),
  UNIQUE KEY `codigo` (`codigo`)
) ENGINE=InnoDB AUTO_INCREMENT=8 DEFAULT CHARSET=latin1;
/*!40101 SET character_set_client = @saved_cs_client */;

--
-- Dumping data for table `departamentos`
--

LOCK TABLES `departamentos` WRITE;
/*!40000 ALTER TABLE `departamentos` DISABLE KEYS */;
INSERT INTO `departamentos` VALUES (1,7600,'VALLE DEL CAUCA','0000-00-00 00:00:00','2019-04-22 14:20:06',NULL),(2,10010,'ANTIOQUIA','0000-00-00 00:00:00','2019-04-22 13:57:52',NULL),(3,123456,'CUNDINAMARCA','2019-04-22 11:54:33','2019-04-22 13:57:57',NULL),(7,1900,'CAUCA','2019-10-30 08:17:40','2019-10-30 08:17:40',NULL);
/*!40000 ALTER TABLE `departamentos` ENABLE KEYS */;
UNLOCK TABLES;

--
-- Table structure for table `descuentosaplicados`
--

DROP TABLE IF EXISTS `descuentosaplicados`;
/*!40101 SET @saved_cs_client     = @@character_set_client */;
/*!50503 SET character_set_client = utf8mb4 */;
CREATE TABLE `descuentosaplicados` (
  `id` int NOT NULL AUTO_INCREMENT,
  `entidades_id` int DEFAULT NULL,
  `registros_id` int NOT NULL,
  `cod_concepto` varchar(100) DEFAULT NULL,
  `concepto` varchar(200) NOT NULL,
  `valor` bigint NOT NULL,
  `pagare` bigint DEFAULT NULL,
  `saldo` bigint DEFAULT NULL,
  `valor_total` bigint DEFAULT NULL,
  `valor_pagado` bigint DEFAULT NULL,
  `porcentaje` decimal(11,2) DEFAULT NULL,
  `novedad` text,
  `created_at` datetime NOT NULL,
  `updated_at` datetime NOT NULL,
  `deleted_at` datetime DEFAULT NULL,
  PRIMARY KEY (`id`),
  KEY `fk_entidades_descuentos` (`entidades_id`),
  KEY `fk_registros_descuentos` (`registros_id`),
  CONSTRAINT `fk_entidades_descuentos` FOREIGN KEY (`entidades_id`) REFERENCES `entidades` (`id`),
  CONSTRAINT `fk_registros_descuentos` FOREIGN KEY (`registros_id`) REFERENCES `registros_financieros` (`id`)
) ENGINE=InnoDB AUTO_INCREMENT=522 DEFAULT CHARSET=latin1;
/*!40101 SET character_set_client = @saved_cs_client */;

--
-- Dumping data for table `descuentosaplicados`
--

LOCK TABLES `descuentosaplicados` WRITE;
/*!40000 ALTER TABLE `descuentosaplicados` DISABLE KEYS */;
INSERT INTO `descuentosaplicados` VALUES (1,NULL,1,NULL,'Aportes',240000,NULL,NULL,NULL,NULL,NULL,NULL,'2021-02-09 15:45:36','2021-02-09 15:45:36',NULL),(2,NULL,3,NULL,'Aportes',93749,NULL,NULL,NULL,NULL,NULL,NULL,'2021-02-11 09:22:33','2021-02-22 10:55:19','2021-02-22 10:55:19'),(3,NULL,3,NULL,'COOPROSOL',101000,NULL,NULL,NULL,NULL,NULL,NULL,'2021-02-11 09:22:33','2021-02-22 10:55:19','2021-02-22 10:55:19'),(4,NULL,3,NULL,'COLPATRIA #0806',215817,NULL,NULL,NULL,NULL,NULL,NULL,'2021-02-11 09:22:33','2021-02-22 10:55:19','2021-02-22 10:55:19'),(5,NULL,4,NULL,'valor aportes',291354,NULL,NULL,NULL,NULL,NULL,NULL,'2021-02-15 20:49:14','2021-02-22 17:04:48','2021-02-22 17:04:48'),(6,NULL,4,NULL,'cooafin 5364',951472,NULL,NULL,NULL,NULL,NULL,NULL,'2021-02-15 20:49:14','2021-02-22 17:04:48','2021-02-22 17:04:48'),(7,NULL,4,NULL,'conalfe',116000,NULL,NULL,NULL,NULL,NULL,NULL,'2021-02-15 20:49:14','2021-02-22 17:04:48','2021-02-22 17:04:48'),(8,NULL,4,NULL,'embargo',1176532,NULL,NULL,NULL,NULL,NULL,NULL,'2021-02-15 20:49:14','2021-02-22 17:04:48','2021-02-22 17:04:48'),(9,NULL,4,NULL,'feade',100000,NULL,NULL,NULL,NULL,NULL,NULL,'2021-02-15 20:49:14','2021-02-22 17:04:48','2021-02-22 17:04:48'),(10,NULL,4,NULL,'aporte asociacion  institutores del cauca',25493,NULL,NULL,NULL,NULL,NULL,NULL,'2021-02-15 20:49:14','2021-02-22 17:04:48','2021-02-22 17:04:48'),(11,NULL,4,NULL,'provitec libranza',65500,NULL,NULL,NULL,NULL,NULL,NULL,'2021-02-15 20:49:14','2021-02-22 17:04:48','2021-02-22 17:04:48'),(12,NULL,4,NULL,'provitec otros',50000,NULL,NULL,NULL,NULL,NULL,NULL,'2021-02-15 20:49:14','2021-02-22 17:04:48','2021-02-22 17:04:48'),(13,NULL,4,NULL,'cooperativa nacional de recaudo',66596,NULL,NULL,NULL,NULL,NULL,NULL,'2021-02-15 20:49:14','2021-02-22 17:04:48','2021-02-22 17:04:48'),(14,NULL,5,NULL,'valor aportes',315599,NULL,NULL,NULL,NULL,NULL,NULL,'2021-02-15 21:01:26','2021-02-22 17:38:09','2021-02-22 17:38:09'),(15,NULL,5,NULL,'pa finsocial 50001',382000,NULL,NULL,NULL,NULL,NULL,NULL,'2021-02-15 21:01:26','2021-02-22 17:38:09','2021-02-22 17:38:09'),(16,NULL,5,NULL,'CK COMERCIALIZADORA',705397,NULL,NULL,NULL,NULL,NULL,NULL,'2021-02-15 21:01:26','2021-02-22 17:38:09','2021-02-22 17:38:09'),(17,NULL,5,NULL,'davivienda 2840-2857',1233000,NULL,NULL,NULL,NULL,NULL,NULL,'2021-02-15 21:01:26','2021-02-22 17:38:09','2021-02-22 17:38:09'),(18,NULL,6,NULL,'valor aportes',165361,NULL,NULL,NULL,NULL,NULL,NULL,'2021-02-15 21:10:29','2021-02-15 21:10:29',NULL),(19,NULL,6,NULL,'EXCELCREDIT 2653',527550,NULL,NULL,NULL,NULL,NULL,NULL,'2021-02-15 21:10:29','2021-02-15 21:10:29',NULL),(20,NULL,7,NULL,'valor aportes',99374,NULL,NULL,NULL,NULL,NULL,NULL,'2021-02-15 21:19:11','2021-02-15 21:19:11',NULL),(21,NULL,7,NULL,'AFILIACION J EMILIOS',1000,NULL,NULL,NULL,NULL,NULL,NULL,'2021-02-15 21:19:11','2021-02-15 21:19:11',NULL),(22,NULL,7,NULL,'J EMILIOS',122608,NULL,NULL,NULL,NULL,NULL,NULL,'2021-02-15 21:19:11','2021-02-15 21:19:11',NULL),(23,NULL,7,NULL,'CREDIFINANCIERO 0878',233687,NULL,NULL,NULL,NULL,NULL,NULL,'2021-02-15 21:19:11','2021-02-15 21:19:11',NULL),(24,NULL,8,NULL,'valor aportes',92348,NULL,NULL,NULL,NULL,NULL,NULL,'2021-02-15 22:32:48','2021-02-15 22:32:48',NULL),(25,NULL,8,NULL,'P.A ESEFECTIVO LBZ#5604',385,NULL,NULL,NULL,NULL,NULL,NULL,'2021-02-15 22:32:48','2021-02-15 22:32:48',NULL),(26,NULL,9,NULL,'GNB SUDAMERIS LBZ#6073',767526,NULL,NULL,NULL,NULL,NULL,NULL,'2021-02-15 23:03:05','2021-02-15 23:03:05',NULL),(27,NULL,9,NULL,'PA FINSOCIAL LBZ#7583',183000,NULL,NULL,NULL,NULL,NULL,NULL,'2021-02-15 23:03:05','2021-02-15 23:03:05',NULL),(28,NULL,9,NULL,'PA FINSOCIAL LBZ#1373',249000,NULL,NULL,NULL,NULL,NULL,NULL,'2021-02-15 23:03:05','2021-02-15 23:03:05',NULL),(29,NULL,9,NULL,'ESEFECTIVO KREDIT LBZ#7732',78000,NULL,NULL,NULL,NULL,NULL,NULL,'2021-02-15 23:03:05','2021-02-15 23:03:05',NULL),(30,NULL,9,NULL,'APORTES',350985,NULL,NULL,NULL,NULL,NULL,NULL,'2021-02-15 23:03:05','2021-02-15 23:03:05',NULL),(31,NULL,10,NULL,'valor aportes',206255,NULL,NULL,NULL,NULL,NULL,NULL,'2021-02-16 22:11:33','2021-02-16 22:11:33',NULL),(32,NULL,10,NULL,'EMBARGO JUDICIAL PORCENTAJE',703064,NULL,NULL,NULL,NULL,NULL,NULL,'2021-02-16 22:11:33','2021-02-16 22:11:33',NULL),(33,NULL,10,NULL,'BBVA COLOMBIA LBZ#5553',955019,NULL,NULL,NULL,NULL,NULL,NULL,'2021-02-16 22:11:33','2021-02-16 22:11:33',NULL),(34,NULL,11,NULL,'valor aportes',554056,NULL,NULL,NULL,NULL,NULL,NULL,'2021-02-16 23:03:50','2021-02-16 23:03:50',NULL),(35,NULL,11,NULL,'BBVA LBZ#5016',1879945,NULL,NULL,NULL,NULL,NULL,NULL,'2021-02-16 23:03:50','2021-02-16 23:03:50',NULL),(36,NULL,11,NULL,'BAYPORT #5407',143566,NULL,NULL,NULL,NULL,NULL,NULL,'2021-02-16 23:03:50','2021-02-16 23:03:50',NULL),(37,NULL,12,NULL,'valor aportes',150127,NULL,NULL,NULL,NULL,NULL,NULL,'2021-02-16 23:11:46','2021-02-16 23:11:46',NULL),(38,NULL,12,NULL,'KUSIDAS LB 4464',532351,NULL,NULL,NULL,NULL,NULL,NULL,'2021-02-16 23:11:46','2021-02-16 23:11:46',NULL),(39,NULL,12,NULL,'JOTA EMILIOS',210847,NULL,NULL,NULL,NULL,NULL,NULL,'2021-02-16 23:11:46','2021-02-16 23:11:46',NULL),(40,NULL,12,NULL,'SERVIVAL',191053,NULL,NULL,NULL,NULL,NULL,NULL,'2021-02-16 23:11:46','2021-02-16 23:11:46',NULL),(41,NULL,13,NULL,'valor aportes',298135,NULL,NULL,NULL,NULL,NULL,NULL,'2021-02-16 23:19:42','2021-02-16 23:19:42',NULL),(42,NULL,13,NULL,'GNB SUDAMERIS',235623,NULL,NULL,NULL,NULL,NULL,NULL,'2021-02-16 23:19:42','2021-02-16 23:19:42',NULL),(43,NULL,13,NULL,'PROMOTORA NACIONAL DE CREDITO',649350,NULL,NULL,NULL,NULL,NULL,NULL,'2021-02-16 23:19:42','2021-02-16 23:19:42',NULL),(44,NULL,13,NULL,'EMBARGO 1',745338,NULL,NULL,NULL,NULL,NULL,NULL,'2021-02-16 23:19:42','2021-02-16 23:19:42',NULL),(45,NULL,13,NULL,'EMBARGO 2',569777,NULL,NULL,NULL,NULL,NULL,NULL,'2021-02-16 23:19:42','2021-02-16 23:19:42',NULL),(46,NULL,14,NULL,'SUDAMERIS LBZ#6050',590,NULL,NULL,NULL,NULL,NULL,NULL,'2021-02-16 23:26:21','2021-02-16 23:26:21',NULL),(47,NULL,14,NULL,'COOPSERV APORTES',110069,NULL,NULL,NULL,NULL,NULL,NULL,'2021-02-16 23:26:21','2021-02-16 23:26:21',NULL),(48,NULL,14,NULL,'COOPSERV DESCUENTO LBZ#3087-#3337',123408,NULL,NULL,NULL,NULL,NULL,NULL,'2021-02-16 23:26:21','2021-02-16 23:26:21',NULL),(49,NULL,15,NULL,'SODEINPRO',25667,NULL,NULL,NULL,NULL,NULL,NULL,'2021-02-16 23:34:40','2021-02-16 23:34:40',NULL),(50,NULL,15,NULL,'CREDIFINANCIERA LBZ#8096',371084,NULL,NULL,NULL,NULL,NULL,NULL,'2021-02-16 23:34:40','2021-02-16 23:34:40',NULL),(51,NULL,15,NULL,'VALOR APORTES',70224,NULL,NULL,NULL,NULL,NULL,NULL,'2021-02-16 23:34:40','2021-02-16 23:34:40',NULL),(52,NULL,16,NULL,'valor aportes',176774,NULL,NULL,NULL,NULL,NULL,NULL,'2021-02-16 23:47:43','2021-02-16 23:47:43',NULL),(53,NULL,16,NULL,'COOPSERV APORTES',110484,NULL,NULL,NULL,NULL,NULL,NULL,'2021-02-16 23:47:43','2021-02-16 23:47:43',NULL),(54,NULL,16,NULL,'COOPSERV DESCUENTO #7690-#0901-#0789',333890,NULL,NULL,NULL,NULL,NULL,NULL,'2021-02-16 23:47:43','2021-02-16 23:47:43',NULL),(55,NULL,16,NULL,'EDICIONES COLOMBO ESPAÑOLAS',56514,NULL,NULL,NULL,NULL,NULL,NULL,'2021-02-16 23:47:43','2021-02-16 23:47:43',NULL),(56,NULL,16,NULL,'CONALFE',388000,NULL,NULL,NULL,NULL,NULL,NULL,'2021-02-16 23:47:43','2021-02-16 23:47:43',NULL),(57,NULL,17,NULL,'BAYPORT LB 7857 CUOTA 576,000',173000,NULL,NULL,NULL,NULL,NULL,NULL,'2021-02-16 23:58:27','2021-02-16 23:58:27',NULL),(58,NULL,17,NULL,'COOVITEL LB 0521',328185,NULL,NULL,NULL,NULL,NULL,NULL,'2021-02-16 23:58:27','2021-02-16 23:58:27',NULL),(59,NULL,17,NULL,'FINCOMERCIO LB 9273',101113,NULL,NULL,NULL,NULL,NULL,NULL,'2021-02-16 23:58:27','2021-02-16 23:58:27',NULL),(60,NULL,17,NULL,'FINCOMERCIO LB 5610',357378,NULL,NULL,NULL,NULL,NULL,NULL,'2021-02-16 23:58:27','2021-02-16 23:58:27',NULL),(61,NULL,17,NULL,'FINCOMERCIO LB 6418',105822,NULL,NULL,NULL,NULL,NULL,NULL,'2021-02-16 23:58:27','2021-02-16 23:58:27',NULL),(62,NULL,17,NULL,'VALOR APORTES',353974,NULL,NULL,NULL,NULL,NULL,NULL,'2021-02-16 23:58:27','2021-02-16 23:58:27',NULL),(63,NULL,18,NULL,'P.A FINSOCIAL #4413',456000,NULL,NULL,NULL,NULL,NULL,NULL,'2021-02-17 00:08:51','2021-02-17 00:08:51',NULL),(64,NULL,18,NULL,'VALOR APORTE',108756,NULL,NULL,NULL,NULL,NULL,NULL,'2021-02-17 00:08:51','2021-02-17 00:08:51',NULL),(65,NULL,19,NULL,'valor aportes',198288,NULL,NULL,NULL,NULL,NULL,NULL,'2021-02-17 00:27:24','2021-02-17 00:27:24',NULL),(66,NULL,19,NULL,'EXCELCREDIT LBZ#5207',530794,NULL,NULL,NULL,NULL,NULL,NULL,'2021-02-17 00:27:24','2021-02-17 00:27:24',NULL),(67,NULL,19,NULL,'EMBARGO JUDICIAL (POPULAR)',226000,NULL,NULL,NULL,NULL,NULL,NULL,'2021-02-17 00:27:24','2021-02-17 00:27:24',NULL),(68,NULL,19,NULL,'EMBARGO JUDICIAL TRES (STELLA MARTINEZ)',147543,NULL,NULL,NULL,NULL,NULL,NULL,'2021-02-17 00:27:24','2021-02-17 00:27:24',NULL),(69,NULL,19,NULL,'CK COMERCIALIZADORA',377164,NULL,NULL,NULL,NULL,NULL,NULL,'2021-02-17 00:27:24','2021-02-17 00:27:24',NULL),(70,NULL,20,NULL,'valor aportes',230978,NULL,NULL,NULL,NULL,NULL,NULL,'2021-02-17 00:35:31','2021-02-17 00:35:31',NULL),(71,NULL,20,NULL,'SUDAMERIS LBZ#2705 CUOTA 726 REEST',311262,NULL,NULL,NULL,NULL,NULL,NULL,'2021-02-17 00:35:31','2021-02-17 00:35:31',NULL),(72,NULL,20,NULL,'COOPERATIVA NUEVO MILENIO',170000,NULL,NULL,NULL,NULL,NULL,NULL,'2021-02-17 00:35:31','2021-02-17 00:35:31',NULL),(73,NULL,20,NULL,'PA FINSOCIAL LBZ#6908-#5584',733000,NULL,NULL,NULL,NULL,NULL,NULL,'2021-02-17 00:35:31','2021-02-17 00:35:31',NULL),(74,NULL,20,NULL,'VISION SOLIDARIA',170000,NULL,NULL,NULL,NULL,NULL,NULL,'2021-02-17 00:35:31','2021-02-17 00:35:31',NULL),(75,NULL,20,NULL,'SERVIVAL',186368,NULL,NULL,NULL,NULL,NULL,NULL,'2021-02-17 00:35:31','2021-02-17 00:35:31',NULL),(76,NULL,20,NULL,'QUINTERO ASOCIADOS',49240,NULL,NULL,NULL,NULL,NULL,NULL,'2021-02-17 00:35:31','2021-02-17 00:35:31',NULL),(77,NULL,21,NULL,'valor aportes',92488,NULL,NULL,NULL,NULL,NULL,NULL,'2021-02-17 22:38:06','2021-02-17 22:38:06',NULL),(78,NULL,21,NULL,'BANCO BBVA #491377',804244,NULL,NULL,NULL,NULL,NULL,NULL,'2021-02-17 22:38:06','2021-02-17 22:38:06',NULL),(79,NULL,22,NULL,'KUSIDA VIVE CREDITOS #035164',1363464,NULL,NULL,NULL,NULL,NULL,NULL,'2021-02-17 23:18:51','2021-02-17 23:18:51',NULL),(80,NULL,22,NULL,'APORTES SOCIALES',151329,NULL,NULL,NULL,NULL,NULL,NULL,'2021-02-17 23:18:51','2021-02-17 23:18:51',NULL),(81,NULL,23,NULL,'valor aportes',154975,NULL,NULL,NULL,NULL,NULL,NULL,'2021-02-17 23:27:32','2021-02-17 23:27:32',NULL),(82,NULL,23,NULL,'BANCO POPULAR LB 9587',248904,NULL,NULL,NULL,NULL,NULL,NULL,'2021-02-17 23:27:32','2021-02-17 23:27:32',NULL),(83,NULL,23,NULL,'PA (EXCELCREDIT DANN REGIONAL OBL 3478)',1137697,NULL,NULL,NULL,NULL,NULL,NULL,'2021-02-17 23:27:32','2021-02-17 23:27:32',NULL),(84,NULL,24,NULL,'valor aportes',275694,NULL,NULL,NULL,NULL,NULL,NULL,'2021-02-17 23:40:54','2021-02-17 23:40:54',NULL),(85,NULL,24,NULL,'SUMAS Y SOLUCIONES',48642,NULL,NULL,NULL,NULL,NULL,NULL,'2021-02-17 23:40:54','2021-02-17 23:40:54',NULL),(86,NULL,24,NULL,'COPIDESARROLLO OBLG 2542 CUOTA 188',100000,NULL,NULL,NULL,NULL,NULL,NULL,'2021-02-17 23:40:54','2021-02-17 23:40:54',NULL),(87,NULL,24,NULL,'VIVE CREDITOS OBLG 0482 CUOTA 829',828582,NULL,NULL,NULL,NULL,NULL,NULL,'2021-02-17 23:40:54','2021-02-17 23:40:54',NULL),(88,NULL,25,NULL,'valor aportes',294167,NULL,NULL,NULL,NULL,NULL,NULL,'2021-02-17 23:48:07','2021-02-17 23:48:07',NULL),(89,NULL,25,NULL,'GIROS Y FINANZAS # 058604',1011244,NULL,NULL,NULL,NULL,NULL,NULL,'2021-02-17 23:48:07','2021-02-17 23:48:07',NULL),(90,NULL,26,NULL,'valor aportes',223882,NULL,NULL,NULL,NULL,NULL,NULL,'2021-02-18 00:02:13','2021-02-18 00:02:13',NULL),(91,NULL,26,NULL,'FONDO CXC SUMAS Y SOLUCION #5334',109500,NULL,NULL,NULL,NULL,NULL,NULL,'2021-02-18 00:02:13','2021-02-18 00:02:13',NULL),(92,NULL,26,NULL,'SOACTIVOS',47666,NULL,NULL,NULL,NULL,NULL,NULL,'2021-02-18 00:02:13','2021-02-18 00:02:13',NULL),(93,NULL,26,NULL,'VIVE CREDITOS # 8933',30440,NULL,NULL,NULL,NULL,NULL,NULL,'2021-02-18 00:02:13','2021-02-18 00:02:13',NULL),(94,NULL,26,NULL,'JURISCOOP #0691',612229,NULL,NULL,NULL,NULL,NULL,NULL,'2021-02-18 00:02:13','2021-02-18 00:02:13',NULL),(95,NULL,27,NULL,'valor aportes',505722,NULL,NULL,NULL,NULL,NULL,NULL,'2021-02-18 00:24:11','2021-02-18 00:24:11',NULL),(96,NULL,27,NULL,'FINCOMERCIO',26000,NULL,NULL,NULL,NULL,NULL,NULL,'2021-02-18 00:24:11','2021-02-18 00:24:11',NULL),(97,NULL,27,NULL,'VIVE CREDITOS #022065',1640973,NULL,NULL,NULL,NULL,NULL,NULL,'2021-02-18 00:24:11','2021-02-18 00:24:11',NULL),(98,NULL,27,NULL,'FINCOMERCIO # 514600',113902,NULL,NULL,NULL,NULL,NULL,NULL,'2021-02-18 00:24:11','2021-02-18 00:24:11',NULL),(99,NULL,27,NULL,'BAYPORT #453519',71555,NULL,NULL,NULL,NULL,NULL,NULL,'2021-02-18 00:24:11','2021-02-18 00:24:11',NULL),(100,NULL,28,NULL,'valor aportes',802444,NULL,NULL,NULL,NULL,NULL,NULL,'2021-02-18 00:42:05','2021-02-18 00:42:05',NULL),(101,NULL,28,NULL,'SUDAMERIS # 367083',114976,NULL,NULL,NULL,NULL,NULL,NULL,'2021-02-18 00:42:05','2021-02-18 00:42:05',NULL),(102,NULL,28,NULL,'BAYPORT #185087',186397,NULL,NULL,NULL,NULL,NULL,NULL,'2021-02-18 00:42:05','2021-02-18 00:42:05',NULL),(103,NULL,28,NULL,'BBVA #623911',2636875,NULL,NULL,NULL,NULL,NULL,NULL,'2021-02-18 00:42:05','2021-02-18 00:42:05',NULL),(104,NULL,29,NULL,'valor aportes',225630,NULL,NULL,NULL,NULL,NULL,NULL,'2021-02-18 00:52:26','2021-02-18 00:52:26',NULL),(105,NULL,29,NULL,'BAYPORT # 7939',807401,NULL,NULL,NULL,NULL,NULL,NULL,'2021-02-18 00:52:26','2021-02-18 00:52:26',NULL),(106,NULL,30,NULL,'valor aportes',636115,NULL,NULL,NULL,NULL,NULL,NULL,'2021-02-18 01:01:19','2021-02-18 01:01:19',NULL),(107,NULL,30,NULL,'LAGOBO LBZ#2960',196966,NULL,NULL,NULL,NULL,NULL,NULL,'2021-02-18 01:01:19','2021-02-18 01:01:19',NULL),(108,NULL,30,NULL,'BAYPORT LBZ#3083',2131364,NULL,NULL,NULL,NULL,NULL,NULL,'2021-02-18 01:01:19','2021-02-18 01:01:19',NULL),(109,NULL,31,NULL,'valor aportes',166829,NULL,NULL,NULL,NULL,NULL,NULL,'2021-02-18 22:05:42','2021-02-18 22:05:42',NULL),(110,NULL,31,NULL,'CREDIFINANCIERA',70462,NULL,NULL,NULL,NULL,NULL,NULL,'2021-02-18 22:05:42','2021-02-18 22:05:42',NULL),(111,NULL,31,NULL,'EXCELCREDIT',882813,NULL,NULL,NULL,NULL,NULL,NULL,'2021-02-18 22:05:42','2021-02-18 22:05:42',NULL),(112,NULL,32,NULL,'valor aportes',301426,NULL,NULL,NULL,NULL,NULL,NULL,'2021-02-18 22:15:25','2021-02-18 22:15:25',NULL),(113,NULL,32,NULL,'REAL/DATA Y CIFIN',1102693,NULL,NULL,NULL,NULL,NULL,NULL,'2021-02-18 22:15:25','2021-02-18 22:15:25',NULL),(114,NULL,33,NULL,'valor aportes',201296,NULL,NULL,NULL,NULL,NULL,NULL,'2021-02-18 22:21:34','2021-02-18 22:21:34',NULL),(115,NULL,33,NULL,'COLCREDIT #',210000,NULL,NULL,NULL,NULL,NULL,NULL,'2021-02-18 22:21:34','2021-02-18 22:21:34',NULL),(116,NULL,33,NULL,'FIMSA BAYPORT #  371476',1170943,NULL,NULL,NULL,NULL,NULL,NULL,'2021-02-18 22:21:34','2021-02-18 22:21:34',NULL),(117,NULL,34,NULL,'valor aportes',157725,NULL,NULL,NULL,NULL,NULL,NULL,'2021-02-18 22:27:13','2021-02-18 22:27:13',NULL),(118,NULL,34,NULL,'PROFAMSANGI# embargo',599356,NULL,NULL,NULL,NULL,NULL,NULL,'2021-02-18 22:27:13','2021-02-18 22:27:13',NULL),(119,NULL,34,NULL,'BANCO DE BOGOTA # 141331',110000,NULL,NULL,NULL,NULL,NULL,NULL,'2021-02-18 22:27:13','2021-02-18 22:27:13',NULL),(120,NULL,34,NULL,'KUSIDA -VIVE# 036594',692720,NULL,NULL,NULL,NULL,NULL,NULL,'2021-02-18 22:27:13','2021-02-18 22:27:13',NULL),(121,NULL,35,NULL,'valor aportes',127918,NULL,NULL,NULL,NULL,NULL,NULL,'2021-02-18 22:32:58','2021-02-18 22:32:58',NULL),(122,NULL,35,NULL,'BAYPORT #1088',534222,NULL,NULL,NULL,NULL,NULL,NULL,'2021-02-18 22:32:58','2021-02-18 22:32:58',NULL),(123,NULL,36,NULL,'valor aportes',341360,NULL,NULL,NULL,NULL,NULL,NULL,'2021-02-18 22:40:35','2021-02-18 22:40:35',NULL),(124,NULL,36,NULL,'COOBOLARQUI # 008150',108386,NULL,NULL,NULL,NULL,NULL,NULL,'2021-02-18 22:40:35','2021-02-18 22:40:35',NULL),(125,NULL,36,NULL,'GIROS Y FINANZAS # 032228',1010652,NULL,NULL,NULL,NULL,NULL,NULL,'2021-02-18 22:40:35','2021-02-18 22:40:35',NULL),(126,NULL,36,NULL,'ASISCREDIT SAS # 0A5174',130900,NULL,NULL,NULL,NULL,NULL,NULL,'2021-02-18 22:40:35','2021-02-18 22:40:35',NULL),(127,NULL,37,NULL,'valor aportes',35112,NULL,NULL,NULL,NULL,NULL,NULL,'2021-02-18 22:47:45','2021-02-18 22:47:45',NULL),(128,NULL,37,NULL,'FIMSA-BAYPORT #4717',17454,NULL,NULL,NULL,NULL,NULL,NULL,'2021-02-18 22:47:45','2021-02-18 22:47:45',NULL),(129,NULL,37,NULL,'GIROS Y FINANZAS #1441',360000,NULL,NULL,NULL,NULL,NULL,NULL,'2021-02-18 22:47:45','2021-02-18 22:47:45',NULL),(130,NULL,38,NULL,'valor aportes',102335,NULL,NULL,NULL,NULL,NULL,NULL,'2021-02-18 22:54:57','2021-02-18 22:54:57',NULL),(131,NULL,38,NULL,'COOBOLARQUI # 613540',60993,NULL,NULL,NULL,NULL,NULL,NULL,'2021-02-18 22:54:57','2021-02-18 22:54:57',NULL),(132,NULL,38,NULL,'BAYPORT # 346831',26785,NULL,NULL,NULL,NULL,NULL,NULL,'2021-02-18 22:54:57','2021-02-18 22:54:57',NULL),(133,NULL,38,NULL,'FINSOCIAL #',345000,NULL,NULL,NULL,NULL,NULL,NULL,'2021-02-18 22:54:57','2021-02-18 22:54:57',NULL),(134,NULL,39,NULL,'valor aportes',342146,NULL,NULL,NULL,NULL,NULL,NULL,'2021-02-18 23:30:25','2021-02-18 23:30:25',NULL),(135,NULL,39,NULL,'KUSIDA VIVE LBZ#0051',291756,NULL,NULL,NULL,NULL,NULL,NULL,'2021-02-18 23:30:25','2021-02-18 23:30:25',NULL),(136,NULL,39,NULL,'P.A FINSOCIAL LBZ#3632-#5884',398000,NULL,NULL,NULL,NULL,NULL,NULL,'2021-02-18 23:30:25','2021-02-18 23:30:25',NULL),(137,NULL,39,NULL,'VISION SOLIDARIA',256000,NULL,NULL,NULL,NULL,NULL,NULL,'2021-02-18 23:30:25','2021-02-18 23:30:25',NULL),(138,NULL,39,NULL,'BANCO POPULAR LBZ #1120',904760,NULL,NULL,NULL,NULL,NULL,NULL,'2021-02-18 23:30:25','2021-02-18 23:30:25',NULL),(139,NULL,39,NULL,'SERVIVAL',249475,NULL,NULL,NULL,NULL,NULL,NULL,'2021-02-18 23:30:25','2021-02-18 23:30:25',NULL),(140,NULL,40,NULL,'valor aportes',70224,NULL,NULL,NULL,NULL,NULL,NULL,'2021-02-18 23:36:50','2021-02-18 23:36:50',NULL),(141,NULL,40,NULL,'COOPNALPENS',17556,NULL,NULL,NULL,NULL,NULL,NULL,'2021-02-18 23:36:50','2021-02-18 23:36:50',NULL),(142,NULL,40,NULL,'COOPNALPENS',18000,NULL,NULL,NULL,NULL,NULL,NULL,'2021-02-18 23:36:50','2021-02-18 23:36:50',NULL),(143,NULL,40,NULL,'SUMAS Y SOLUCIONES # 097478',364833,NULL,NULL,NULL,NULL,NULL,NULL,'2021-02-18 23:36:50','2021-02-18 23:36:50',NULL),(144,NULL,41,NULL,'valor aportes',70224,NULL,NULL,NULL,NULL,NULL,NULL,'2021-02-18 23:43:51','2021-02-18 23:43:51',NULL),(145,NULL,41,NULL,'SUMAS Y SOLUCIONES # 94956',402555,NULL,NULL,NULL,NULL,NULL,NULL,'2021-02-18 23:43:51','2021-02-18 23:43:51',NULL),(146,NULL,42,NULL,'valor aportes',70224,NULL,NULL,NULL,NULL,NULL,NULL,'2021-02-18 23:54:58','2021-02-18 23:54:58',NULL),(147,NULL,42,NULL,'BAYPORT #1611',374067,NULL,NULL,NULL,NULL,NULL,NULL,'2021-02-18 23:54:58','2021-02-18 23:54:58',NULL),(148,NULL,43,NULL,'valor aportes',467385,NULL,NULL,NULL,NULL,NULL,NULL,'2021-02-19 00:17:09','2021-02-19 00:17:09',NULL),(149,NULL,43,NULL,'BANCO POPULAR #4734',1511622,NULL,NULL,NULL,NULL,NULL,NULL,'2021-02-19 00:17:09','2021-02-19 00:17:09',NULL),(150,NULL,43,NULL,'CREDIVALORES-CREDISERVICIOS#',181387,NULL,NULL,NULL,NULL,NULL,NULL,'2021-02-19 00:17:09','2021-02-19 00:17:09',NULL),(151,NULL,44,NULL,'valor aportes',347831,NULL,NULL,NULL,NULL,NULL,NULL,'2021-02-19 00:28:01','2021-02-19 00:28:01',NULL),(152,NULL,44,NULL,'BANCO POPULAR LBZ#0750',1068799,NULL,NULL,NULL,NULL,NULL,NULL,'2021-02-19 00:28:01','2021-02-19 00:28:01',NULL),(153,NULL,44,NULL,'EXCELCREDIT LBZ#9028',147633,NULL,NULL,NULL,NULL,NULL,NULL,'2021-02-19 00:28:01','2021-02-19 00:28:01',NULL),(154,NULL,45,NULL,'valor aportes',147088,NULL,NULL,NULL,NULL,NULL,NULL,'2021-02-19 19:01:37','2021-02-19 19:01:37',NULL),(155,NULL,45,NULL,'GIROS Y FINANZAS #0032',1207080,NULL,NULL,NULL,NULL,NULL,NULL,'2021-02-19 19:01:37','2021-02-19 19:01:37',NULL),(156,NULL,46,NULL,'valor aportes',110237,NULL,NULL,NULL,NULL,NULL,NULL,'2021-02-19 19:13:22','2021-02-19 19:13:22',NULL),(157,NULL,46,NULL,'BANCO POPULAR # 002453',798064,NULL,NULL,NULL,NULL,NULL,NULL,'2021-02-19 19:13:22','2021-02-19 19:13:22',NULL),(158,NULL,47,NULL,'valor aportes',240149,NULL,NULL,NULL,NULL,NULL,NULL,'2021-02-19 19:30:34','2021-02-19 19:30:34',NULL),(159,NULL,47,NULL,'PICHCINCHA SA #0817',855443,NULL,NULL,NULL,NULL,NULL,NULL,'2021-02-19 19:30:34','2021-02-19 19:30:34',NULL),(160,NULL,47,NULL,'BAYPORT #0588',170265,NULL,NULL,NULL,NULL,NULL,NULL,'2021-02-19 19:30:34','2021-02-19 19:30:34',NULL),(161,NULL,47,NULL,'CREDITOUNIDOS',39000,NULL,NULL,NULL,NULL,NULL,NULL,'2021-02-19 19:30:34','2021-02-19 19:30:34',NULL),(162,NULL,47,NULL,'COOSERPAK',39907,NULL,NULL,NULL,NULL,NULL,NULL,'2021-02-19 19:30:34','2021-02-19 19:30:34',NULL),(163,NULL,47,NULL,'D&PSA',33007,NULL,NULL,NULL,NULL,NULL,NULL,'2021-02-19 19:30:34','2021-02-19 19:30:34',NULL),(164,NULL,48,NULL,'valor aportes',312007,NULL,NULL,NULL,NULL,NULL,NULL,'2021-02-19 21:33:51','2021-02-19 21:33:51',NULL),(165,NULL,48,NULL,'BANCO POPULAR  #0057',1034412,NULL,NULL,NULL,NULL,NULL,NULL,'2021-02-19 21:33:51','2021-02-19 21:33:51',NULL),(166,NULL,48,NULL,'BAYPORT #6731',56349,NULL,NULL,NULL,NULL,NULL,NULL,'2021-02-19 21:33:51','2021-02-19 21:33:51',NULL),(167,NULL,48,NULL,'PATRI AUTON ALFA-VIVE CRE-# 9546',46499,NULL,NULL,NULL,NULL,NULL,NULL,'2021-02-19 21:33:51','2021-02-19 21:33:51',NULL),(168,NULL,49,NULL,'valor aportes',931636,NULL,NULL,NULL,NULL,NULL,NULL,'2021-02-19 21:57:21','2021-02-19 21:57:21',NULL),(169,NULL,49,NULL,'FONDO ABIERTO-SUMAS Y SOLUCI# 5650',172082,NULL,NULL,NULL,NULL,NULL,NULL,'2021-02-19 21:57:21','2021-02-19 21:57:21',NULL),(170,NULL,49,NULL,'SUMAS Y SOLUCIONES #1543',1183671,NULL,NULL,NULL,NULL,NULL,NULL,'2021-02-19 21:57:21','2021-02-19 21:57:21',NULL),(171,NULL,49,NULL,'ARQUI FINANCI SAS # 9235',1274313,NULL,NULL,NULL,NULL,NULL,NULL,'2021-02-19 21:57:21','2021-02-19 21:57:21',NULL),(172,NULL,49,NULL,'EXCEL CREDIT # 6749',650599,NULL,NULL,NULL,NULL,NULL,NULL,'2021-02-19 21:57:21','2021-02-19 21:57:21',NULL),(173,NULL,50,NULL,'valor aportes',203970,NULL,NULL,NULL,NULL,NULL,NULL,'2021-02-19 22:05:23','2021-02-19 22:05:23',NULL),(174,NULL,50,NULL,'BAYPORT #4585',975742,NULL,NULL,NULL,NULL,NULL,NULL,'2021-02-19 22:05:23','2021-02-19 22:05:23',NULL),(175,NULL,51,NULL,'valor aportes',300113,NULL,NULL,NULL,NULL,NULL,NULL,'2021-02-19 22:17:12','2021-02-19 22:17:12',NULL),(176,NULL,51,NULL,'SOLFINANZAS DE COLOMBIA #4132',39868,NULL,NULL,NULL,NULL,NULL,NULL,'2021-02-19 22:17:12','2021-02-19 22:17:12',NULL),(177,NULL,51,NULL,'SOLFINANZAS DE COLOMBIA #9997',47767,NULL,NULL,NULL,NULL,NULL,NULL,'2021-02-19 22:17:12','2021-02-19 22:17:12',NULL),(178,NULL,51,NULL,'BANCO GNB #7709',1003830,NULL,NULL,NULL,NULL,NULL,NULL,'2021-02-19 22:17:12','2021-02-19 22:17:12',NULL),(179,NULL,52,NULL,'valor aportes',98345,NULL,NULL,NULL,NULL,NULL,NULL,'2021-02-19 22:33:55','2021-02-19 22:33:55',NULL),(180,NULL,52,NULL,'BBVA # 7903',213000,NULL,NULL,NULL,NULL,NULL,NULL,'2021-02-19 22:33:55','2021-02-19 22:33:55',NULL),(181,NULL,52,NULL,'PA ONEST COLTEFINANCIERA#4367',29607,NULL,NULL,NULL,NULL,NULL,NULL,'2021-02-19 22:33:55','2021-02-19 22:33:55',NULL),(182,NULL,53,NULL,'valor aportes',97670,NULL,NULL,NULL,NULL,NULL,NULL,'2021-02-19 23:01:02','2021-02-19 23:01:02',NULL),(183,NULL,53,NULL,'BANCO POPULAR #0629',402972,NULL,NULL,NULL,NULL,NULL,NULL,'2021-02-19 23:01:02','2021-02-19 23:01:02',NULL),(184,NULL,54,NULL,'valor aportes',339545,NULL,NULL,NULL,NULL,NULL,NULL,'2021-02-20 00:08:39','2021-02-20 00:08:39',NULL),(185,NULL,54,NULL,'BANCO POPULAR #6811',1052440,NULL,NULL,NULL,NULL,NULL,NULL,'2021-02-20 00:08:39','2021-02-20 00:08:39',NULL),(186,NULL,54,NULL,'COONFIE #5167',990591,NULL,NULL,NULL,NULL,NULL,NULL,'2021-02-20 00:08:39','2021-02-20 00:08:39',NULL),(187,NULL,54,NULL,'COOP DE CRED Y SER-COOPCOMUNIDAD#6817',166604,NULL,NULL,NULL,NULL,NULL,NULL,'2021-02-20 00:08:39','2021-02-20 00:08:39',NULL),(188,NULL,55,NULL,'valor aportes',342182,NULL,NULL,NULL,NULL,NULL,NULL,'2021-02-20 00:17:21','2021-02-20 00:17:21',NULL),(189,NULL,55,NULL,'P.A EXCELCREDIT 1 (10 DE 120) LBZ#4015',1162894,NULL,NULL,NULL,NULL,NULL,NULL,'2021-02-20 00:17:21','2021-02-20 00:17:21',NULL),(190,NULL,56,NULL,'valor aportes',233927,NULL,NULL,NULL,NULL,NULL,NULL,'2021-02-20 00:23:56','2021-02-20 00:23:56',NULL),(191,NULL,56,NULL,'GESFIDUCIA-AYUDAS Y GESTIONES AG3 # 004999',400000,NULL,NULL,NULL,NULL,NULL,NULL,'2021-02-20 00:23:56','2021-02-20 00:23:56',NULL),(192,NULL,56,NULL,'GESFIDUCIA-AYUDAS Y GESTIONES AG3 # 004998',38000,NULL,NULL,NULL,NULL,NULL,NULL,'2021-02-20 00:23:56','2021-02-20 00:23:56',NULL),(193,NULL,56,NULL,'PA ESEEFECTIVO #',225000,NULL,NULL,NULL,NULL,NULL,NULL,'2021-02-20 00:23:56','2021-02-20 00:23:56',NULL),(194,NULL,56,NULL,'PA ESEEFECTIVO#',180000,NULL,NULL,NULL,NULL,NULL,NULL,'2021-02-20 00:23:56','2021-02-20 00:23:56',NULL),(195,NULL,57,NULL,'valor aportes',77141,NULL,NULL,NULL,NULL,NULL,NULL,'2021-02-20 00:50:22','2021-02-20 00:50:22',NULL),(196,NULL,2,NULL,'valor aportes',96280,NULL,NULL,NULL,NULL,NULL,NULL,'2021-02-20 00:55:53','2021-02-20 00:55:53',NULL),(197,NULL,58,NULL,'valor aportes',297998,NULL,NULL,NULL,NULL,NULL,NULL,'2021-02-20 01:04:23','2021-02-20 01:04:23',NULL),(198,NULL,58,NULL,'GNB SUDAMERIS #9996',1020126,NULL,NULL,NULL,NULL,NULL,NULL,'2021-02-20 01:04:23','2021-02-20 01:04:23',NULL),(199,NULL,58,NULL,'PA ESE EFECTIVO LIB KREDIT #0199',68000,NULL,NULL,NULL,NULL,NULL,NULL,'2021-02-20 01:04:23','2021-02-20 01:04:23',NULL),(200,NULL,3,NULL,'Aportes',93749,NULL,NULL,NULL,NULL,NULL,NULL,'2021-02-22 10:55:19','2021-02-22 11:30:32','2021-02-22 11:30:32'),(201,NULL,3,NULL,'COOPROSOL',101000,NULL,NULL,NULL,NULL,NULL,NULL,'2021-02-22 10:55:19','2021-02-22 11:30:32','2021-02-22 11:30:32'),(202,NULL,3,NULL,'COLPATRIA #0806',215817,NULL,NULL,NULL,NULL,NULL,NULL,'2021-02-22 10:55:19','2021-02-22 11:30:32','2021-02-22 11:30:32'),(203,NULL,3,NULL,'Aportes',93749,NULL,NULL,NULL,NULL,NULL,NULL,'2021-02-22 11:30:32','2021-02-22 16:52:16','2021-02-22 16:52:16'),(204,NULL,3,NULL,'COOPROSOL',101000,NULL,NULL,NULL,NULL,NULL,NULL,'2021-02-22 11:30:32','2021-02-22 16:52:16','2021-02-22 16:52:16'),(205,NULL,3,NULL,'COLPATRIA #0806',215817,NULL,NULL,NULL,NULL,NULL,NULL,'2021-02-22 11:30:32','2021-02-22 16:52:16','2021-02-22 16:52:16'),(206,NULL,3,NULL,'Aportes',93749,NULL,NULL,NULL,NULL,NULL,NULL,'2021-02-22 16:52:16','2021-02-22 16:52:16',NULL),(207,NULL,3,NULL,'COOPROSOL',101000,NULL,NULL,NULL,NULL,NULL,NULL,'2021-02-22 16:52:16','2021-02-22 16:52:16',NULL),(208,NULL,3,NULL,'COLPATRIA #0806',215817,NULL,NULL,NULL,NULL,NULL,NULL,'2021-02-22 16:52:16','2021-02-22 16:52:16',NULL),(209,NULL,4,NULL,'valor aportes',291354,NULL,NULL,NULL,NULL,NULL,NULL,'2021-02-22 17:04:48','2021-02-22 17:07:59','2021-02-22 17:07:59'),(210,NULL,4,NULL,'cooafin 5364',951472,NULL,NULL,NULL,NULL,NULL,NULL,'2021-02-22 17:04:48','2021-02-22 17:07:59','2021-02-22 17:07:59'),(211,NULL,4,NULL,'conalfe',116000,NULL,NULL,NULL,NULL,NULL,NULL,'2021-02-22 17:04:48','2021-02-22 17:07:59','2021-02-22 17:07:59'),(212,NULL,4,NULL,'embargo',1176532,NULL,NULL,NULL,NULL,NULL,NULL,'2021-02-22 17:04:48','2021-02-22 17:07:59','2021-02-22 17:07:59'),(213,NULL,4,NULL,'feade',100000,NULL,NULL,NULL,NULL,NULL,NULL,'2021-02-22 17:04:48','2021-02-22 17:07:59','2021-02-22 17:07:59'),(214,NULL,4,NULL,'aporte asociacion  institutores del cauca',25493,NULL,NULL,NULL,NULL,NULL,NULL,'2021-02-22 17:04:48','2021-02-22 17:07:59','2021-02-22 17:07:59'),(215,NULL,4,NULL,'provitec libranza',65500,NULL,NULL,NULL,NULL,NULL,NULL,'2021-02-22 17:04:48','2021-02-22 17:07:59','2021-02-22 17:07:59'),(216,NULL,4,NULL,'provitec otros',50000,NULL,NULL,NULL,NULL,NULL,NULL,'2021-02-22 17:04:48','2021-02-22 17:07:59','2021-02-22 17:07:59'),(217,NULL,4,NULL,'cooperativa nacional de recaudo',66596,NULL,NULL,NULL,NULL,NULL,NULL,'2021-02-22 17:04:48','2021-02-22 17:07:59','2021-02-22 17:07:59'),(218,NULL,4,NULL,'valor aportes',291354,NULL,NULL,NULL,NULL,NULL,NULL,'2021-02-22 17:07:59','2021-02-22 17:07:59',NULL),(219,NULL,4,NULL,'cooafin 5364',951472,NULL,NULL,NULL,NULL,NULL,NULL,'2021-02-22 17:07:59','2021-02-22 17:07:59',NULL),(220,NULL,4,NULL,'conalfe',116000,NULL,NULL,NULL,NULL,NULL,NULL,'2021-02-22 17:07:59','2021-02-22 17:07:59',NULL),(221,NULL,4,NULL,'embargo',1176532,NULL,NULL,NULL,NULL,NULL,NULL,'2021-02-22 17:07:59','2021-02-22 17:07:59',NULL),(222,NULL,4,NULL,'feade',100000,NULL,NULL,NULL,NULL,NULL,NULL,'2021-02-22 17:07:59','2021-02-22 17:07:59',NULL),(223,NULL,4,NULL,'aporte asociacion  institutores del cauca',25493,NULL,NULL,NULL,NULL,NULL,NULL,'2021-02-22 17:07:59','2021-02-22 17:07:59',NULL),(224,NULL,4,NULL,'provitec libranza',65500,NULL,NULL,NULL,NULL,NULL,NULL,'2021-02-22 17:07:59','2021-02-22 17:07:59',NULL),(225,NULL,4,NULL,'provitec otros',50000,NULL,NULL,NULL,NULL,NULL,NULL,'2021-02-22 17:07:59','2021-02-22 17:07:59',NULL),(226,NULL,4,NULL,'cooperativa nacional de recaudo',66596,NULL,NULL,NULL,NULL,NULL,NULL,'2021-02-22 17:07:59','2021-02-22 17:07:59',NULL),(227,NULL,5,NULL,'valor aportes',313599,NULL,NULL,NULL,NULL,NULL,NULL,'2021-02-22 17:38:09','2021-02-22 17:38:09',NULL),(228,NULL,5,NULL,'pa finsocial 50001',382000,NULL,NULL,NULL,NULL,NULL,NULL,'2021-02-22 17:38:09','2021-02-22 17:38:09',NULL),(229,NULL,5,NULL,'CK COMERCIALIZADORA',705397,NULL,NULL,NULL,NULL,NULL,NULL,'2021-02-22 17:38:09','2021-02-22 17:38:09',NULL),(230,NULL,5,NULL,'davivienda 2840-2857',1233000,NULL,NULL,NULL,NULL,NULL,NULL,'2021-02-22 17:38:09','2021-02-22 17:38:09',NULL),(231,NULL,59,NULL,'valor aportes',380282,NULL,NULL,NULL,NULL,NULL,NULL,'2021-02-22 20:23:00','2021-02-22 20:23:00',NULL),(232,NULL,59,NULL,'LIB BANCO POPULAR # 3516',1166966,NULL,NULL,NULL,NULL,NULL,NULL,'2021-02-22 20:23:00','2021-02-22 20:23:00',NULL),(233,NULL,60,NULL,'valor aportes',70224,NULL,NULL,NULL,NULL,NULL,NULL,'2021-02-22 21:59:26','2021-02-22 21:59:26',NULL),(234,NULL,60,NULL,'CREDFINANCIERA #1720',72425,NULL,NULL,NULL,NULL,NULL,NULL,'2021-02-22 21:59:26','2021-02-22 21:59:26',NULL),(235,NULL,60,NULL,'SUDAMERIS #2741',327753,NULL,NULL,NULL,NULL,NULL,NULL,'2021-02-22 21:59:26','2021-02-22 21:59:26',NULL),(236,NULL,61,NULL,'valor aportes',176774,NULL,NULL,NULL,NULL,NULL,NULL,'2021-02-22 23:25:19','2021-02-22 23:25:19',NULL),(237,NULL,61,NULL,'COOP SERV PUL COOPSERP- # 4893-4233',394568,NULL,NULL,NULL,NULL,NULL,NULL,'2021-02-22 23:25:19','2021-02-22 23:25:19',NULL),(238,NULL,61,NULL,'PAT AUTO ESEFECTIVO KREDIT PLUS #5657',717000,NULL,NULL,NULL,NULL,NULL,NULL,'2021-02-22 23:25:19','2021-02-22 23:25:19',NULL),(239,NULL,61,NULL,'INVERSIONES AUDIOCOLOR #',176000,NULL,NULL,NULL,NULL,NULL,NULL,'2021-02-22 23:25:19','2021-02-22 23:25:19',NULL),(240,NULL,61,NULL,'COOP DE CRE SER COOPCOMUNIDAD #8680',108386,NULL,NULL,NULL,NULL,NULL,NULL,'2021-02-22 23:25:19','2021-02-22 23:25:19',NULL),(241,NULL,62,NULL,'valor aportes',176774,NULL,NULL,NULL,NULL,NULL,NULL,'2021-02-22 23:48:19','2021-02-22 23:48:19',NULL),(242,NULL,62,NULL,'BANCO POPULAR #2510',722928,NULL,NULL,NULL,NULL,NULL,NULL,'2021-02-22 23:48:19','2021-02-22 23:48:19',NULL),(243,NULL,62,NULL,'SERVICOL #2452',60000,NULL,NULL,NULL,NULL,NULL,NULL,'2021-02-22 23:48:19','2021-02-22 23:48:19',NULL),(244,NULL,63,NULL,'valor aportes',923801,NULL,NULL,NULL,NULL,NULL,NULL,'2021-02-22 23:59:57','2021-02-22 23:59:57',NULL),(245,NULL,63,NULL,'EMBARGO CONCILIACION',1026066,NULL,NULL,NULL,NULL,NULL,NULL,'2021-02-22 23:59:57','2021-02-22 23:59:57',NULL),(246,NULL,63,NULL,'EMBARGO CONCILIACION',1368088,NULL,NULL,NULL,NULL,NULL,NULL,'2021-02-22 23:59:57','2021-02-22 23:59:57',NULL),(247,NULL,63,NULL,'SUDAMERIS # 5146',48100,NULL,NULL,NULL,NULL,NULL,NULL,'2021-02-22 23:59:57','2021-02-22 23:59:57',NULL),(248,NULL,63,NULL,'CREDIFINANCIERA SA #2778',233208,NULL,NULL,NULL,NULL,NULL,NULL,'2021-02-22 23:59:57','2021-02-22 23:59:57',NULL),(249,NULL,63,NULL,'EXCELCREDIT #5661',744732,NULL,NULL,NULL,NULL,NULL,NULL,'2021-02-22 23:59:57','2021-02-22 23:59:57',NULL),(250,NULL,64,NULL,'valor aportes',234615,NULL,NULL,NULL,NULL,NULL,NULL,'2021-02-23 00:19:00','2021-02-23 00:19:00',NULL),(251,NULL,64,NULL,'BANCO POPULAR LBZ#3599',424097,NULL,NULL,NULL,NULL,NULL,NULL,'2021-02-23 00:19:00','2021-02-23 00:19:00',NULL),(252,NULL,64,NULL,'BANCO BBVA LBZ#0345',681139,NULL,NULL,NULL,NULL,NULL,NULL,'2021-02-23 00:19:00','2021-02-23 00:19:00',NULL),(253,NULL,64,NULL,'FIMSA-BAYPORT LBZ#8314',249838,NULL,NULL,NULL,NULL,NULL,NULL,'2021-02-23 00:19:00','2021-02-23 00:19:00',NULL),(254,NULL,65,NULL,'valor aportes',72682,NULL,NULL,NULL,NULL,NULL,NULL,'2021-02-23 00:41:48','2021-02-23 00:41:48',NULL),(255,NULL,65,NULL,'PRESTAMO ALPHA- VIVE#',37000,NULL,NULL,NULL,NULL,NULL,NULL,'2021-02-23 00:41:48','2021-02-23 00:41:48',NULL),(256,NULL,65,NULL,'SOEMPRESARIAL SAS #007372',45066,NULL,NULL,NULL,NULL,NULL,NULL,'2021-02-23 00:41:48','2021-02-23 00:41:48',NULL),(257,NULL,65,NULL,'CREDIVALORES #173332',309987,NULL,NULL,NULL,NULL,NULL,NULL,'2021-02-23 00:41:48','2021-02-23 00:41:48',NULL),(258,NULL,66,NULL,'valor aportes',339545,NULL,NULL,NULL,NULL,NULL,NULL,'2021-02-23 22:32:52','2021-02-23 22:32:52',NULL),(259,NULL,66,NULL,'BANCO POPULAR #0334',1199016,NULL,NULL,NULL,NULL,NULL,NULL,'2021-02-23 22:32:52','2021-02-23 22:32:52',NULL),(260,NULL,66,NULL,'SERVIVAL',182555,NULL,NULL,NULL,NULL,NULL,NULL,'2021-02-23 22:32:52','2021-02-23 22:32:52',NULL),(261,NULL,67,NULL,'valor aportes',127386,NULL,NULL,NULL,NULL,NULL,NULL,'2021-02-23 23:45:22','2021-02-23 23:45:22',NULL),(262,NULL,67,NULL,'COOPERATIVA COOPATRIA',64680,NULL,NULL,NULL,NULL,NULL,NULL,'2021-02-23 23:45:22','2021-02-23 23:45:22',NULL),(263,NULL,67,NULL,'BAYPORT # 381653',1131707,NULL,NULL,NULL,NULL,NULL,NULL,'2021-02-23 23:45:22','2021-02-23 23:45:22',NULL),(264,NULL,68,NULL,'valor aportes',88206,NULL,NULL,NULL,NULL,NULL,NULL,'2021-02-23 23:57:58','2021-02-23 23:57:58',NULL),(265,NULL,68,NULL,'CREDIFINANCIERA #3464',22695,NULL,NULL,NULL,NULL,NULL,NULL,'2021-02-23 23:57:58','2021-02-23 23:57:58',NULL),(266,NULL,68,NULL,'PRODUCTOS Y VALORES',79467,NULL,NULL,NULL,NULL,NULL,NULL,'2021-02-23 23:57:58','2021-02-23 23:57:58',NULL),(267,NULL,68,NULL,'EXCEL CREDIT DAN REGIONAL#7736',274183,NULL,NULL,NULL,NULL,NULL,NULL,'2021-02-23 23:57:58','2021-02-23 23:57:58',NULL),(268,NULL,69,NULL,'valor aportes',401262,NULL,NULL,NULL,NULL,NULL,NULL,'2021-02-24 00:12:23','2021-02-24 00:12:23',NULL),(269,NULL,69,NULL,'BYP CAPITAL # 4860',44917,NULL,NULL,NULL,NULL,NULL,NULL,'2021-02-24 00:12:23','2021-02-24 00:12:23',NULL),(270,NULL,69,NULL,'SUMA #0155',90199,NULL,NULL,NULL,NULL,NULL,NULL,'2021-02-24 00:12:23','2021-02-24 00:12:23',NULL),(271,NULL,69,NULL,'SUMA # 2062',434848,NULL,NULL,NULL,NULL,NULL,NULL,'2021-02-24 00:12:23','2021-02-24 00:12:23',NULL),(272,NULL,69,NULL,'LGB SAS LAGOBO # 7132',829893,NULL,NULL,NULL,NULL,NULL,NULL,'2021-02-24 00:12:23','2021-02-24 00:12:23',NULL),(273,NULL,70,NULL,'FINSOCIAL # 4133',278000,NULL,NULL,NULL,NULL,NULL,NULL,'2021-02-24 11:20:02','2021-02-24 11:44:15','2021-02-24 11:44:15'),(274,NULL,70,NULL,'GNB SUDAMERIS # 9330',875766,NULL,NULL,NULL,NULL,NULL,NULL,'2021-02-24 11:20:02','2021-02-24 11:44:15','2021-02-24 11:44:15'),(275,NULL,70,NULL,'FINSOCIAL # 4133',278000,NULL,NULL,NULL,NULL,NULL,NULL,'2021-02-24 11:44:15','2021-02-24 11:44:21','2021-02-24 11:44:21'),(276,NULL,70,NULL,'GNB SUDAMERIS # 9330',875766,NULL,NULL,NULL,NULL,NULL,NULL,'2021-02-24 11:44:15','2021-02-24 11:44:21','2021-02-24 11:44:21'),(277,NULL,70,NULL,'FINSOCIAL # 4133',278000,NULL,NULL,NULL,NULL,NULL,NULL,'2021-02-24 11:44:21','2021-02-24 11:44:21',NULL),(278,NULL,70,NULL,'GNB SUDAMERIS # 9330',875766,NULL,NULL,NULL,NULL,NULL,NULL,'2021-02-24 11:44:21','2021-02-24 11:44:21',NULL),(279,NULL,71,NULL,'valor aportes',65430,NULL,NULL,NULL,NULL,NULL,NULL,'2021-02-24 18:51:01','2021-02-24 18:51:01',NULL),(280,NULL,71,NULL,'FDOCIVCIRCULO #420501',117000,NULL,NULL,NULL,NULL,NULL,NULL,'2021-02-24 18:51:01','2021-02-24 18:51:01',NULL),(281,NULL,71,NULL,'FDOCIVCIRCULO #420501',60000,NULL,NULL,NULL,NULL,NULL,NULL,'2021-02-24 18:51:01','2021-02-24 18:51:01',NULL),(282,NULL,71,NULL,'BAYPORT #187396',515243,NULL,NULL,NULL,NULL,NULL,NULL,'2021-02-24 18:51:01','2021-02-24 18:51:01',NULL),(283,NULL,72,NULL,'valor aportes',77509,NULL,NULL,NULL,NULL,NULL,NULL,'2021-02-24 19:38:29','2021-02-24 19:38:29',NULL),(284,NULL,72,NULL,'COOPNALSERVI',10000,NULL,NULL,NULL,NULL,NULL,NULL,'2021-02-24 19:38:29','2021-02-24 19:38:29',NULL),(285,NULL,72,NULL,'BANCO DE OCCIDENTE',230376,NULL,NULL,NULL,NULL,NULL,NULL,'2021-02-24 19:38:29','2021-02-24 19:38:29',NULL),(286,NULL,72,NULL,'ASISCREDITSAS',131503,NULL,NULL,NULL,NULL,NULL,NULL,'2021-02-24 19:38:29','2021-02-24 19:38:29',NULL),(287,NULL,73,NULL,'valor aportes',126780,NULL,NULL,NULL,NULL,NULL,NULL,'2021-02-24 20:50:19','2021-02-24 20:50:19',NULL),(288,NULL,73,NULL,'AFILIACION CORFINCORA',63390,NULL,NULL,NULL,NULL,NULL,NULL,'2021-02-24 20:50:19','2021-02-24 20:50:19',NULL),(289,NULL,73,NULL,'BANCO WWB #900376',286969,NULL,NULL,NULL,NULL,NULL,NULL,'2021-02-24 20:50:19','2021-02-24 20:50:19',NULL),(290,NULL,73,NULL,'BAYPORT #460457',212086,NULL,NULL,NULL,NULL,NULL,NULL,'2021-02-24 20:50:19','2021-02-24 20:50:19',NULL),(291,NULL,74,NULL,'valor aportes',176774,NULL,NULL,NULL,NULL,NULL,NULL,'2021-02-25 16:27:18','2021-02-25 16:27:18',NULL),(292,NULL,74,NULL,'BANCO BBVA LBZ#9054',33114,NULL,NULL,NULL,NULL,NULL,NULL,'2021-02-25 16:27:18','2021-02-25 16:27:18',NULL),(293,NULL,74,NULL,'COPROCENVA LBZ#5300',721645,NULL,NULL,NULL,NULL,NULL,NULL,'2021-02-25 16:27:18','2021-02-25 16:27:18',NULL),(294,NULL,75,NULL,'valor aportes',418361,NULL,NULL,NULL,NULL,NULL,NULL,'2021-02-25 16:36:20','2021-02-25 16:36:20',NULL),(295,NULL,75,NULL,'excelcredit 24834',1501997,NULL,NULL,NULL,NULL,NULL,NULL,'2021-02-25 16:36:20','2021-02-25 16:36:20',NULL),(296,NULL,76,NULL,'valor aportes',171688,NULL,NULL,NULL,NULL,NULL,NULL,'2021-02-25 17:08:48','2021-02-25 17:08:48',NULL),(297,NULL,76,NULL,'FDO ALCALD MUNICIP CREDITO ORDIN',74679,NULL,NULL,NULL,NULL,NULL,NULL,'2021-02-25 17:08:48','2021-02-25 17:08:48',NULL),(298,NULL,76,NULL,'FDO ALCALD MUNICIP APORTES',85137,NULL,NULL,NULL,NULL,NULL,NULL,'2021-02-25 17:08:48','2021-02-25 17:08:48',NULL),(299,NULL,76,NULL,'ACTIVOS Y FINANZAS',154651,NULL,NULL,NULL,NULL,NULL,NULL,'2021-02-25 17:08:48','2021-02-25 17:08:48',NULL),(300,NULL,76,NULL,'COOPERATIVA INTEGRAL EMPLEA INEM',86185,NULL,NULL,NULL,NULL,NULL,NULL,'2021-02-25 17:08:48','2021-02-25 17:08:48',NULL),(301,NULL,77,NULL,'valor aportes',228283,NULL,NULL,NULL,NULL,NULL,NULL,'2021-02-25 17:38:28','2021-02-25 17:38:28',NULL),(302,NULL,77,NULL,'BANCO POPULAR',175365,NULL,NULL,NULL,NULL,NULL,NULL,'2021-02-25 17:38:28','2021-02-25 17:38:28',NULL),(303,NULL,77,NULL,'COOPEOCCIDENTE APORTES',36875,NULL,NULL,NULL,NULL,NULL,NULL,'2021-02-25 17:38:28','2021-02-25 17:38:28',NULL),(304,NULL,77,NULL,'COOPEOCCIDENTE',461000,NULL,NULL,NULL,NULL,NULL,NULL,'2021-02-25 17:38:28','2021-02-25 17:38:28',NULL),(305,NULL,77,NULL,'COONALSE',138000,NULL,NULL,NULL,NULL,NULL,NULL,'2021-02-25 17:38:28','2021-02-25 17:38:28',NULL),(306,NULL,78,NULL,'valor aportes',116944,NULL,NULL,NULL,NULL,NULL,NULL,'2021-02-25 17:46:47','2021-02-25 17:46:47',NULL),(307,NULL,78,NULL,'sumas y soluciones',46568,NULL,NULL,NULL,NULL,NULL,NULL,'2021-02-25 17:46:47','2021-02-25 17:46:47',NULL),(308,NULL,78,NULL,'vive creditos 6815',272700,NULL,NULL,NULL,NULL,NULL,NULL,'2021-02-25 17:46:47','2021-02-25 17:46:47',NULL),(309,NULL,78,NULL,'j emilios',93779,NULL,NULL,NULL,NULL,NULL,NULL,'2021-02-25 17:46:47','2021-02-25 17:46:47',NULL),(310,NULL,79,NULL,'valor aportes',99374,NULL,NULL,NULL,NULL,NULL,NULL,'2021-02-25 17:58:54','2021-02-25 17:58:54',NULL),(311,NULL,79,NULL,'giros y finanzas 6169',322198,NULL,NULL,NULL,NULL,NULL,NULL,'2021-02-25 17:58:54','2021-02-25 17:58:54',NULL),(312,NULL,80,NULL,'valor aportes',262563,NULL,NULL,NULL,NULL,NULL,NULL,'2021-02-25 18:19:43','2021-02-25 18:19:43',NULL),(313,NULL,80,NULL,'PROCESO EJECUTIVO (COFUR)-levantamiento',962732,NULL,NULL,NULL,NULL,NULL,NULL,'2021-02-25 18:19:43','2021-02-25 18:19:43',NULL),(314,NULL,81,NULL,'valor aportes',315599,NULL,NULL,NULL,NULL,NULL,NULL,'2021-02-25 22:57:25','2021-02-25 22:57:25',NULL),(315,NULL,81,NULL,'crediprogreso',100000,NULL,NULL,NULL,NULL,NULL,NULL,'2021-02-25 22:57:25','2021-02-25 22:57:25',NULL),(316,NULL,81,NULL,'coasol 2023',155000,NULL,NULL,NULL,NULL,NULL,NULL,'2021-02-25 22:57:25','2021-02-25 22:57:25',NULL),(317,NULL,81,NULL,'corfivalores 129-123',288000,NULL,NULL,NULL,NULL,NULL,NULL,'2021-02-25 22:57:25','2021-02-25 22:57:25',NULL),(318,NULL,81,NULL,'vision solidaria 0771',160000,NULL,NULL,NULL,NULL,NULL,NULL,'2021-02-25 22:57:25','2021-02-25 22:57:25',NULL),(319,NULL,81,NULL,'coopserv aportes',195999,NULL,NULL,NULL,NULL,NULL,NULL,'2021-02-25 22:57:25','2021-02-25 22:57:25',NULL),(320,NULL,81,NULL,'coopserv 0700-6451-6557-6411-6286-6225-6125-6083-5968-6381 cupta despr<centrales',656693,NULL,NULL,NULL,NULL,NULL,NULL,'2021-02-25 22:57:25','2021-02-25 22:57:25',NULL),(321,NULL,81,NULL,'RETENCION EN LA FUENTE',246000,NULL,NULL,NULL,NULL,NULL,NULL,'2021-02-25 22:57:25','2021-02-25 22:57:25',NULL),(322,NULL,82,NULL,'valor aportes',150758,NULL,NULL,NULL,NULL,NULL,NULL,'2021-02-25 23:25:46','2021-02-25 23:25:46',NULL),(323,NULL,82,NULL,'BAYPORT 7299',335092,NULL,NULL,NULL,NULL,NULL,NULL,'2021-02-25 23:25:46','2021-02-25 23:25:46',NULL),(324,NULL,82,NULL,'CENTRO DE SERVICIOS CREDITICIOS',212041,NULL,NULL,NULL,NULL,NULL,NULL,'2021-02-25 23:25:46','2021-02-25 23:25:46',NULL),(325,NULL,83,NULL,'valor aportes',151685,NULL,NULL,NULL,NULL,NULL,NULL,'2021-02-25 23:34:23','2021-02-25 23:34:23',NULL),(326,NULL,83,NULL,'BANCO POPULAR 0208',688565,NULL,NULL,NULL,NULL,NULL,NULL,'2021-02-25 23:34:23','2021-02-25 23:34:23',NULL),(327,NULL,83,NULL,'COOMACHOCO  APORTES',16651,NULL,NULL,NULL,NULL,NULL,NULL,'2021-02-25 23:34:23','2021-02-25 23:34:23',NULL),(328,NULL,84,NULL,'valor aportes',165361,NULL,NULL,NULL,NULL,NULL,NULL,'2021-02-25 23:48:53','2021-02-25 23:48:53',NULL),(329,NULL,84,NULL,'SERVIVAL CV 47774',200000,NULL,NULL,NULL,NULL,NULL,NULL,'2021-02-25 23:48:53','2021-02-25 23:48:53',NULL),(330,NULL,84,NULL,'EMBARGO',218000,NULL,NULL,NULL,NULL,NULL,NULL,'2021-02-25 23:48:53','2021-02-25 23:48:53',NULL),(331,NULL,84,NULL,'COOPSERV APORTES',103351,NULL,NULL,NULL,NULL,NULL,NULL,'2021-02-25 23:48:53','2021-02-25 23:48:53',NULL),(332,NULL,84,NULL,'COOPSERV  2263',216337,NULL,NULL,NULL,NULL,NULL,NULL,'2021-02-25 23:48:53','2021-02-25 23:48:53',NULL),(333,NULL,84,NULL,'ORIGINAR SOLUCIONES 6848 (coexpocredit)',92042,NULL,NULL,NULL,NULL,NULL,NULL,'2021-02-25 23:48:53','2021-02-25 23:48:53',NULL),(334,NULL,84,NULL,'ALIANZAS EFECTIVAS 5892',235190,NULL,NULL,NULL,NULL,NULL,NULL,'2021-02-25 23:48:53','2021-02-25 23:48:53',NULL),(335,NULL,85,NULL,'valor aportes',102926,NULL,NULL,NULL,NULL,NULL,NULL,'2021-02-25 23:53:17','2021-02-25 23:53:17',NULL),(336,NULL,85,NULL,'JUZGADO 7 CIVIL DE EJECUCION',226415,NULL,NULL,NULL,NULL,NULL,NULL,'2021-02-25 23:53:17','2021-02-25 23:53:17',NULL),(337,NULL,85,NULL,'OFICINA DE EJECUCION CIVIL CALI',150943,NULL,NULL,NULL,NULL,NULL,NULL,'2021-02-25 23:53:17','2021-02-25 23:53:17',NULL),(338,NULL,86,NULL,'valor aportes',177459,NULL,NULL,NULL,NULL,NULL,NULL,'2021-02-25 23:59:13','2021-02-25 23:59:13',NULL),(339,NULL,86,NULL,'COASOL',116000,NULL,NULL,NULL,NULL,NULL,NULL,'2021-02-25 23:59:13','2021-02-25 23:59:13',NULL),(340,NULL,86,NULL,'CORFIVALORES',257000,NULL,NULL,NULL,NULL,NULL,NULL,'2021-02-25 23:59:13','2021-02-25 23:59:13',NULL),(341,NULL,86,NULL,'COOPSERV APORTE',110912,NULL,NULL,NULL,NULL,NULL,NULL,'2021-02-25 23:59:13','2021-02-25 23:59:13',NULL),(342,NULL,86,NULL,'COOPSERV DESCUENTO 0475-0855-0331-0267-0218-0069-0785 desc desp<centrales',459409,NULL,NULL,NULL,NULL,NULL,NULL,'2021-02-25 23:59:13','2021-02-25 23:59:13',NULL),(343,NULL,86,NULL,'SINDICATOS Y SEGUROS',62950,NULL,NULL,NULL,NULL,NULL,NULL,'2021-02-25 23:59:13','2021-02-25 23:59:13',NULL),(344,NULL,87,NULL,'valor aportes',167533,NULL,NULL,NULL,NULL,NULL,NULL,'2021-02-26 00:07:49','2021-02-26 00:07:49',NULL),(345,NULL,87,NULL,'DAVIVIENDA 9305',225000,NULL,NULL,NULL,NULL,NULL,NULL,'2021-02-26 00:07:49','2021-02-26 00:07:49',NULL),(346,NULL,87,NULL,'SERVIVAL',188851,NULL,NULL,NULL,NULL,NULL,NULL,'2021-02-26 00:07:49','2021-02-26 00:07:49',NULL),(347,NULL,88,NULL,'valor aportes',315599,NULL,NULL,NULL,NULL,NULL,NULL,'2021-02-26 00:13:53','2021-02-26 00:13:53',NULL),(348,NULL,88,NULL,'BBVA 0261',918033,NULL,NULL,NULL,NULL,NULL,NULL,'2021-02-26 00:13:53','2021-02-26 00:13:53',NULL),(349,NULL,88,NULL,'EMBARGO - ANA CARLINA MONTOYA',562785,NULL,NULL,NULL,NULL,NULL,NULL,'2021-02-26 00:13:53','2021-02-26 00:13:53',NULL),(350,NULL,88,NULL,'COOPSERV APORTES',195999,NULL,NULL,NULL,NULL,NULL,NULL,'2021-02-26 00:13:53','2021-02-26 00:13:53',NULL),(351,NULL,88,NULL,'COOPSERV 0656-6217-6347-6427-6479-6628-6812',652088,NULL,NULL,NULL,NULL,NULL,NULL,'2021-02-26 00:13:53','2021-02-26 00:13:53',NULL),(352,NULL,88,NULL,'DAVIVIENDA 0080',444000,NULL,NULL,NULL,NULL,NULL,NULL,'2021-02-26 00:13:53','2021-02-26 00:13:53',NULL),(353,NULL,88,NULL,'SINDICATOS Y SEGUROS',73164,NULL,NULL,NULL,NULL,NULL,NULL,'2021-02-26 00:13:53','2021-02-26 00:13:53',NULL),(354,NULL,89,NULL,'valor aportes',226731,NULL,NULL,NULL,NULL,NULL,NULL,'2021-02-26 00:21:13','2021-02-26 00:21:13',NULL),(355,NULL,89,NULL,'excelcredit 26378',825885,NULL,NULL,NULL,NULL,NULL,NULL,'2021-02-26 00:21:13','2021-02-26 00:21:13',NULL),(356,NULL,89,NULL,'embargo judicial-BANCO BBVA',210000,NULL,NULL,NULL,NULL,NULL,NULL,'2021-02-26 00:21:13','2021-02-26 00:21:13',NULL),(357,NULL,89,NULL,'OTROS DESCUENTOS',20000,NULL,NULL,NULL,NULL,NULL,NULL,'2021-02-26 00:21:13','2021-02-26 00:21:13',NULL),(358,NULL,90,NULL,'valor aportes',275353,NULL,NULL,NULL,NULL,NULL,NULL,'2021-02-26 00:28:50','2021-02-26 00:28:50',NULL),(359,NULL,90,NULL,'ACTIVOS Y FINANZAS 8922',923793,NULL,NULL,NULL,NULL,NULL,NULL,'2021-02-26 00:28:50','2021-02-26 00:28:50',NULL),(360,NULL,90,NULL,'CONALFE 38429',233000,NULL,NULL,NULL,NULL,NULL,NULL,'2021-02-26 00:28:50','2021-02-26 00:28:50',NULL),(361,NULL,90,NULL,'COASOL 1662',233000,NULL,NULL,NULL,NULL,NULL,NULL,'2021-02-26 00:28:50','2021-02-26 00:28:50',NULL),(362,NULL,90,NULL,'EMBARGO JUDICIAL DOS',522000,NULL,NULL,NULL,NULL,NULL,NULL,'2021-02-26 00:28:50','2021-02-26 00:28:50',NULL),(363,NULL,90,NULL,'CK (reintegra, anticipo, promotora de inv)',400000,NULL,NULL,NULL,NULL,NULL,NULL,'2021-02-26 00:28:50','2021-02-26 00:28:50',NULL),(364,NULL,91,NULL,'valor aportes',261399,NULL,NULL,NULL,NULL,NULL,NULL,'2021-02-26 00:33:11','2021-02-26 00:33:11',NULL),(365,NULL,91,NULL,'AFILIACION COMCREDITO',1000,NULL,NULL,NULL,NULL,NULL,NULL,'2021-02-26 00:33:11','2021-02-26 00:33:11',NULL),(366,NULL,91,NULL,'BAYPORT 4722',848000,NULL,NULL,NULL,NULL,NULL,NULL,'2021-02-26 00:33:11','2021-02-26 00:33:11',NULL),(367,NULL,91,NULL,'COMCREDITO 1368',72600,NULL,NULL,NULL,NULL,NULL,NULL,'2021-02-26 00:33:11','2021-02-26 00:33:11',NULL),(368,NULL,92,NULL,'valor aportes',275353,NULL,NULL,NULL,NULL,NULL,NULL,'2021-02-26 00:37:25','2021-02-26 00:37:25',NULL),(369,NULL,92,NULL,'CREDIVALORES 1699',1220198,NULL,NULL,NULL,NULL,NULL,NULL,'2021-02-26 00:37:25','2021-02-26 00:37:25',NULL),(370,NULL,92,NULL,'VISION SOLIDARIA 1139',195000,NULL,NULL,NULL,NULL,NULL,NULL,'2021-02-26 00:37:25','2021-02-26 00:37:25',NULL),(371,NULL,92,NULL,'DAVIVIENDA 6449',144000,NULL,NULL,NULL,NULL,NULL,NULL,'2021-02-26 00:37:25','2021-02-26 00:37:25',NULL),(372,NULL,92,NULL,'OTROS DESCUENTOS',20000,NULL,NULL,NULL,NULL,NULL,NULL,'2021-02-26 00:37:25','2021-02-26 00:37:25',NULL),(373,NULL,93,NULL,'GNB SUDAMERIS LBZ#3946',981770,NULL,NULL,NULL,NULL,NULL,NULL,'2021-03-01 11:26:40','2021-03-01 11:26:40',NULL),(374,NULL,93,NULL,'CREDISERVICI LBZ#2783',54835,NULL,NULL,NULL,NULL,NULL,NULL,'2021-03-01 11:26:40','2021-03-01 11:26:40',NULL),(375,NULL,93,NULL,'PATRIMONIO AUTONOMO EXCELCREDIT LBZ#4187',55051,NULL,NULL,NULL,NULL,NULL,NULL,'2021-03-01 11:26:40','2021-03-01 11:26:40',NULL),(376,NULL,94,NULL,'GNB SUDAMERIS # 210215',29118,NULL,NULL,NULL,NULL,NULL,NULL,'2021-03-01 12:59:22','2021-03-01 12:59:22',NULL),(377,NULL,94,NULL,'FINSOCIAL # 41246',56800,NULL,NULL,NULL,NULL,NULL,NULL,'2021-03-01 12:59:22','2021-03-01 12:59:22',NULL),(378,NULL,94,NULL,'VIVE CREDITOS # 036901',39612,NULL,NULL,NULL,NULL,NULL,NULL,'2021-03-01 12:59:22','2021-03-01 12:59:22',NULL),(379,NULL,94,NULL,'VIVE CREDITOS # 036901',15097,NULL,NULL,NULL,NULL,NULL,NULL,'2021-03-01 12:59:22','2021-03-01 12:59:22',NULL),(380,NULL,94,NULL,'VIVE CREDITOS # 036901',38612,NULL,NULL,NULL,NULL,NULL,NULL,'2021-03-01 12:59:22','2021-03-01 12:59:22',NULL),(381,NULL,95,NULL,'BANCO POPULAR # 016260',430252,NULL,NULL,NULL,NULL,NULL,NULL,'2021-03-01 14:41:09','2021-03-01 14:41:09',NULL),(382,NULL,95,NULL,'SUMAS Y SOLUCIONES # 18350',547500,NULL,NULL,NULL,NULL,NULL,NULL,'2021-03-01 14:41:09','2021-03-01 14:41:09',NULL),(383,NULL,95,NULL,'CK COMERCIALIZADORA #298',22000,NULL,NULL,NULL,NULL,NULL,NULL,'2021-03-01 14:41:09','2021-03-01 14:41:09',NULL),(384,NULL,95,NULL,'CK COMERCIALIZADORA #298',40000,NULL,NULL,NULL,NULL,NULL,NULL,'2021-03-01 14:41:09','2021-03-01 14:41:09',NULL),(385,NULL,95,NULL,'CK COMERCIALIZADORA #298',93000,NULL,NULL,NULL,NULL,NULL,NULL,'2021-03-01 14:41:09','2021-03-01 14:41:09',NULL),(386,NULL,96,'# 478006','BANCO PICHINCHA',719454,NULL,NULL,NULL,NULL,NULL,NULL,'2021-03-01 15:36:24','2021-03-01 15:36:24',NULL),(387,NULL,97,NULL,'FAMILIA BUGA',2465207,NULL,NULL,NULL,NULL,NULL,NULL,'2021-03-01 16:20:25','2021-03-01 16:20:25',NULL),(388,NULL,98,'#445914','BAYPORT',395694,NULL,NULL,NULL,NULL,NULL,NULL,'2021-03-01 16:48:52','2021-03-01 16:48:52',NULL),(389,NULL,99,'#5410','EXCELCREDIT',1044661,NULL,NULL,NULL,NULL,NULL,NULL,'2021-03-01 17:04:59','2021-03-01 17:04:59',NULL),(390,NULL,100,'#19732','BAYPORT LIBZA',1426900,NULL,NULL,NULL,NULL,NULL,NULL,'2021-03-01 19:12:29','2021-03-01 19:12:29',NULL),(391,NULL,101,'#81183','SUMAS Y SOLUCIONES',58410,NULL,NULL,NULL,NULL,NULL,NULL,'2021-03-01 20:07:40','2021-03-01 20:07:40',NULL),(392,NULL,101,'#10653','PSW ESEEFECTIVO-KREDIT',63000,NULL,NULL,NULL,NULL,NULL,NULL,'2021-03-01 20:07:40','2021-03-01 20:07:40',NULL),(393,NULL,101,'#217KV','AV VILLAS',277533,NULL,NULL,NULL,NULL,NULL,NULL,'2021-03-01 20:07:40','2021-03-01 20:07:40',NULL),(394,NULL,102,NULL,'valor aportes',351017,NULL,NULL,NULL,NULL,NULL,NULL,'2021-03-01 22:47:46','2021-03-01 22:47:46',NULL),(395,NULL,102,NULL,'BANCO POPULAR # 4349',1345522,NULL,NULL,NULL,NULL,NULL,NULL,'2021-03-01 22:47:46','2021-03-01 22:47:46',NULL),(396,NULL,102,NULL,'FINSOCIAL #4508-7661-1779',333000,NULL,NULL,NULL,NULL,NULL,NULL,'2021-03-01 22:47:46','2021-03-01 22:47:46',NULL),(397,NULL,103,NULL,'valor aportes',466355,NULL,NULL,NULL,NULL,NULL,NULL,'2021-03-01 23:14:46','2021-03-01 23:14:46',NULL),(398,NULL,103,NULL,'COPIDESARROLLO # 7137',50000,NULL,NULL,NULL,NULL,NULL,NULL,'2021-03-01 23:14:46','2021-03-01 23:14:46',NULL),(399,NULL,103,NULL,'FINSOCIAL #42986',1298000,NULL,NULL,NULL,NULL,NULL,NULL,'2021-03-01 23:14:46','2021-03-01 23:14:46',NULL),(400,NULL,103,NULL,'SOLFINANZAS DE COLOMBIA #',60000,NULL,NULL,NULL,NULL,NULL,NULL,'2021-03-01 23:14:46','2021-03-01 23:14:46',NULL),(401,NULL,103,NULL,'SOLFINANZAS DE COLOMBIA #',64000,NULL,NULL,NULL,NULL,NULL,NULL,'2021-03-01 23:14:46','2021-03-01 23:14:46',NULL),(402,NULL,103,NULL,'CREDIVALORES #6633',230000,NULL,NULL,NULL,NULL,NULL,NULL,'2021-03-01 23:14:46','2021-03-01 23:14:46',NULL),(403,NULL,104,NULL,'BCO POPULAR PRESTAMO #',63000,NULL,NULL,NULL,NULL,NULL,NULL,'2021-03-02 19:10:07','2021-03-02 19:10:07',NULL),(404,NULL,104,NULL,'BANCO CREDIFINA # 4231',353787,NULL,NULL,NULL,NULL,NULL,NULL,'2021-03-02 19:10:07','2021-03-02 19:10:07',NULL),(405,NULL,105,NULL,'FIMSA BAYPORT #7131',882626,NULL,NULL,NULL,NULL,NULL,NULL,'2021-03-02 19:25:44','2021-03-02 19:25:44',NULL),(406,NULL,106,NULL,'COOPITEX',313888,NULL,NULL,NULL,NULL,NULL,NULL,'2021-03-02 19:36:13','2021-03-02 19:36:13',NULL),(407,NULL,107,NULL,'APORTES COOPSERP',212216,NULL,NULL,NULL,NULL,NULL,NULL,'2021-03-02 19:51:59','2021-03-02 19:51:59',NULL),(408,NULL,107,NULL,'COOTRAEMBUGA DESCUENTO',69200,NULL,NULL,NULL,NULL,NULL,NULL,'2021-03-02 19:51:59','2021-03-02 19:51:59',NULL),(409,NULL,107,NULL,'DESCUENTO COOPSERP LBZ#4909-#4997',169589,NULL,NULL,NULL,NULL,NULL,NULL,'2021-03-02 19:51:59','2021-03-02 19:51:59',NULL),(410,NULL,107,NULL,'EMBARGO EJECUTIVO QUINTA PARTE',673302,NULL,NULL,NULL,NULL,NULL,NULL,'2021-03-02 19:51:59','2021-03-02 19:51:59',NULL),(411,NULL,107,NULL,'RETENCION EN LA FUENTE',341000,NULL,NULL,NULL,NULL,NULL,NULL,'2021-03-02 19:51:59','2021-03-02 19:51:59',NULL),(412,NULL,107,NULL,'SERVIVAL',100000,NULL,NULL,NULL,NULL,NULL,NULL,'2021-03-02 19:51:59','2021-03-02 19:51:59',NULL),(413,NULL,108,'6904','BAYPORT',866025,NULL,NULL,NULL,NULL,NULL,NULL,'2021-03-02 21:06:36','2021-03-02 21:06:36',NULL),(414,NULL,109,NULL,'EXCELCREDIT',1433819,NULL,NULL,NULL,NULL,NULL,NULL,'2021-03-02 21:20:04','2021-03-02 21:20:04',NULL),(415,NULL,110,'398560','COOPERATIVA-ALFHA CAPITAL',42276,NULL,NULL,NULL,NULL,NULL,NULL,'2021-03-02 23:30:28','2021-03-02 23:30:28',NULL),(416,NULL,110,'95389','SUMAS Y SOLUCIONES',320746,NULL,NULL,NULL,NULL,NULL,NULL,'2021-03-02 23:30:28','2021-03-02 23:30:28',NULL),(417,NULL,110,'450399','SUDAMERIS',1893572,NULL,NULL,NULL,NULL,NULL,NULL,'2021-03-02 23:30:28','2021-03-02 23:30:28',NULL),(418,NULL,111,'4693','BAYPORT',104743,NULL,NULL,NULL,NULL,NULL,NULL,'2021-03-03 00:05:52','2021-03-03 00:05:52',NULL),(419,NULL,111,'1455','GIROS Y FINANZAS',1138584,NULL,NULL,NULL,NULL,NULL,NULL,'2021-03-03 00:05:52','2021-03-03 00:05:52',NULL),(420,NULL,112,'7644','FINANDINA',696810,NULL,NULL,NULL,NULL,NULL,NULL,'2021-03-03 01:21:15','2021-03-03 01:21:15',NULL),(421,NULL,112,'6907','MISSION',402067,NULL,NULL,NULL,NULL,NULL,NULL,'2021-03-03 01:21:15','2021-03-03 01:21:15',NULL),(422,NULL,112,'6821','PATRAUTONOMO',208000,NULL,NULL,NULL,NULL,NULL,NULL,'2021-03-03 01:21:15','2021-03-03 01:21:15',NULL),(423,NULL,113,'1532-2373','EXCELCREDIT',1551250,NULL,NULL,NULL,NULL,NULL,NULL,'2021-03-03 11:25:39','2021-03-03 11:25:39',NULL),(424,NULL,114,NULL,'RELICOOP',350778,NULL,NULL,NULL,NULL,NULL,NULL,'2021-03-03 12:03:21','2021-03-03 12:03:21',NULL),(425,NULL,114,'100921','AS TV MEDIOS',50000,NULL,NULL,NULL,NULL,NULL,NULL,'2021-03-03 12:03:21','2021-03-03 12:03:21',NULL),(426,NULL,114,'17965','EXCELCREDIT',921624,NULL,NULL,NULL,NULL,NULL,NULL,'2021-03-03 12:03:21','2021-03-03 12:03:21',NULL),(427,NULL,114,NULL,'COOFINANZA',16698,NULL,NULL,NULL,NULL,NULL,NULL,'2021-03-03 12:03:21','2021-03-03 12:03:21',NULL),(428,NULL,114,'492','ASOLUCREDITOS SAS',60337,NULL,NULL,NULL,NULL,NULL,NULL,'2021-03-03 12:03:21','2021-03-03 12:03:21',NULL),(429,NULL,115,NULL,'FINSOCIAL',275000,NULL,NULL,NULL,NULL,NULL,NULL,'2021-03-03 16:57:56','2021-03-03 16:57:56',NULL),(430,NULL,115,NULL,'FINSOCIAL',14000,NULL,NULL,NULL,NULL,NULL,NULL,'2021-03-03 16:57:56','2021-03-03 16:57:56',NULL),(431,NULL,115,NULL,'FINSOCIAL',1866000,NULL,NULL,NULL,NULL,NULL,NULL,'2021-03-03 16:57:56','2021-03-03 16:57:56',NULL),(432,NULL,115,NULL,'FINSOCIAL',1876000,NULL,NULL,NULL,NULL,NULL,NULL,'2021-03-03 16:57:56','2021-03-03 16:57:56',NULL),(433,NULL,115,NULL,'FINSOCIAL',15000,NULL,NULL,NULL,NULL,NULL,NULL,'2021-03-03 16:57:56','2021-03-03 16:57:56',NULL),(434,NULL,115,NULL,'FINSOCIAL',435000,NULL,NULL,NULL,NULL,NULL,NULL,'2021-03-03 16:57:56','2021-03-03 16:57:56',NULL),(435,NULL,116,NULL,'ASOLUCREDITOS',98050,NULL,NULL,NULL,NULL,NULL,NULL,'2021-03-03 18:06:26','2021-03-03 18:06:26',NULL),(436,NULL,116,NULL,'CAPITAL Y SOLUCIONES #1004',315380,NULL,NULL,NULL,NULL,NULL,NULL,'2021-03-03 18:06:26','2021-03-03 18:06:26',NULL),(437,NULL,116,NULL,'ACOPOREPRES',124514,NULL,NULL,NULL,NULL,NULL,NULL,'2021-03-03 18:06:26','2021-03-03 18:06:26',NULL),(438,NULL,116,NULL,'AS TV MEDIOS # 5207',143500,NULL,NULL,NULL,NULL,NULL,NULL,'2021-03-03 18:06:26','2021-03-03 18:06:26',NULL),(439,NULL,116,NULL,'ACOPORESOST',22000,NULL,NULL,NULL,NULL,NULL,NULL,'2021-03-03 18:06:26','2021-03-03 18:06:26',NULL),(440,NULL,117,'0539','BANCO COLPATRIA',1161602,NULL,NULL,NULL,NULL,NULL,NULL,'2021-03-03 20:55:13','2021-03-03 20:55:13',NULL),(441,NULL,117,'6000','ACTIVOS Y FINANZAS',46433,NULL,NULL,NULL,NULL,NULL,NULL,'2021-03-03 20:55:13','2021-03-03 20:55:13',NULL),(442,NULL,118,NULL,'VIVE CREDITOS LBZ#0943',940123,NULL,NULL,NULL,NULL,NULL,NULL,'2021-03-03 23:45:12','2021-03-03 23:45:12',NULL),(443,NULL,118,NULL,'PROCURACIONES PARA TERCEROS SAS',439153,NULL,NULL,NULL,NULL,NULL,NULL,'2021-03-03 23:45:12','2021-03-03 23:45:12',NULL),(444,NULL,119,NULL,'BANCO OCCIDENTE LBZ#3892 CUOTA EN CENTRA 197',461840,NULL,NULL,NULL,NULL,NULL,NULL,'2021-03-04 19:22:49','2021-03-04 19:22:49',NULL),(445,NULL,119,NULL,'SERVIVAL',176162,NULL,NULL,NULL,NULL,NULL,NULL,'2021-03-04 19:22:49','2021-03-04 19:22:49',NULL),(446,NULL,120,NULL,'COLPATRIA LBZ #8103',1689474,NULL,NULL,NULL,NULL,NULL,NULL,'2021-03-04 19:58:08','2021-03-04 19:58:08',NULL),(447,NULL,120,NULL,'PRO3 SAS LBZ #',120924,NULL,NULL,NULL,NULL,NULL,NULL,'2021-03-04 19:58:08','2021-03-04 19:58:08',NULL),(448,NULL,121,NULL,'SERVIVAL CV',350000,NULL,NULL,NULL,NULL,NULL,NULL,'2021-03-05 10:41:47','2021-03-05 10:41:47',NULL),(449,NULL,121,NULL,'EMBARGO JUDICIAL (VALENCIA MARTINEZ ADIELA)',257685,NULL,NULL,NULL,NULL,NULL,NULL,'2021-03-05 10:41:47','2021-03-05 10:41:47',NULL),(450,NULL,121,NULL,'VISION SOLIDARIA',256000,NULL,NULL,NULL,NULL,NULL,NULL,'2021-03-05 10:41:47','2021-03-05 10:41:47',NULL),(451,NULL,121,NULL,'SERVIVAL',400000,NULL,NULL,NULL,NULL,NULL,NULL,'2021-03-05 10:41:47','2021-03-05 10:41:47',NULL),(452,NULL,121,NULL,'COONSEC OBLG 004 Y 4081',289600,NULL,NULL,NULL,NULL,NULL,NULL,'2021-03-05 10:41:47','2021-03-05 10:41:47',NULL),(453,NULL,121,NULL,'COONALSE',200000,NULL,NULL,NULL,NULL,NULL,NULL,'2021-03-05 10:41:47','2021-03-05 10:41:47',NULL),(454,NULL,121,NULL,'CK COMERCIALIZADORA OGL 12 Y 25',423722,NULL,NULL,NULL,NULL,NULL,NULL,'2021-03-05 10:41:47','2021-03-05 10:41:47',NULL),(455,NULL,121,NULL,'DAVIVIENDA OBLIG 9134',448000,NULL,NULL,NULL,NULL,NULL,NULL,'2021-03-05 10:41:47','2021-03-05 10:41:47',NULL),(456,NULL,122,NULL,'EXCELCREDIT LBZ#9116',1262126,NULL,NULL,NULL,NULL,NULL,NULL,'2021-03-05 11:19:26','2021-03-05 11:19:26',NULL),(457,NULL,123,NULL,'BANCO POPULAR LBZ#1271',1713352,NULL,NULL,NULL,NULL,NULL,NULL,'2021-03-05 16:53:59','2021-03-05 16:53:59',NULL),(458,NULL,123,NULL,'COMACHOCO APORTES',16651,NULL,NULL,NULL,NULL,NULL,NULL,'2021-03-05 16:53:59','2021-03-05 16:53:59',NULL),(459,NULL,123,NULL,'JURISCOOP APORTES',45000,NULL,NULL,NULL,NULL,NULL,NULL,'2021-03-05 16:53:59','2021-03-05 16:53:59',NULL),(460,NULL,124,NULL,'COOPEOCCIDENTE',71737,NULL,NULL,NULL,NULL,NULL,NULL,'2021-03-05 17:25:01','2021-03-05 17:25:01',NULL),(461,NULL,124,NULL,'COONSEC',549922,NULL,NULL,NULL,NULL,NULL,NULL,'2021-03-05 17:25:01','2021-03-05 17:25:01',NULL),(462,NULL,124,NULL,'TERCERO COOPCONTINENTAL',610639,NULL,NULL,NULL,NULL,NULL,NULL,'2021-03-05 17:25:01','2021-03-05 17:25:01',NULL),(463,NULL,125,NULL,'FIMSA-BAYPORT LBZ#9404',236041,NULL,NULL,NULL,NULL,NULL,NULL,'2021-03-05 17:41:31','2021-03-05 17:41:31',NULL),(464,NULL,125,NULL,'POPUCONVENIO LBZ#1373',946280,NULL,NULL,NULL,NULL,NULL,NULL,'2021-03-05 17:41:31','2021-03-05 17:41:31',NULL),(465,NULL,126,NULL,'COPERTATIVA UNIDOS',219214,NULL,NULL,NULL,NULL,NULL,NULL,'2021-03-05 18:08:55','2021-03-05 18:08:55',NULL),(466,NULL,126,NULL,'EMBARGO QUINTA PARTE',320160,NULL,NULL,NULL,NULL,NULL,NULL,'2021-03-05 18:08:55','2021-03-05 18:08:55',NULL),(467,NULL,126,NULL,'SERVIVAL',220000,NULL,NULL,NULL,NULL,NULL,NULL,'2021-03-05 18:08:55','2021-03-05 18:08:55',NULL),(468,NULL,126,NULL,'VIVE CREDITOS LBZ#2189',433823,NULL,NULL,NULL,NULL,NULL,NULL,'2021-03-05 18:08:55','2021-03-05 18:08:55',NULL),(469,NULL,126,NULL,'CK COMERCIALIZADORA',145269,NULL,NULL,NULL,NULL,NULL,NULL,'2021-03-05 18:08:55','2021-03-05 18:08:55',NULL),(470,NULL,127,NULL,'CONALRECAUDO-SUPERSOCIEDADES',5000,NULL,NULL,NULL,NULL,NULL,NULL,'2021-03-05 18:31:41','2021-03-05 18:31:41',NULL),(471,NULL,127,NULL,'COSOLUCIONES EN INTERVENCION',4389,NULL,NULL,NULL,NULL,NULL,NULL,'2021-03-05 18:31:41','2021-03-05 18:31:41',NULL),(472,NULL,127,NULL,'CONALRECAUDO (80 DE 99)',18000,NULL,NULL,NULL,NULL,NULL,NULL,'2021-03-05 18:31:41','2021-03-05 18:31:41',NULL),(473,NULL,127,NULL,'C A CREDIFINANCIERA (4 DE 144) LBZ#1488',369362,NULL,NULL,NULL,NULL,NULL,NULL,'2021-03-05 18:31:41','2021-03-05 18:31:41',NULL),(474,NULL,128,NULL,'RETENCION EN LA FUENTE',389000,NULL,NULL,NULL,NULL,NULL,NULL,'2021-03-05 20:33:42','2021-03-05 20:33:42',NULL),(475,NULL,128,NULL,'PA ESEFECTIVO LBZ#4257-##4256',1910000,NULL,NULL,NULL,NULL,NULL,NULL,'2021-03-05 20:33:42','2021-03-05 20:33:42',NULL),(476,NULL,128,NULL,'SERVIVAL',340000,NULL,NULL,NULL,NULL,NULL,NULL,'2021-03-05 20:33:42','2021-03-05 20:33:42',NULL),(477,NULL,128,NULL,'COONALSE',206000,NULL,NULL,NULL,NULL,NULL,NULL,'2021-03-05 20:33:42','2021-03-05 20:33:42',NULL),(478,NULL,128,NULL,'COOP VISION SOLIDARIA',256000,NULL,NULL,NULL,NULL,NULL,NULL,'2021-03-05 20:33:42','2021-03-05 20:33:42',NULL),(479,NULL,129,NULL,'KUSIDA- VIVE LBZ#5583',1375000,NULL,NULL,NULL,NULL,NULL,NULL,'2021-03-05 20:55:47','2021-03-05 20:55:47',NULL),(480,NULL,130,NULL,'BANCO GNB SUDAMERIS LBZ#3185',1391703,NULL,NULL,NULL,NULL,NULL,NULL,'2021-03-05 21:15:41','2021-03-05 21:15:41',NULL),(481,NULL,131,NULL,'KUSIDA LBZ#0108',263700,NULL,NULL,NULL,NULL,NULL,NULL,'2021-03-09 08:25:43','2021-03-09 08:25:43',NULL),(482,NULL,131,NULL,'SERVIVAL',420000,NULL,NULL,NULL,NULL,NULL,NULL,'2021-03-09 08:25:43','2021-03-09 08:25:43',NULL),(483,NULL,131,NULL,'EMBARGO JUDICIAL CUOTA FIJA',161322,NULL,NULL,NULL,NULL,NULL,NULL,'2021-03-09 08:25:43','2021-03-09 08:25:43',NULL),(484,NULL,131,NULL,'EMBARGO JUDICIAL DOS',247235,NULL,NULL,NULL,NULL,NULL,NULL,'2021-03-09 08:25:43','2021-03-09 08:25:43',NULL),(485,NULL,132,NULL,'FINSOCIAL LBZ#9144',377000,NULL,NULL,NULL,NULL,NULL,NULL,'2021-03-09 08:42:27','2021-03-09 08:42:27',NULL),(486,NULL,132,NULL,'BCO GNB SUDAMERIS LBZ#6881',1086200,NULL,NULL,NULL,NULL,NULL,NULL,'2021-03-09 08:42:27','2021-03-09 08:42:27',NULL),(487,NULL,133,NULL,'BANCO POPULAR LBZ#5913',1124966,NULL,NULL,NULL,NULL,NULL,NULL,'2021-03-09 08:56:59','2021-03-09 08:56:59',NULL),(488,NULL,133,NULL,'SERVIVAL',280000,NULL,NULL,NULL,NULL,NULL,NULL,'2021-03-09 08:56:59','2021-03-09 08:56:59',NULL),(489,NULL,134,NULL,'BANCO BBVA LBZ#3012',364000,NULL,NULL,NULL,NULL,NULL,NULL,'2021-03-09 09:13:08','2021-03-09 09:13:08',NULL),(490,NULL,134,NULL,'FIDEICOMISO MISSION LBZ#6613M',407421,NULL,NULL,NULL,NULL,NULL,NULL,'2021-03-09 09:13:08','2021-03-09 09:13:08',NULL),(491,NULL,135,NULL,'BAYPORT LBZ#1387',369689,NULL,NULL,NULL,NULL,NULL,NULL,'2021-03-09 09:27:05','2021-03-09 09:27:05',NULL),(492,NULL,136,NULL,'FINSOCIAL LBZ#1741-9505-6726',2001000,NULL,NULL,NULL,NULL,NULL,NULL,'2021-03-09 09:58:24','2021-03-09 09:58:24',NULL),(493,NULL,136,NULL,'EMBARGO',812429,NULL,NULL,NULL,NULL,NULL,NULL,'2021-03-09 09:58:24','2021-03-09 09:58:24',NULL),(494,NULL,136,NULL,'COOPSERV APORTES',270781,NULL,NULL,NULL,NULL,NULL,NULL,'2021-03-09 09:58:24','2021-03-09 09:58:24',NULL),(495,NULL,136,NULL,'COOPSERV DESCUENTO LBZ#3855',247452,NULL,NULL,NULL,NULL,NULL,NULL,'2021-03-09 09:58:24','2021-03-09 09:58:24',NULL),(496,NULL,136,NULL,'RETENCION EN LA FUENTE SALARIOS',294000,NULL,NULL,NULL,NULL,NULL,NULL,'2021-03-09 09:58:24','2021-03-09 09:58:24',NULL),(497,NULL,137,NULL,'BANCO BBVA LBZ#1221',821914,NULL,NULL,NULL,NULL,NULL,NULL,'2021-03-09 10:13:59','2021-03-09 10:13:59',NULL),(498,NULL,137,NULL,'PROVITEC LIBRANZA',303333,NULL,NULL,NULL,NULL,NULL,NULL,'2021-03-09 10:13:59','2021-03-09 10:13:59',NULL),(499,NULL,137,NULL,'PROVITEC APORTES',50000,NULL,NULL,NULL,NULL,NULL,NULL,'2021-03-09 10:13:59','2021-03-09 10:13:59',NULL),(500,NULL,137,NULL,'CREDISERVICIOS LBZ#0581',537894,NULL,NULL,NULL,NULL,NULL,NULL,'2021-03-09 10:13:59','2021-03-09 10:13:59',NULL),(501,NULL,137,NULL,'COOP DE CREDITO Y SERVIC COOMUNI LBZ#2030',327685,NULL,NULL,NULL,NULL,NULL,NULL,'2021-03-09 10:13:59','2021-03-09 10:13:59',NULL),(502,NULL,137,NULL,'RETENCION EN LA FUENTE',117000,NULL,NULL,NULL,NULL,NULL,NULL,'2021-03-09 10:13:59','2021-03-09 10:13:59',NULL),(503,NULL,138,NULL,'VIVE CREDITOS (11 DE 108) LBZ#7522',361000,NULL,NULL,NULL,NULL,NULL,NULL,'2021-03-09 10:31:56','2021-03-09 10:31:56',NULL),(504,NULL,139,NULL,'SUDAMERIS LZB#5626',403581,NULL,NULL,NULL,NULL,NULL,NULL,'2021-03-09 10:49:46','2021-03-09 10:49:46',NULL),(505,NULL,140,NULL,'CREDIPROGRESO LBZ#0164',100000,NULL,NULL,NULL,NULL,NULL,NULL,'2021-03-09 11:09:12','2021-03-09 11:09:12',NULL),(506,NULL,140,NULL,'EXCELCREDIT LBZ#1024',874664,NULL,NULL,NULL,NULL,NULL,NULL,'2021-03-09 11:09:12','2021-03-09 11:09:12',NULL),(507,NULL,140,NULL,'RETENCION EN LA FUENTE',222000,NULL,NULL,NULL,NULL,NULL,NULL,'2021-03-09 11:09:12','2021-03-09 11:09:12',NULL),(508,NULL,140,NULL,'EMBARGO JUDICIAL',544000,NULL,NULL,NULL,NULL,NULL,NULL,'2021-03-09 11:09:12','2021-03-09 11:09:12',NULL),(509,NULL,141,NULL,'GESFIDUCIA (47 DE 96)',48989,NULL,NULL,NULL,NULL,NULL,NULL,'2021-03-10 00:38:13','2021-03-10 00:38:13',NULL),(510,NULL,141,NULL,'VIVE CREDITOS (9 DE 108) LBZ#1856',343791,NULL,NULL,NULL,NULL,NULL,NULL,'2021-03-10 00:38:13','2021-03-10 00:38:13',NULL),(511,NULL,142,NULL,'CREDIVALORES LBZ#8061 CUOTA 395',355337,NULL,NULL,NULL,NULL,NULL,NULL,'2021-03-10 00:51:38','2021-03-10 00:51:38',NULL),(512,NULL,142,NULL,'COPIDESARROLLO',2000,NULL,NULL,NULL,NULL,NULL,NULL,'2021-03-10 00:51:38','2021-03-10 00:51:38',NULL),(513,NULL,143,NULL,'FINSOCIAL LBZ#1969-#1888',1142000,NULL,NULL,NULL,NULL,NULL,NULL,'2021-03-10 01:09:06','2021-03-10 01:09:06',NULL),(514,NULL,143,NULL,'SERVIVAL',93822,NULL,NULL,NULL,NULL,NULL,NULL,'2021-03-10 01:09:06','2021-03-10 01:09:06',NULL),(515,NULL,144,NULL,'BAYPORT LB 7887',759208,NULL,NULL,NULL,NULL,NULL,NULL,'2021-03-10 21:05:14','2021-03-10 21:05:14',NULL),(516,NULL,145,NULL,'BANCO POPULAR (22 DE 120) LBZ#2684',1002537,NULL,NULL,NULL,NULL,NULL,NULL,'2021-03-10 21:23:27','2021-03-10 21:23:27',NULL),(517,NULL,145,NULL,'SUMAS Y SOLUCIONES (12 DE 96)',138583,NULL,NULL,NULL,NULL,NULL,NULL,'2021-03-10 21:23:27','2021-03-10 21:23:27',NULL),(518,NULL,145,NULL,'P.A FINSOCIAL (5 DE 120) LBZ#6894',42000,NULL,NULL,NULL,NULL,NULL,NULL,'2021-03-10 21:23:27','2021-03-10 21:23:27',NULL),(519,NULL,146,NULL,'BANCO POPULAR LBZ#7964',592571,NULL,NULL,NULL,NULL,NULL,NULL,'2021-03-10 21:33:14','2021-03-10 21:33:14',NULL),(520,NULL,146,NULL,'COOPVIFUTURO LBZ#7292',280000,NULL,NULL,NULL,NULL,NULL,NULL,'2021-03-10 21:33:14','2021-03-10 21:33:14',NULL),(521,NULL,147,NULL,'DAVIVIENDA 3456',500000,NULL,NULL,NULL,NULL,NULL,NULL,'2021-08-03 11:47:39','2021-08-03 11:47:39',NULL);
/*!40000 ALTER TABLE `descuentosaplicados` ENABLE KEYS */;
UNLOCK TABLES;

--
-- Table structure for table `descuentosnoaplicados`
--

DROP TABLE IF EXISTS `descuentosnoaplicados`;
/*!40101 SET @saved_cs_client     = @@character_set_client */;
/*!50503 SET character_set_client = utf8mb4 */;
CREATE TABLE `descuentosnoaplicados` (
  `id` int NOT NULL AUTO_INCREMENT,
  `clientes_id` int NOT NULL,
  `entidades_id` int DEFAULT NULL,
  `pagadurias_id` int NOT NULL,
  `cod_concepto` varchar(10) DEFAULT NULL,
  `concepto` varchar(100) DEFAULT NULL,
  `valor_total` bigint DEFAULT NULL,
  `valor_pagado` bigint DEFAULT NULL,
  `porcentaje` decimal(11,3) DEFAULT NULL,
  `valor_fijo` bigint NOT NULL,
  `valor_aplicado` bigint DEFAULT NULL,
  `pagare` bigint DEFAULT NULL,
  `fecha` date DEFAULT NULL,
  `inconsistencia` varchar(200) NOT NULL,
  `embargos` char(2) DEFAULT NULL,
  `saldo` bigint DEFAULT NULL,
  `periodo` int DEFAULT NULL,
  `novedad` text,
  `created_at` datetime NOT NULL,
  `updated_at` datetime NOT NULL,
  `deleted_at` datetime DEFAULT NULL,
  PRIMARY KEY (`id`),
  KEY `fk_entidades_noaplicados` (`entidades_id`),
  KEY `fk_clientes_noaplicados` (`clientes_id`),
  KEY `fk_pagadurias_noaplicados` (`pagadurias_id`),
  CONSTRAINT `fk_clientes_noaplicados` FOREIGN KEY (`clientes_id`) REFERENCES `clientes` (`id`),
  CONSTRAINT `fk_entidades_noaplicados` FOREIGN KEY (`entidades_id`) REFERENCES `entidades` (`id`),
  CONSTRAINT `fk_pagadurias_noaplicados` FOREIGN KEY (`pagadurias_id`) REFERENCES `pagadurias` (`id`)
) ENGINE=InnoDB AUTO_INCREMENT=553 DEFAULT CHARSET=latin1;
/*!40101 SET character_set_client = @saved_cs_client */;

--
-- Dumping data for table `descuentosnoaplicados`
--

LOCK TABLES `descuentosnoaplicados` WRITE;
/*!40000 ALTER TABLE `descuentosnoaplicados` DISABLE KEYS */;
INSERT INTO `descuentosnoaplicados` VALUES (1,1,NULL,5,'DAVIV','DAVIVIENDA CREDITO HIPOT',5000000,NULL,NULL,500000,NULL,NULL,NULL,'Supera monto',NULL,5000000,202101,NULL,'2021-02-09 15:45:36','2021-02-09 15:45:36',NULL),(2,3,NULL,1,NULL,'RPESOD ASOCIADOS SAS #1603',296000,NULL,NULL,0,NULL,NULL,NULL,'No se encontró cuota',NULL,296000,201804,NULL,'2021-02-11 09:22:33','2021-02-22 10:55:32','2021-02-22 10:55:32'),(3,4,NULL,9,NULL,'new credit 2926-2918-9642',14422000,NULL,NULL,0,NULL,NULL,NULL,'no registra',NULL,NULL,20131,NULL,'2021-02-15 20:49:14','2021-02-22 17:10:33','2021-02-22 17:10:33'),(4,6,NULL,7,NULL,'EMBARGO JUD (popular 4512 libranza)',6986000,NULL,NULL,103134,NULL,NULL,NULL,'CASTIGADA',NULL,NULL,201910,NULL,'2021-02-15 21:10:29','2021-02-15 21:10:29',NULL),(5,6,NULL,7,NULL,'EMBARGO COOP (coopserv 3786 libranza)',12977000,NULL,NULL,201055,NULL,NULL,NULL,'CASTIGADA',NULL,NULL,201910,NULL,'2021-02-15 21:10:29','2021-02-15 21:10:29',NULL),(6,7,NULL,13,NULL,'UTRAHUILCA COOP LIB NO OPER 8696',4380000,NULL,NULL,0,NULL,NULL,NULL,'MORA',NULL,NULL,201911,NULL,'2021-02-15 21:19:11','2021-02-15 21:19:11',NULL),(7,8,NULL,13,NULL,'CREAR PAIS CONS#0365-#8914 SOLICITAR PYS',1832000,NULL,NULL,0,NULL,NULL,NULL,'CASTIGADA',NULL,NULL,20206,NULL,'2021-02-15 22:32:48','2021-02-15 22:32:48',NULL),(8,8,NULL,13,NULL,'COORSERP #7082',214,NULL,NULL,0,NULL,NULL,NULL,'mora',NULL,NULL,20206,NULL,'2021-02-15 22:32:48','2021-02-15 22:32:48',NULL),(9,8,NULL,13,NULL,'ALM DECADA #K0636',387,NULL,NULL,0,NULL,NULL,NULL,'CASTIGADA',NULL,NULL,20206,NULL,'2021-02-15 22:32:48','2021-02-15 22:32:48',NULL),(10,9,NULL,2,NULL,'BCO BOGOTA CONS #4067',14055000,NULL,NULL,0,NULL,NULL,NULL,'AL DIA',NULL,NULL,20205,NULL,'2021-02-15 23:03:05','2021-02-15 23:03:05',NULL),(11,10,NULL,3,NULL,'COOPERATIVA COMUNIDAD #0408',5592000,NULL,NULL,0,NULL,NULL,NULL,'MORA',NULL,NULL,20206,NULL,'2021-02-16 22:11:33','2021-02-16 22:11:33',NULL),(12,10,NULL,3,NULL,'FINAN/DATA Y CIFIN',339000,NULL,NULL,0,NULL,NULL,NULL,'CASTIGADA',NULL,NULL,20206,NULL,'2021-02-16 22:11:33','2021-02-16 22:11:33',NULL),(13,11,NULL,13,NULL,'QTN CITIBANK #8696-#7522-#3626',14925000,NULL,NULL,0,NULL,NULL,NULL,'CASTIGADA',NULL,NULL,20205,NULL,'2021-02-16 23:03:50','2021-02-16 23:03:50',NULL),(14,11,NULL,13,NULL,'PARA GROUP COLOMBIA HOLDING #9003',16509000,NULL,NULL,0,NULL,NULL,NULL,'CASTIGADA',NULL,NULL,20205,NULL,'2021-02-16 23:03:50','2021-02-16 23:03:50',NULL),(15,12,NULL,7,NULL,'CAJA SOCIAL OBL 9689',41208000,NULL,NULL,0,NULL,NULL,NULL,'CASTIGADA',NULL,NULL,20206,NULL,'2021-02-16 23:11:46','2021-02-16 23:11:46',NULL),(16,13,NULL,7,NULL,'ALIANZA FIDEICOMISO',4379000,NULL,NULL,0,NULL,NULL,NULL,'CASTIGADA',NULL,NULL,20206,NULL,'2021-02-16 23:19:42','2021-02-16 23:19:42',NULL),(17,13,NULL,7,NULL,'COMFENALCO',52000,NULL,NULL,0,NULL,NULL,NULL,'CASTIGADA',NULL,NULL,20206,NULL,'2021-02-16 23:19:42','2021-02-16 23:19:42',NULL),(18,13,NULL,7,NULL,'ACTIVOS Y FINANZAS',23774000,NULL,NULL,0,NULL,NULL,NULL,'CASTIGADA',NULL,NULL,20206,NULL,'2021-02-16 23:19:42','2021-02-16 23:19:42',NULL),(19,14,NULL,7,NULL,'CREDIVALORES #2813S CUOTA 590',17012000,NULL,NULL,0,NULL,NULL,NULL,'AL DIA',NULL,NULL,20206,NULL,'2021-02-16 23:26:21','2021-02-16 23:26:21',NULL),(20,15,NULL,13,NULL,'PROMOTORA DE INVERSIONES BCSC #7237',15013000,NULL,NULL,0,NULL,NULL,NULL,'CASTIGADA',NULL,NULL,20208,NULL,'2021-02-16 23:34:40','2021-02-16 23:34:40',NULL),(21,15,NULL,13,NULL,'CREDIVALORES CREDIUNO #5534',2614000,NULL,NULL,0,NULL,NULL,NULL,'AL DIA',NULL,NULL,20208,NULL,'2021-02-16 23:34:40','2021-02-16 23:34:40',NULL),(22,16,NULL,7,NULL,'COPROCENVA #9865',1562000,NULL,NULL,0,NULL,NULL,NULL,'MORA',NULL,NULL,20206,NULL,'2021-02-16 23:47:43','2021-02-16 23:47:43',NULL),(23,16,NULL,7,NULL,'COOP COMUNIDAD #0176',1320000,NULL,NULL,0,NULL,NULL,NULL,'AL DIA',NULL,NULL,20206,NULL,'2021-02-16 23:47:43','2021-02-16 23:47:43',NULL),(24,16,NULL,7,NULL,'ELECTROJAPONESA #1F0100009',371000,NULL,NULL,0,NULL,NULL,NULL,'MORA',NULL,NULL,20206,NULL,'2021-02-16 23:47:43','2021-02-16 23:47:43',NULL),(25,16,NULL,7,NULL,'VARIEDADES DALON #0367',490000,NULL,NULL,0,NULL,NULL,NULL,'MORA',NULL,NULL,20206,NULL,'2021-02-16 23:47:43','2021-02-16 23:47:43',NULL),(26,16,NULL,7,NULL,'EMPRESA DE RECURSOS #0251',55000,NULL,NULL,0,NULL,NULL,NULL,'DUDOSA',NULL,NULL,20206,NULL,'2021-02-16 23:47:43','2021-02-16 23:47:43',NULL),(27,16,NULL,7,NULL,'CLARO SOLUCIONES FIJAS #6643',59000,NULL,NULL,0,NULL,NULL,NULL,'CASTIGADA',NULL,NULL,20206,NULL,'2021-02-16 23:47:43','2021-02-16 23:47:43',NULL),(28,16,NULL,7,NULL,'ORIFLAME DE COLOMBIA #7416',80000,NULL,NULL,0,NULL,NULL,NULL,'CASTIGADA',NULL,NULL,20206,NULL,'2021-02-16 23:47:43','2021-02-16 23:47:43',NULL),(29,16,NULL,7,NULL,'ORIFLAME DE COLOMBIA #2730',180000,NULL,NULL,0,NULL,NULL,NULL,'CASTIGADA',NULL,NULL,20206,NULL,'2021-02-16 23:47:43','2021-02-16 23:47:43',NULL),(30,16,NULL,7,NULL,'ORIFLAME DE COLOMBIA #2730',974000,NULL,NULL,0,NULL,NULL,NULL,'DUDOSA',NULL,NULL,20206,NULL,'2021-02-16 23:47:43','2021-02-16 23:47:43',NULL),(31,16,NULL,7,NULL,'KAPITALBANK',5950000,NULL,NULL,0,NULL,NULL,NULL,'-',NULL,NULL,20206,NULL,'2021-02-16 23:47:43','2021-02-16 23:47:43',NULL),(32,17,NULL,13,NULL,'COLPATRIA ROTA OBL 3181 Y 1979',8655000,NULL,NULL,0,NULL,NULL,NULL,'AL DIA',NULL,NULL,20207,NULL,'2021-02-16 23:58:27','2021-02-16 23:58:27',NULL),(33,17,NULL,13,NULL,'FINCOMERCIO OBL 9572 CUOTA 1,232,000',1029000,NULL,NULL,0,NULL,NULL,NULL,'AL DIA',NULL,NULL,20207,NULL,'2021-02-16 23:58:27','2021-02-16 23:58:27',NULL),(34,17,NULL,13,NULL,'COOVITEL LB 0558 CUOTA 1,269,000',36059000,NULL,NULL,0,NULL,NULL,NULL,'AL DIA',NULL,NULL,20207,NULL,'2021-02-16 23:58:27','2021-02-16 23:58:27',NULL),(35,17,NULL,13,NULL,'COOVITEL LB 2653 CUOTA 553,000',15095000,NULL,NULL,0,NULL,NULL,NULL,'AL DIA',NULL,NULL,20207,NULL,'2021-02-16 23:58:27','2021-02-16 23:58:27',NULL),(36,18,NULL,1,NULL,'GROUP COLOMBIA HOLDING SE COMPRA POR FIDU',13773000,NULL,NULL,0,NULL,NULL,NULL,'CASTIGADA',NULL,NULL,20205,NULL,'2021-02-17 00:08:51','2021-02-17 00:08:51',NULL),(37,18,NULL,1,NULL,'P.A FINSOCIAL #4406 OPERA POR FIDU',28596000,NULL,NULL,0,NULL,NULL,NULL,'AL DIA',NULL,NULL,20205,NULL,'2021-02-17 00:08:51','2021-02-17 00:08:51',NULL),(38,18,NULL,1,NULL,'CREDENCIAL TDC #3006',6017000,NULL,NULL,0,NULL,NULL,NULL,'CASTIGADA',NULL,NULL,20205,NULL,'2021-02-17 00:08:51','2021-02-17 00:08:51',NULL),(39,19,NULL,7,NULL,'ESEFECTIVO KREDIT OPERA EN FIDU',2019370,NULL,NULL,0,NULL,NULL,NULL,'AL DIA',NULL,NULL,20207,NULL,'2021-02-17 00:27:24','2021-02-17 00:27:24',NULL),(40,19,NULL,7,NULL,'PATRIMONIO ALPHA VIVE #7747 OPERA EN FIDU',37080547,NULL,NULL,0,NULL,NULL,NULL,'AL DIA',NULL,NULL,20207,NULL,'2021-02-17 00:27:24','2021-02-17 00:27:24',NULL),(41,19,NULL,7,NULL,'BCO POPULAR LBZ #8051 SE COMPRA POR FIDU',9124000,NULL,NULL,0,NULL,NULL,NULL,'CASTIGADA',NULL,NULL,20207,NULL,'2021-02-17 00:27:24','2021-02-17 00:27:24',NULL),(42,19,NULL,7,NULL,'KAPITAL',3570000,NULL,NULL,0,NULL,NULL,NULL,'-',NULL,NULL,20207,NULL,'2021-02-17 00:27:24','2021-02-17 00:27:24',NULL),(43,19,NULL,7,NULL,'KAPITAL',3570000,NULL,NULL,0,NULL,NULL,NULL,'-',NULL,NULL,20207,NULL,'2021-02-17 00:27:24','2021-02-17 00:27:24',NULL),(44,19,NULL,7,NULL,'CLARO SOLUCIONES',482000,NULL,NULL,0,NULL,NULL,NULL,'-',NULL,NULL,20207,NULL,'2021-02-17 00:27:24','2021-02-17 00:27:24',NULL),(45,20,NULL,7,NULL,'CK COMERCIALIZADORA LBZ#385',1122000,NULL,NULL,0,NULL,NULL,NULL,'AL DIA',NULL,NULL,20206,NULL,'2021-02-17 00:35:31','2021-02-17 00:35:31',NULL),(46,20,NULL,7,NULL,'MORA 60 SUDAMERIS LBZ#2705',1495000,NULL,NULL,0,NULL,NULL,NULL,'MORA',NULL,NULL,20206,NULL,'2021-02-17 00:35:31','2021-02-17 00:35:31',NULL),(47,21,NULL,26,NULL,'RCI COLOMBIA # 794044',30874000,NULL,NULL,0,NULL,NULL,NULL,'AL DIA',NULL,NULL,20211,NULL,'2021-02-17 22:38:06','2021-02-17 22:38:06',NULL),(48,21,NULL,26,NULL,'BANCO FALABELLA # 743000',3345000,NULL,NULL,0,NULL,NULL,NULL,'AL DIA',NULL,NULL,20211,NULL,'2021-02-17 22:38:06','2021-02-17 22:38:06',NULL),(49,22,NULL,15,NULL,'GRUPO CONSULTOR-VILLAS #152607',18394000,NULL,NULL,0,NULL,NULL,NULL,'CASTIGADA',NULL,NULL,202012,NULL,'2021-02-17 23:18:51','2021-02-17 23:18:51',NULL),(50,22,NULL,15,NULL,'COOP MULTIACTIVADE CREDITO # 001177',1680000,NULL,NULL,0,NULL,NULL,NULL,'MORA',NULL,NULL,202012,NULL,'2021-02-17 23:18:51','2021-02-17 23:18:51',NULL),(51,22,NULL,15,NULL,'COPRO-COOP DE PROCURA # 014297',2662000,NULL,NULL,0,NULL,NULL,NULL,'CASTIGADA',NULL,NULL,202012,NULL,'2021-02-17 23:18:51','2021-02-17 23:18:51',NULL),(52,22,NULL,15,NULL,'INVERSIONES BYN # B5403',3000000,NULL,NULL,0,NULL,NULL,NULL,'CASTIGADA',NULL,NULL,202012,NULL,'2021-02-17 23:18:51','2021-02-17 23:18:51',NULL),(53,23,NULL,15,NULL,'SERFINANZA OBL 4475 TDC',480000,NULL,NULL,0,NULL,NULL,NULL,'AL DIA',NULL,NULL,20206,NULL,'2021-02-17 23:27:32','2021-02-17 23:27:32',NULL),(54,23,NULL,15,NULL,'CLARO SOLUCIONES OBL 7754',641000,NULL,NULL,0,NULL,NULL,NULL,'MORA',NULL,NULL,20206,NULL,'2021-02-17 23:27:32','2021-02-17 23:27:32',NULL),(55,24,NULL,2,NULL,'BANCO POPULAR OBLG 2402',10940000,NULL,NULL,0,NULL,NULL,NULL,'CASTIGADA',NULL,NULL,201911,NULL,'2021-02-17 23:40:54','2021-02-17 23:40:54',NULL),(56,24,NULL,2,NULL,'VIVE CREDITOS OBLG 7185 CUOTA 937',17462000,NULL,NULL,0,NULL,NULL,NULL,'MORA',NULL,NULL,201911,NULL,'2021-02-17 23:40:54','2021-02-17 23:40:54',NULL),(57,24,NULL,2,NULL,'AYUDAS Y GESTIONES OBLG 2808',5723000,NULL,NULL,0,NULL,NULL,NULL,'MORA',NULL,NULL,201911,NULL,'2021-02-17 23:40:54','2021-02-17 23:40:54',NULL),(58,24,NULL,2,NULL,'ASERCOOPI OBLG 5005 CUOTA 48',940000,NULL,NULL,0,NULL,NULL,NULL,'DUDOSA',NULL,NULL,201911,NULL,'2021-02-17 23:40:54','2021-02-17 23:40:54',NULL),(59,24,NULL,2,NULL,'RAPICREDIT FINTECH OBL 4898',350000,NULL,NULL,0,NULL,NULL,NULL,'AL DIA',NULL,NULL,201911,NULL,'2021-02-17 23:40:54','2021-02-17 23:40:54',NULL),(60,25,NULL,1,NULL,'COLPATRIA # 109064',8085000,NULL,NULL,0,NULL,NULL,NULL,'AL DIA',NULL,NULL,202011,NULL,'2021-02-17 23:48:07','2021-02-17 23:48:07',NULL),(61,25,NULL,1,NULL,'COEDUCADORES BOYACA # 1374-DEUDOR SOLIDARIO',3493000,NULL,NULL,0,NULL,NULL,NULL,'MORA',NULL,NULL,202011,NULL,'2021-02-17 23:48:07','2021-02-17 23:48:07',NULL),(62,25,NULL,1,NULL,'PROMODESCUENTOS  # 028008',1759000,NULL,NULL,0,NULL,NULL,NULL,'AL DIA',NULL,NULL,202011,NULL,'2021-02-17 23:48:07','2021-02-17 23:48:07',NULL),(63,26,NULL,1,NULL,'JURISCOOP #3839',7470000,NULL,NULL,0,NULL,NULL,NULL,'AL DIA',NULL,NULL,202010,NULL,'2021-02-18 00:02:13','2021-02-18 00:02:13',NULL),(64,26,NULL,1,NULL,'CREDIVALORES TDC # 8600',3471000,NULL,NULL,0,NULL,NULL,NULL,'AL DIA',NULL,NULL,202010,NULL,'2021-02-18 00:02:13','2021-02-18 00:02:13',NULL),(65,26,NULL,1,NULL,'COOPROCENVA # 0300',7134000,NULL,NULL,0,NULL,NULL,NULL,'AL DIA',NULL,NULL,202010,NULL,'2021-02-18 00:02:13','2021-02-18 00:02:13',NULL),(66,26,NULL,1,NULL,'COOPROCENVA # 2600',2852000,NULL,NULL,0,NULL,NULL,NULL,'AL DIA',NULL,NULL,202010,NULL,'2021-02-18 00:02:13','2021-02-18 00:02:13',NULL),(67,27,NULL,1,NULL,'PROMOTORA DE INVERSIONES # 121399',24174000,NULL,NULL,0,NULL,NULL,NULL,'CASTIGADA',NULL,NULL,202010,NULL,'2021-02-18 00:24:11','2021-02-18 00:24:11',NULL),(68,27,NULL,1,NULL,'GCA GRUPO CONSULTOR ANDINO # 501399',5909000,NULL,NULL,0,NULL,NULL,NULL,'CASTIGADA',NULL,NULL,202010,NULL,'2021-02-18 00:24:11','2021-02-18 00:24:11',NULL),(69,27,NULL,1,NULL,'FIDUCOLOMBIA UNIANDES # S-2680',2708000,NULL,NULL,0,NULL,NULL,NULL,'MORA',NULL,NULL,202010,NULL,'2021-02-18 00:24:11','2021-02-18 00:24:11',NULL),(70,27,NULL,1,NULL,'PROMOTORA DE INVERSIONES # 226391',32512000,NULL,NULL,0,NULL,NULL,NULL,'CASTIGADA',NULL,NULL,202010,NULL,'2021-02-18 00:24:11','2021-02-18 00:24:11',NULL),(71,27,NULL,1,NULL,'ADCORE SAS # 055853',30863000,NULL,NULL,0,NULL,NULL,NULL,'CASTIGADA',NULL,NULL,202010,NULL,'2021-02-18 00:24:11','2021-02-18 00:24:11',NULL),(72,27,NULL,1,NULL,'REFINANCIA ENCORE # 317701',5791000,NULL,NULL,0,NULL,NULL,NULL,'CASTIGADA',NULL,NULL,202010,NULL,'2021-02-18 00:24:11','2021-02-18 00:24:11',NULL),(73,28,NULL,13,NULL,'COLPATRIA ROTATTIVO # 534941',29743000,NULL,NULL,0,NULL,NULL,NULL,'AL DIA',NULL,NULL,202010,NULL,'2021-02-18 00:42:05','2021-02-18 00:42:05',NULL),(74,28,NULL,13,NULL,'COLPATRIA #312851',28525000,NULL,NULL,0,NULL,NULL,NULL,'AL DIA',NULL,NULL,202010,NULL,'2021-02-18 00:42:05','2021-02-18 00:42:05',NULL),(75,28,NULL,13,NULL,'COLPATRIA TDC # 236472',4691000,NULL,NULL,0,NULL,NULL,NULL,'AL DIA',NULL,NULL,202010,NULL,'2021-02-18 00:42:05','2021-02-18 00:42:05',NULL),(76,28,NULL,13,NULL,'CORBETA ALKOMPRAR #',1263000,NULL,NULL,0,NULL,NULL,NULL,'AL DIA',NULL,NULL,202010,NULL,'2021-02-18 00:42:05','2021-02-18 00:42:05',NULL),(77,29,NULL,13,NULL,'BANCOLOMBIA #9417',3951000,NULL,NULL,0,NULL,NULL,NULL,'AL DIA',NULL,NULL,20209,NULL,'2021-02-18 00:52:26','2021-02-18 00:52:26',NULL),(78,29,NULL,13,NULL,'TUYA SA # 1614',4863000,NULL,NULL,0,NULL,NULL,NULL,'AL DIA',NULL,NULL,20209,NULL,'2021-02-18 00:52:26','2021-02-18 00:52:26',NULL),(79,29,NULL,13,NULL,'BANCOLOMBIA # 6034',2101000,NULL,NULL,0,NULL,NULL,NULL,'AL DIA',NULL,NULL,20209,NULL,'2021-02-18 00:52:26','2021-02-18 00:52:26',NULL),(80,29,NULL,13,NULL,'BANCOLOMBIA TDC # 4398',3290000,NULL,NULL,0,NULL,NULL,NULL,'AL DIA',NULL,NULL,20209,NULL,'2021-02-18 00:52:26','2021-02-18 00:52:26',NULL),(81,29,NULL,13,NULL,'TUYA SA # 7622',15461000,NULL,NULL,0,NULL,NULL,NULL,'AL DIA',NULL,NULL,20209,NULL,'2021-02-18 00:52:26','2021-02-18 00:52:26',NULL),(82,29,NULL,13,NULL,'SERFINANZA # 3119',1355000,NULL,NULL,0,NULL,NULL,NULL,'AL DIA',NULL,NULL,20209,NULL,'2021-02-18 00:52:26','2021-02-18 00:52:26',NULL),(83,29,NULL,13,NULL,'CARTERAS A COMPRAR',7102000,NULL,NULL,0,NULL,NULL,NULL,'AL DIA',NULL,NULL,20209,NULL,'2021-02-18 00:52:26','2021-02-18 00:52:26',NULL),(84,30,NULL,13,NULL,'BANCOLOMBIA TCR#5382',10811000,NULL,NULL,0,NULL,NULL,NULL,'AL DIA',NULL,NULL,20208,NULL,'2021-02-18 01:01:19','2021-02-18 01:01:19',NULL),(85,30,NULL,13,NULL,'BANCO FINANDINA TCR#3472',2281000,NULL,NULL,0,NULL,NULL,NULL,'AL DIA',NULL,NULL,20208,NULL,'2021-02-18 01:01:19','2021-02-18 01:01:19',NULL),(86,30,NULL,13,NULL,'TUYA TCR #2983',35440000,NULL,NULL,0,NULL,NULL,NULL,'AL DIA',NULL,NULL,20208,NULL,'2021-02-18 01:01:19','2021-02-18 01:01:19',NULL),(87,30,NULL,13,NULL,'BANCOLOMBIA TCR#9720',16218000,NULL,NULL,0,NULL,NULL,NULL,'AL DIA',NULL,NULL,20208,NULL,'2021-02-18 01:01:19','2021-02-18 01:01:19',NULL),(88,30,NULL,13,NULL,'BANCOLOMBIA TCR#6732',8552000,NULL,NULL,0,NULL,NULL,NULL,'AL DIA',NULL,NULL,20208,NULL,'2021-02-18 01:01:19','2021-02-18 01:01:19',NULL),(89,30,NULL,13,NULL,'BANCOLOMBIA VIVI#0610',134694000,NULL,NULL,0,NULL,NULL,NULL,'AL DIA',NULL,NULL,20208,NULL,'2021-02-18 01:01:19','2021-02-18 01:01:19',NULL),(90,30,NULL,13,NULL,'FINANZAUTO VEHI#1879',17222000,NULL,NULL,0,NULL,NULL,NULL,'AL DIA',NULL,NULL,20208,NULL,'2021-02-18 01:01:19','2021-02-18 01:01:19',NULL),(91,31,NULL,19,NULL,'CLARO',264000,NULL,NULL,0,NULL,NULL,NULL,'DUDOSO',NULL,NULL,20209,NULL,'2021-02-18 22:05:42','2021-02-18 22:05:42',NULL),(92,32,NULL,13,NULL,'AECSA # 3526',18125000,NULL,NULL,0,NULL,NULL,NULL,'CASTIGADA',NULL,NULL,202010,NULL,'2021-02-18 22:15:25','2021-02-18 22:15:25',NULL),(93,32,NULL,13,NULL,'AECSA # 7237',15381000,NULL,NULL,0,NULL,NULL,NULL,'CASTIGADA',NULL,NULL,202010,NULL,'2021-02-18 22:15:25','2021-02-18 22:15:25',NULL),(94,32,NULL,13,NULL,'AECSA # 3362',1830000,NULL,NULL,0,NULL,NULL,NULL,'CASTIGADA',NULL,NULL,202010,NULL,'2021-02-18 22:15:25','2021-02-18 22:15:25',NULL),(95,32,NULL,13,NULL,'REINTEGRA SAS # 7984',243000,NULL,NULL,0,NULL,NULL,NULL,'CASTIGADA',NULL,NULL,202010,NULL,'2021-02-18 22:15:25','2021-02-18 22:15:25',NULL),(96,32,NULL,13,NULL,'AECSA # 3339',1860000,NULL,NULL,0,NULL,NULL,NULL,'CASTIGADA',NULL,NULL,202010,NULL,'2021-02-18 22:15:25','2021-02-18 22:15:25',NULL),(97,32,NULL,13,NULL,'REINTEGRA SAS # 3697',105000,NULL,NULL,0,NULL,NULL,NULL,'CASTIGADA',NULL,NULL,202010,NULL,'2021-02-18 22:15:25','2021-02-18 22:15:25',NULL),(98,32,NULL,13,NULL,'DAVIVIENDA VEHICULOS  # 9498',3618000,NULL,NULL,0,NULL,NULL,NULL,'CASTIGADA',NULL,NULL,202010,NULL,'2021-02-18 22:15:25','2021-02-18 22:15:25',NULL),(99,33,NULL,19,NULL,'TUYA SA # 422674',1117000,NULL,NULL,0,NULL,NULL,NULL,'CASTIGADA',NULL,NULL,202010,NULL,'2021-02-18 22:21:34','2021-02-18 22:21:34',NULL),(100,33,NULL,19,NULL,'SECRETARIA DE MOVILIDAD # 962082',3017000,NULL,NULL,0,NULL,NULL,NULL,'CASTIGADA',NULL,NULL,202010,NULL,'2021-02-18 22:21:34','2021-02-18 22:21:34',NULL),(101,34,NULL,26,NULL,'BBVA # 179134',1858000,NULL,NULL,0,NULL,NULL,NULL,'AL DIA',NULL,NULL,202012,NULL,'2021-02-18 22:27:13','2021-02-18 22:27:13',NULL),(102,34,NULL,26,NULL,'RF ENCORE # 873939',10086000,NULL,NULL,0,NULL,NULL,NULL,'CASTIGADA',NULL,NULL,202012,NULL,'2021-02-18 22:27:13','2021-02-18 22:27:13',NULL),(103,34,NULL,26,NULL,'CEDUCARMIA SA # 000486',18358000,NULL,NULL,0,NULL,NULL,NULL,'DUDOSO',NULL,NULL,202012,NULL,'2021-02-18 22:27:13','2021-02-18 22:27:13',NULL),(104,35,NULL,13,NULL,'PARA GROUP COLOMBIA #6451',44425000,NULL,NULL,0,NULL,NULL,NULL,'CASTIGADA',NULL,NULL,20208,NULL,'2021-02-18 22:32:58','2021-02-18 22:32:58',NULL),(105,35,NULL,13,NULL,'ENCORE SAS #9620',955000,NULL,NULL,0,NULL,NULL,NULL,'CASTIGADA',NULL,NULL,20208,NULL,'2021-02-18 22:32:58','2021-02-18 22:32:58',NULL),(106,35,NULL,13,NULL,'SECRETA DISTRITAL DE MOVI #7484',1129000,NULL,NULL,0,NULL,NULL,NULL,'DUDOSO',NULL,NULL,20208,NULL,'2021-02-18 22:32:58','2021-02-18 22:32:58',NULL),(107,36,NULL,13,NULL,'COOBOLARQUI # 009180',6051000,NULL,NULL,0,NULL,NULL,NULL,'AL DIA',NULL,NULL,20211,NULL,'2021-02-18 22:40:35','2021-02-18 22:40:35',NULL),(108,36,NULL,13,NULL,'COOBOLARQUI # 008160',5316000,NULL,NULL,0,NULL,NULL,NULL,'AL DIA',NULL,NULL,20211,NULL,'2021-02-18 22:40:35','2021-02-18 22:40:35',NULL),(109,36,NULL,13,NULL,'ASISCREDIT SAS # 0A3781',3968000,NULL,NULL,0,NULL,NULL,NULL,'AL DIA',NULL,NULL,20211,NULL,'2021-02-18 22:40:35','2021-02-18 22:40:35',NULL),(110,36,NULL,13,NULL,'GIROS Y FINANZAS # 032093',43483030,NULL,NULL,0,NULL,NULL,NULL,'AL DIA',NULL,NULL,20211,NULL,'2021-02-18 22:40:35','2021-02-18 22:40:35',NULL),(111,36,NULL,13,NULL,'ASISCREDIT SAS #0A4006',4399000,NULL,NULL,0,NULL,NULL,NULL,'MORA',NULL,NULL,20211,NULL,'2021-02-18 22:40:35','2021-02-18 22:40:35',NULL),(112,36,NULL,13,NULL,'GNB SUDAMERIS # 401127',78145000,NULL,NULL,0,NULL,NULL,NULL,'AL DIA',NULL,NULL,20211,NULL,'2021-02-18 22:40:35','2021-02-18 22:40:35',NULL),(113,37,NULL,16,NULL,'INDUSTRIA INCA SAS # 6708',133000,NULL,NULL,0,NULL,NULL,NULL,'CASTIGADA',NULL,NULL,202010,NULL,'2021-02-18 22:47:45','2021-02-18 22:47:45',NULL),(114,37,NULL,16,NULL,'MARKETING PERSONAL # 6238',184000,NULL,NULL,0,NULL,NULL,NULL,'MORA',NULL,NULL,202010,NULL,'2021-02-18 22:47:45','2021-02-18 22:47:45',NULL),(115,37,NULL,16,NULL,'NOVAVENTA # 6238',169000,NULL,NULL,0,NULL,NULL,NULL,'CASTIGADA',NULL,NULL,202010,NULL,'2021-02-18 22:47:45','2021-02-18 22:47:45',NULL),(116,37,NULL,16,NULL,'BOTERO LOSADA # 7564',844000,NULL,NULL,0,NULL,NULL,NULL,'CASTIGADA',NULL,NULL,202010,NULL,'2021-02-18 22:47:45','2021-02-18 22:47:45',NULL),(117,37,NULL,16,NULL,'BOTERO LOSADA # 7614',2438000,NULL,NULL,0,NULL,NULL,NULL,'CASTIGADA',NULL,NULL,202010,NULL,'2021-02-18 22:47:45','2021-02-18 22:47:45',NULL),(118,38,NULL,2,NULL,'CODELCAUCA # 132042',10955000,NULL,NULL,0,NULL,NULL,NULL,'MORA',NULL,NULL,202011,NULL,'2021-02-18 22:54:57','2021-02-18 22:54:57',NULL),(119,38,NULL,2,NULL,'CODELCAUCA # 131974',21879000,NULL,NULL,0,NULL,NULL,NULL,'MORA',NULL,NULL,202011,NULL,'2021-02-18 22:54:57','2021-02-18 22:54:57',NULL),(120,38,NULL,2,NULL,'KREDIT PLUS # C0341',16804000,NULL,NULL,0,NULL,NULL,NULL,'AL DIA',NULL,NULL,202011,NULL,'2021-02-18 22:54:57','2021-02-18 22:54:57',NULL),(121,39,NULL,7,NULL,'COOP DE CREDITO Y SERV #8670',6953000,NULL,NULL,0,NULL,NULL,NULL,'AL DIA',NULL,NULL,20207,NULL,'2021-02-18 23:30:25','2021-02-18 23:30:25',NULL),(122,39,NULL,7,NULL,'CREDIVALORES #1684',2826000,NULL,NULL,0,NULL,NULL,NULL,'AL DIA',NULL,NULL,20207,NULL,'2021-02-18 23:30:25','2021-02-18 23:30:25',NULL),(123,39,NULL,7,NULL,'BANCOLOMBIA #8060',1685000,NULL,NULL,0,NULL,NULL,NULL,'CASTIGADA',NULL,NULL,20207,NULL,'2021-02-18 23:30:25','2021-02-18 23:30:25',NULL),(124,39,NULL,7,NULL,'GROUP COLOMBIA HOLDING #5372',7887000,NULL,NULL,0,NULL,NULL,NULL,'CASTIGADA',NULL,NULL,20207,NULL,'2021-02-18 23:30:25','2021-02-18 23:30:25',NULL),(125,39,NULL,7,NULL,'GROUP COLOMBIA HOLDING #8475',11429000,NULL,NULL,0,NULL,NULL,NULL,'CASTIGADA',NULL,NULL,20207,NULL,'2021-02-18 23:30:25','2021-02-18 23:30:25',NULL),(126,39,NULL,7,NULL,'CONSULTOR ANDINO COLPATRIA #5013',10301000,NULL,NULL,0,NULL,NULL,NULL,'CASTIGADA',NULL,NULL,20207,NULL,'2021-02-18 23:30:25','2021-02-18 23:30:25',NULL),(127,39,NULL,7,NULL,'QNT SAS #8174',6546000,NULL,NULL,0,NULL,NULL,NULL,'CASTIGADA',NULL,NULL,20207,NULL,'2021-02-18 23:30:25','2021-02-18 23:30:25',NULL),(128,39,NULL,7,NULL,'QNT SAS #9924',2471000,NULL,NULL,0,NULL,NULL,NULL,'CASTIGADA',NULL,NULL,20207,NULL,'2021-02-18 23:30:25','2021-02-18 23:30:25',NULL),(129,39,NULL,7,NULL,'TUTA #1011',5995000,NULL,NULL,0,NULL,NULL,NULL,'CASTIGADA',NULL,NULL,20207,NULL,'2021-02-18 23:30:25','2021-02-18 23:30:25',NULL),(130,40,NULL,1,NULL,'BANCO FINAMERICA # 001717',854000,NULL,NULL,0,NULL,NULL,NULL,'CASTIGADA',NULL,NULL,202011,NULL,'2021-02-18 23:36:50','2021-02-18 23:36:50',NULL),(131,41,NULL,13,NULL,'AECSA # 331064',499000,NULL,NULL,0,NULL,NULL,NULL,'CASTIGADA',NULL,NULL,202011,NULL,'2021-02-18 23:43:51','2021-02-18 23:43:51',NULL),(132,42,NULL,1,NULL,'CREDIVALORES TC-  #1500',2184000,NULL,NULL,0,NULL,NULL,NULL,'AL DIA',NULL,NULL,20209,NULL,'2021-02-18 23:54:58','2021-02-18 23:54:58',NULL),(133,42,NULL,1,NULL,'COMFENALCO VALLE #7518',26229000,NULL,NULL,0,NULL,NULL,NULL,'CASTIGADA',NULL,NULL,20209,NULL,'2021-02-18 23:54:58','2021-02-18 23:54:58',NULL),(134,42,NULL,1,NULL,'COMFENALCO VALLE # 7531',9305000,NULL,NULL,0,NULL,NULL,NULL,'CASTIGADA',NULL,NULL,20209,NULL,'2021-02-18 23:54:58','2021-02-18 23:54:58',NULL),(135,42,NULL,1,NULL,'BANCO FALABELLA TC # 6601',8747000,NULL,NULL,0,NULL,NULL,NULL,'MORA',NULL,NULL,20209,NULL,'2021-02-18 23:54:58','2021-02-18 23:54:58',NULL),(136,43,NULL,2,NULL,'BBVA # 5554',4999000,NULL,NULL,0,NULL,NULL,NULL,'AL DIA',NULL,NULL,20208,NULL,'2021-02-19 00:17:09','2021-02-19 00:17:09',NULL),(137,43,NULL,2,NULL,'BBVA TCR # 5562',1977000,NULL,NULL,0,NULL,NULL,NULL,'AL DIA',NULL,NULL,20208,NULL,'2021-02-19 00:17:09','2021-02-19 00:17:09',NULL),(138,43,NULL,2,NULL,'BBVA # 5264',544000,NULL,NULL,0,NULL,NULL,NULL,'AL DIA',NULL,NULL,20208,NULL,'2021-02-19 00:17:09','2021-02-19 00:17:09',NULL),(139,43,NULL,2,NULL,'BCO DE BOGOTA VEH #6632',75415000,NULL,NULL,0,NULL,NULL,NULL,'CASTIGADA',NULL,NULL,20208,NULL,'2021-02-19 00:17:09','2021-02-19 00:17:09',NULL),(140,43,NULL,2,NULL,'LIBRANZAS YA # 2133',365000,NULL,NULL,0,NULL,NULL,NULL,'AL DIA',NULL,NULL,20208,NULL,'2021-02-19 00:17:09','2021-02-19 00:17:09',NULL),(141,43,NULL,2,NULL,'DISTRIINVERSIONES LG # 6912',10480000,NULL,NULL,0,NULL,NULL,NULL,'CASTIGADA',NULL,NULL,20208,NULL,'2021-02-19 00:17:09','2021-02-19 00:17:09',NULL),(142,44,NULL,13,NULL,'BANCOLOMBIA #3158',8208000,NULL,NULL,0,NULL,NULL,NULL,'CASTIGADA',NULL,NULL,20208,NULL,'2021-02-19 00:28:01','2021-02-19 00:28:01',NULL),(143,44,NULL,13,NULL,'SCOTIABANK COLPATRIA #6427',25561000,NULL,NULL,0,NULL,NULL,NULL,'CASTIGADA',NULL,NULL,20208,NULL,'2021-02-19 00:28:01','2021-02-19 00:28:01',NULL),(144,44,NULL,13,NULL,'BCO OCCIDENTE #6504',42968000,NULL,NULL,0,NULL,NULL,NULL,'CASTIGADA',NULL,NULL,20208,NULL,'2021-02-19 00:28:01','2021-02-19 00:28:01',NULL),(145,44,NULL,13,NULL,'BCO POPULAR LBZ 0353',37780000,NULL,NULL,0,NULL,NULL,NULL,'MORA',NULL,NULL,20208,NULL,'2021-02-19 00:28:01','2021-02-19 00:28:01',NULL),(146,45,NULL,16,NULL,'CREDIJAMAR SA #0630',4352000,NULL,NULL,0,NULL,NULL,NULL,'CASTIGADA',NULL,NULL,20209,NULL,'2021-02-19 19:01:37','2021-02-19 19:01:37',NULL),(147,46,NULL,15,NULL,'COLPATRIA # 576572',2089000,NULL,NULL,0,NULL,NULL,NULL,'CASTIGADA',NULL,NULL,202011,NULL,'2021-02-19 19:13:22','2021-02-19 19:13:22',NULL),(148,46,NULL,15,NULL,'COLPATRIA # 001172',5219000,NULL,NULL,0,NULL,NULL,NULL,'CASTIGADA',NULL,NULL,202011,NULL,'2021-02-19 19:13:22','2021-02-19 19:13:22',NULL),(149,46,NULL,15,NULL,'SYSTEMGROUP SAS # 107013',21275000,NULL,NULL,0,NULL,NULL,NULL,'CASTIGADA',NULL,NULL,202011,NULL,'2021-02-19 19:13:22','2021-02-19 19:13:22',NULL),(150,46,NULL,15,NULL,'PARA GROUP # 200919',2679000,NULL,NULL,0,NULL,NULL,NULL,'CASTIGADA',NULL,NULL,202011,NULL,'2021-02-19 19:13:22','2021-02-19 19:13:22',NULL),(151,46,NULL,15,NULL,'BANCO PICHINCHA # 407316',294000,NULL,NULL,0,NULL,NULL,NULL,'CASTIGADA',NULL,NULL,202011,NULL,'2021-02-19 19:13:22','2021-02-19 19:13:22',NULL),(152,46,NULL,15,NULL,'COLPATRIA TDC # 000700',4483000,NULL,NULL,0,NULL,NULL,NULL,'CASTIGADA',NULL,NULL,202011,NULL,'2021-02-19 19:13:22','2021-02-19 19:13:22',NULL),(153,47,NULL,19,NULL,'BBVA #6875-TC',550000,NULL,NULL,0,NULL,NULL,NULL,'AL DIA',NULL,NULL,20209,NULL,'2021-02-19 19:30:34','2021-02-19 19:30:34',NULL),(154,47,NULL,19,NULL,'CREDIVALORES #6737',448000,NULL,NULL,0,NULL,NULL,NULL,'MORA',NULL,NULL,20209,NULL,'2021-02-19 19:30:34','2021-02-19 19:30:34',NULL),(155,48,NULL,2,NULL,'COASMEDAS #2748',1939000,NULL,NULL,0,NULL,NULL,NULL,'AL DIA',NULL,NULL,20209,NULL,'2021-02-19 21:33:51','2021-02-19 21:33:51',NULL),(156,48,NULL,2,NULL,'GIROS Y FINANZAS · 0501',542000,NULL,NULL,0,NULL,NULL,NULL,'AL DIA',NULL,NULL,20209,NULL,'2021-02-19 21:33:51','2021-02-19 21:33:51',NULL),(157,48,NULL,2,NULL,'BANCO FINANDINA-4554',2286000,NULL,NULL,0,NULL,NULL,NULL,'AL DIA',NULL,NULL,20209,NULL,'2021-02-19 21:33:51','2021-02-19 21:33:51',NULL),(158,48,NULL,2,NULL,'SERFINANZA -TCR- 0873',3982000,NULL,NULL,0,NULL,NULL,NULL,'AL DIA',NULL,NULL,20209,NULL,'2021-02-19 21:33:51','2021-02-19 21:33:51',NULL),(159,48,NULL,2,NULL,'TUYA SA - TCR-#6502',1124000,NULL,NULL,0,NULL,NULL,NULL,'AL DIA',NULL,NULL,20209,NULL,'2021-02-19 21:33:51','2021-02-19 21:33:51',NULL),(160,48,NULL,2,NULL,'BANCO FINANDINA ·0633-VEHICULO',32977000,NULL,NULL,0,NULL,NULL,NULL,'AL DIA',NULL,NULL,20209,NULL,'2021-02-19 21:33:51','2021-02-19 21:33:51',NULL),(161,48,NULL,2,NULL,'CONFIEE # 3619',9055000,NULL,NULL,0,NULL,NULL,NULL,'AL DIA',NULL,NULL,20209,NULL,'2021-02-19 21:33:51','2021-02-19 21:33:51',NULL),(162,48,NULL,2,NULL,'FINANCIERA JURISCOOP # 5513',4692000,NULL,NULL,0,NULL,NULL,NULL,'AL DIA',NULL,NULL,20209,NULL,'2021-02-19 21:33:51','2021-02-19 21:33:51',NULL),(163,48,NULL,2,NULL,'BANCO POPULAR # 0066',47272000,NULL,NULL,0,NULL,NULL,NULL,'AL DIA',NULL,NULL,20209,NULL,'2021-02-19 21:33:51','2021-02-19 21:33:51',NULL),(164,49,NULL,13,NULL,'RF ENCORE # 6282-CASTIGADA',17429000,NULL,NULL,0,NULL,NULL,NULL,'CASTIGADA',NULL,NULL,20209,NULL,'2021-02-19 21:57:21','2021-02-19 21:57:21',NULL),(165,49,NULL,13,NULL,'SERFINANZA # 6530-CASTIGADA',1726000,NULL,NULL,0,NULL,NULL,NULL,'CASTIGADA',NULL,NULL,20209,NULL,'2021-02-19 21:57:21','2021-02-19 21:57:21',NULL),(166,50,NULL,19,NULL,'DAVIVIENDA TDC #4156',4774000,NULL,NULL,0,NULL,NULL,NULL,'CASTIGADA',NULL,NULL,20209,NULL,'2021-02-19 22:05:23','2021-02-19 22:05:23',NULL),(167,50,NULL,19,NULL,'SERFINANZA TDC #1877',220000,NULL,NULL,0,NULL,NULL,NULL,'CASTIGADA',NULL,NULL,20209,NULL,'2021-02-19 22:05:23','2021-02-19 22:05:23',NULL),(168,51,NULL,1,NULL,'BANCO CREDIFINANCIERA # 8742',14328000,NULL,NULL,0,NULL,NULL,NULL,'AL DIA',NULL,NULL,20208,NULL,'2021-02-19 22:17:12','2021-02-19 22:17:12',NULL),(169,51,NULL,1,NULL,'LEBON',215000,NULL,NULL,0,NULL,NULL,NULL,'CASTIGADA',NULL,NULL,20208,NULL,'2021-02-19 22:17:12','2021-02-19 22:17:12',NULL),(170,52,NULL,13,NULL,'SERFINANZA TDC #8308',658000,NULL,NULL,0,NULL,NULL,NULL,'AL DIA',NULL,NULL,20209,NULL,'2021-02-19 22:33:55','2021-02-19 22:33:55',NULL),(171,52,NULL,13,NULL,'BANCOLOMBIA TDC #5890',664000,NULL,NULL,0,NULL,NULL,NULL,'AL DIA',NULL,NULL,20209,NULL,'2021-02-19 22:33:55','2021-02-19 22:33:55',NULL),(172,52,NULL,13,NULL,'LABOGO # 6160',7960000,NULL,NULL,0,NULL,NULL,NULL,'AL DIA',NULL,NULL,20209,NULL,'2021-02-19 22:33:55','2021-02-19 22:33:55',NULL),(173,52,NULL,13,NULL,'CREDIVALORES # 4001',808000,NULL,NULL,0,NULL,NULL,NULL,'AL DIA',NULL,NULL,20209,NULL,'2021-02-19 22:33:55','2021-02-19 22:33:55',NULL),(174,53,NULL,15,NULL,'SERFINANZA #0564',4324000,NULL,NULL,0,NULL,NULL,NULL,'CASTIGADA',NULL,NULL,20209,NULL,'2021-02-19 23:01:02','2021-02-19 23:01:02',NULL),(175,53,NULL,15,NULL,'CREDISERVICIOS TCR #8000',223000,NULL,NULL,0,NULL,NULL,NULL,'CASTIGADA',NULL,NULL,20209,NULL,'2021-02-19 23:01:02','2021-02-19 23:01:02',NULL),(176,53,NULL,15,NULL,'TUYA SA # 2980',3467000,NULL,NULL,0,NULL,NULL,NULL,'CASTIGADA',NULL,NULL,20209,NULL,'2021-02-19 23:01:02','2021-02-19 23:01:02',NULL),(177,53,NULL,15,NULL,'COLPATRIA TCR # 8738',3329000,NULL,NULL,0,NULL,NULL,NULL,'CASTIGADA',NULL,NULL,20209,NULL,'2021-02-19 23:01:02','2021-02-19 23:01:02',NULL),(178,53,NULL,15,NULL,'DAVIVIENDA TCR #0876',4791000,NULL,NULL,0,NULL,NULL,NULL,'CASTIGADA',NULL,NULL,20209,NULL,'2021-02-19 23:01:02','2021-02-19 23:01:02',NULL),(179,53,NULL,15,NULL,'SERFINANZA TCR # 3585',4979000,NULL,NULL,0,NULL,NULL,NULL,'CASTIGADA',NULL,NULL,20209,NULL,'2021-02-19 23:01:02','2021-02-19 23:01:02',NULL),(180,53,NULL,15,NULL,'BBVA TCR #2520',1891000,NULL,NULL,0,NULL,NULL,NULL,'CASTIGADA',NULL,NULL,20209,NULL,'2021-02-19 23:01:02','2021-02-19 23:01:02',NULL),(181,53,NULL,15,NULL,'DIRECTV # 4280',227000,NULL,NULL,0,NULL,NULL,NULL,'CASTIGADA',NULL,NULL,20209,NULL,'2021-02-19 23:01:02','2021-02-19 23:01:02',NULL),(182,54,NULL,9,NULL,'DAVIVIENDA #9227',4364000,NULL,NULL,0,NULL,NULL,NULL,'AL DIA',NULL,NULL,20209,NULL,'2021-02-20 00:08:39','2021-02-20 00:08:39',NULL),(183,54,NULL,9,NULL,'SERFINANZA TC- 2135',3153000,NULL,NULL,0,NULL,NULL,NULL,'CASTIGADA',NULL,NULL,20209,NULL,'2021-02-20 00:08:39','2021-02-20 00:08:39',NULL),(184,54,NULL,9,NULL,'COOP DE CRED Y SER-COOPCOMUNIDAD#6830',13690000,NULL,NULL,0,NULL,NULL,NULL,'AL DIA',NULL,NULL,20209,NULL,'2021-02-20 00:08:39','2021-02-20 00:08:39',NULL),(185,55,NULL,1,NULL,'BANCOOMEVA #4501 TIENE PYS',152071000,NULL,NULL,0,NULL,NULL,NULL,'CASTIGADA',NULL,NULL,20208,NULL,'2021-02-20 00:17:21','2021-02-20 00:17:21',NULL),(186,55,NULL,1,NULL,'COOPROFESORES #5403 REEST',18915000,NULL,NULL,0,NULL,NULL,NULL,'MORA',NULL,NULL,20208,NULL,'2021-02-20 00:17:21','2021-02-20 00:17:21',NULL),(187,55,NULL,1,NULL,'P.A EXCELCREDIT LBZ#4219 OPERA EN FIDU',44147000,NULL,NULL,0,NULL,NULL,NULL,'AL DIA',NULL,NULL,20208,NULL,'2021-02-20 00:17:21','2021-02-20 00:17:21',NULL),(188,56,NULL,1,NULL,'ESEEFECTIVO-KREDIT #C1200',21586000,NULL,NULL,0,NULL,NULL,NULL,'MORA',NULL,NULL,20211,NULL,'2021-02-20 00:23:56','2021-02-20 00:23:56',NULL),(189,56,NULL,1,NULL,'PROCURACIONES PARA TERCERSOS # 023951',2130000,NULL,NULL,0,NULL,NULL,NULL,'AL DIA',NULL,NULL,20211,NULL,'2021-02-20 00:23:56','2021-02-20 00:23:56',NULL),(190,56,NULL,1,NULL,'ALPHA VIVE CREDITOS #008825',32613000,NULL,NULL,0,NULL,NULL,NULL,'MORA',NULL,NULL,20211,NULL,'2021-02-20 00:23:56','2021-02-20 00:23:56',NULL),(191,56,NULL,1,NULL,'COOPCOMUNIDAD # 410763',8291000,NULL,NULL,0,NULL,NULL,NULL,'AL DIA',NULL,NULL,20211,NULL,'2021-02-20 00:23:56','2021-02-20 00:23:56',NULL),(192,56,NULL,1,NULL,'JL Y RB SAS # 390300',249000,NULL,NULL,0,NULL,NULL,NULL,'MORA',NULL,NULL,20211,NULL,'2021-02-20 00:23:56','2021-02-20 00:23:56',NULL),(193,57,NULL,19,NULL,'ANTICIPO',2000000,NULL,NULL,0,NULL,NULL,NULL,'-',NULL,NULL,20211,NULL,'2021-02-20 00:50:22','2021-02-20 00:50:22',NULL),(194,57,NULL,19,NULL,'REFINANCIA # 141898',7785000,NULL,NULL,0,NULL,NULL,NULL,'CASTIGADA',NULL,NULL,20211,NULL,'2021-02-20 00:50:22','2021-02-20 00:50:22',NULL),(195,2,NULL,19,NULL,'SERFINANZA #0001',2051000,NULL,NULL,0,NULL,NULL,NULL,'CASTIGADA',NULL,NULL,20209,NULL,'2021-02-20 00:56:06','2021-02-20 00:56:06',NULL),(196,2,NULL,19,NULL,'ENCORE TC- #4888',16086000,NULL,NULL,0,NULL,NULL,NULL,'CASTIGADA',NULL,NULL,20209,NULL,'2021-02-20 00:56:06','2021-02-20 00:56:06',NULL),(197,2,NULL,19,NULL,'SERFINANZA #0292',1799000,NULL,NULL,0,NULL,NULL,NULL,'CASTIGADA',NULL,NULL,20209,NULL,'2021-02-20 00:56:06','2021-02-20 00:56:06',NULL),(198,2,NULL,19,NULL,'BAYPORT #8571',967000,NULL,NULL,0,NULL,NULL,NULL,'CASTIGADA',NULL,NULL,20209,NULL,'2021-02-20 00:56:06','2021-02-20 00:56:06',NULL),(199,58,NULL,1,NULL,'BANCO POPULAR #0468',64190000,NULL,NULL,0,NULL,NULL,NULL,'AL DIA',NULL,NULL,20208,NULL,'2021-02-20 01:04:23','2021-02-20 01:04:23',NULL),(200,58,NULL,1,NULL,'COLPATRIA TCR- #0714',7756000,NULL,NULL,0,NULL,NULL,NULL,'CASTIGADA',NULL,NULL,20208,NULL,'2021-02-20 01:04:23','2021-02-20 01:04:23',NULL),(201,58,NULL,1,NULL,'CREDIVALORES TDC #650239',4968000,NULL,NULL,0,NULL,NULL,NULL,'MORA',NULL,NULL,20208,NULL,'2021-02-20 01:04:23','2021-02-20 01:04:23',NULL),(202,58,NULL,1,NULL,'LIB KREDIT #0198',3738000,NULL,NULL,0,NULL,NULL,NULL,'AL DIA',NULL,NULL,20208,NULL,'2021-02-20 01:04:23','2021-02-20 01:04:23',NULL),(203,3,NULL,1,NULL,'RPESOD ASOCIADOS SAS #1603',296000,NULL,NULL,0,NULL,NULL,NULL,'No se encontró cuota',NULL,296000,201804,NULL,'2021-02-22 10:55:32','2021-02-22 11:30:37','2021-02-22 11:30:37'),(204,3,NULL,1,NULL,'RPESOD ASOCIADOS SAS #1603',296000,NULL,NULL,0,NULL,NULL,NULL,'No se encontró cuota',NULL,296000,201804,NULL,'2021-02-22 11:30:37','2021-02-22 16:44:19','2021-02-22 16:44:19'),(205,3,NULL,1,NULL,'RPESOD ASOCIADOS SAS #1603',296000,NULL,NULL,0,NULL,NULL,NULL,'No se encontró cuota',NULL,296000,201804,NULL,'2021-02-22 16:44:19','2021-02-22 16:51:49','2021-02-22 16:51:49'),(206,3,NULL,1,NULL,'RPESOD ASOCIADOS SAS #1603',296000,NULL,NULL,0,NULL,NULL,NULL,'No se encontró cuota',NULL,296000,201804,NULL,'2021-02-22 16:51:49','2021-02-22 16:52:30','2021-02-22 16:52:30'),(207,3,NULL,1,NULL,'RPESOD ASOCIADOS SAS #1603',296000,NULL,NULL,0,NULL,NULL,NULL,'No se encontró cuota',NULL,296000,201804,NULL,'2021-02-22 16:52:30','2021-02-22 16:52:30',NULL),(208,4,NULL,9,NULL,'new credit 2926-2918-9642',14422000,NULL,NULL,0,NULL,NULL,NULL,'no registra',NULL,NULL,20191,NULL,'2021-02-22 17:10:33','2021-02-22 17:11:01','2021-02-22 17:11:01'),(209,4,NULL,9,NULL,'new credit 2926-2918-9642',14422000,NULL,NULL,0,NULL,NULL,NULL,'no registra',NULL,NULL,201901,NULL,'2021-02-22 17:11:01','2021-02-22 17:11:01',NULL),(210,59,NULL,13,NULL,'MEFIA SAS # 9758',4606000,NULL,NULL,0,NULL,NULL,NULL,'CASTIGADA',NULL,NULL,202010,NULL,'2021-02-22 20:23:00','2021-02-22 20:23:00',NULL),(211,59,NULL,13,NULL,'AGROPAISA SAS # 0591-1',28787000,NULL,NULL,0,NULL,NULL,NULL,'CASTIGADA',NULL,NULL,202010,NULL,'2021-02-22 20:23:00','2021-02-22 20:23:00',NULL),(212,59,NULL,13,NULL,'BANCO FALABELLA TDC # 5309',14699000,NULL,NULL,0,NULL,NULL,NULL,'AL DIA',NULL,NULL,202010,NULL,'2021-02-22 20:23:00','2021-02-22 20:23:00',NULL),(213,59,NULL,13,NULL,'GAS CARIBE # 0325',2557000,NULL,NULL,0,NULL,NULL,NULL,'AL DIA',NULL,NULL,202010,NULL,'2021-02-22 20:23:00','2021-02-22 20:23:00',NULL),(214,60,NULL,13,NULL,'BANINCA SAS #0064',3607000,NULL,NULL,0,NULL,NULL,NULL,'CASTIGADA',NULL,NULL,202010,NULL,'2021-02-22 21:59:26','2021-02-22 21:59:26',NULL),(215,60,NULL,13,NULL,'FUNDA FAST SAS #0516',2788000,NULL,NULL,0,NULL,NULL,NULL,'AL DIA',NULL,NULL,202010,NULL,'2021-02-22 21:59:26','2021-02-22 21:59:26',NULL),(216,61,NULL,9,NULL,'BANCOLOMBIA # 0504',2678000,NULL,NULL,0,NULL,NULL,NULL,'AL DIA',NULL,NULL,202010,NULL,'2021-02-22 23:25:19','2021-02-22 23:25:19',NULL),(217,61,NULL,9,NULL,'COOPSERP # 4386',6498000,NULL,NULL,0,NULL,NULL,NULL,'AL DIA',NULL,NULL,202010,NULL,'2021-02-22 23:25:19','2021-02-22 23:25:19',NULL),(218,61,NULL,9,NULL,'CREDITOS RAPIDOS # 4238',496000,NULL,NULL,0,NULL,NULL,NULL,'MORA',NULL,NULL,202010,NULL,'2021-02-22 23:25:19','2021-02-22 23:25:19',NULL),(219,62,NULL,7,NULL,'SERFINANZA  #4183',1728000,NULL,NULL,0,NULL,NULL,NULL,'AL DIA',NULL,NULL,202009,NULL,'2021-02-22 23:48:19','2021-02-22 23:48:19',NULL),(220,62,NULL,7,NULL,'SERFINANZA TDC #2235',1468000,NULL,NULL,0,NULL,NULL,NULL,'AL DIA',NULL,NULL,202009,NULL,'2021-02-22 23:48:19','2021-02-22 23:48:19',NULL),(221,62,NULL,7,NULL,'BANCO BOGOTA TDC # 4602',822000,NULL,NULL,0,NULL,NULL,NULL,'AL DIA',NULL,NULL,202009,NULL,'2021-02-22 23:48:19','2021-02-22 23:48:19',NULL),(222,62,NULL,7,NULL,'BANCO MUNDO MUJER #4358',3087000,NULL,NULL,0,NULL,NULL,NULL,'AL DIA',NULL,NULL,202009,NULL,'2021-02-22 23:48:19','2021-02-22 23:48:19',NULL),(223,62,NULL,7,NULL,'COOPCENTRAL  TCR #8840',1358000,NULL,NULL,0,NULL,NULL,NULL,'CASTIGADA',NULL,NULL,202009,NULL,'2021-02-22 23:48:19','2021-02-22 23:48:19',NULL),(224,63,NULL,13,NULL,'FONAVIEMCALI # 2373',24566000,NULL,NULL,0,NULL,NULL,NULL,'AL DIA',NULL,NULL,202011,NULL,'2021-02-22 23:59:57','2021-02-22 23:59:57',NULL),(225,64,NULL,19,NULL,'BBVA CONS#2393',7631000,NULL,NULL,0,NULL,NULL,NULL,'AL DIA',NULL,NULL,202008,NULL,'2021-02-23 00:19:00','2021-02-23 00:19:00',NULL),(226,64,NULL,19,NULL,'BBVA TCR#3078',7276000,NULL,NULL,0,NULL,NULL,NULL,'AL DIA',NULL,NULL,202008,NULL,'2021-02-23 00:19:00','2021-02-23 00:19:00',NULL),(227,64,NULL,19,NULL,'TUYA TCR#2816',5902000,NULL,NULL,0,NULL,NULL,NULL,'AL DIA',NULL,NULL,202008,NULL,'2021-02-23 00:19:00','2021-02-23 00:19:00',NULL),(228,64,NULL,19,NULL,'BBVA TCR#9413',2612000,NULL,NULL,0,NULL,NULL,NULL,'AL DIA',NULL,NULL,202008,NULL,'2021-02-23 00:19:00','2021-02-23 00:19:00',NULL),(229,64,NULL,19,NULL,'GM FINANCIAL COLOMBIA VEHI#6645',30185000,NULL,NULL,0,NULL,NULL,NULL,'AL DIA',NULL,NULL,202008,NULL,'2021-02-23 00:19:00','2021-02-23 00:19:00',NULL),(230,64,NULL,19,NULL,'BBVA CONS#7803',618000,NULL,NULL,0,NULL,NULL,NULL,'AL DIA',NULL,NULL,202008,NULL,'2021-02-23 00:19:00','2021-02-23 00:19:00',NULL),(231,65,NULL,13,NULL,'COVINOC # 381104',1984000,NULL,NULL,0,NULL,NULL,NULL,'CASTIGADA',NULL,NULL,202101,NULL,'2021-02-23 00:41:48','2021-02-23 00:41:48',NULL),(232,65,NULL,13,NULL,'RF ENCORE # 720880',7408000,NULL,NULL,0,NULL,NULL,NULL,'CASTIGADA',NULL,NULL,202101,NULL,'2021-02-23 00:41:48','2021-02-23 00:41:48',NULL),(233,66,NULL,3,NULL,'BANCO FALABELLA # 3986',4679000,NULL,NULL,0,NULL,NULL,NULL,'AL DIA',NULL,NULL,202009,NULL,'2021-02-23 22:32:52','2021-02-23 22:32:52',NULL),(234,66,NULL,3,NULL,'BANCO SERFINANZA #6164-TCR',3119000,NULL,NULL,0,NULL,NULL,NULL,'AL DIA',NULL,NULL,202009,NULL,'2021-02-23 22:32:52','2021-02-23 22:32:52',NULL),(235,66,NULL,3,NULL,'COOP COMUNIDAD #0488',4893000,NULL,NULL,0,NULL,NULL,NULL,'AL DIA',NULL,NULL,202009,NULL,'2021-02-23 22:32:52','2021-02-23 22:32:52',NULL),(236,66,NULL,3,NULL,'COOP COMUNIDAD # 0706',4760000,NULL,NULL,0,NULL,NULL,NULL,'MORA',NULL,NULL,202009,NULL,'2021-02-23 22:32:52','2021-02-23 22:32:52',NULL),(237,66,NULL,3,NULL,'FINSOCIAL #~5441',1622000,NULL,NULL,0,NULL,NULL,NULL,'AL DIA',NULL,NULL,202009,NULL,'2021-02-23 22:32:52','2021-02-23 22:32:52',NULL),(238,66,NULL,3,NULL,'FINSOCIAL # 5444',9018000,NULL,NULL,0,NULL,NULL,NULL,'AL DIA',NULL,NULL,202009,NULL,'2021-02-23 22:32:52','2021-02-23 22:32:52',NULL),(239,66,NULL,3,NULL,'FINSOCIAL # 9302',8451000,NULL,NULL,0,NULL,NULL,NULL,'AL DIA',NULL,NULL,202009,NULL,'2021-02-23 22:32:52','2021-02-23 22:32:52',NULL),(240,66,NULL,3,NULL,'FINSOCIAL # 4903',3289000,NULL,NULL,0,NULL,NULL,NULL,'AL DIA',NULL,NULL,202009,NULL,'2021-02-23 22:32:52','2021-02-23 22:32:52',NULL),(241,66,NULL,3,NULL,'BANCO POPULAR ·#0557',58025000,NULL,NULL,0,NULL,NULL,NULL,'AL DIA',NULL,NULL,20209,NULL,'2021-02-23 22:32:52','2021-02-23 22:32:52',NULL),(242,67,NULL,15,NULL,'FIDEICOMISOS GNB # 770888',26565000,NULL,NULL,0,NULL,NULL,NULL,'CASTIGADA',NULL,NULL,202012,NULL,'2021-02-23 23:45:22','2021-02-23 23:45:22',NULL),(243,67,NULL,15,NULL,'CREDITITULOS SAS # 882994',5868000,NULL,NULL,0,NULL,NULL,NULL,'CASTIGADA',NULL,NULL,202012,NULL,'2021-02-23 23:45:22','2021-02-23 23:45:22',NULL),(244,68,NULL,13,NULL,'BANCOLOMBIA #1744',6591000,NULL,NULL,0,NULL,NULL,NULL,'AL DIA',NULL,NULL,202009,NULL,'2021-02-23 23:57:58','2021-02-23 23:57:58',NULL),(245,68,NULL,13,NULL,'BANCAMIA #2001',1119000,NULL,NULL,0,NULL,NULL,NULL,'AL DIA',NULL,NULL,202009,NULL,'2021-02-23 23:57:58','2021-02-23 23:57:58',NULL),(246,68,NULL,13,NULL,'BANCO AVVILLAS #1913KV LIB',21972000,NULL,NULL,0,NULL,NULL,NULL,'AL DIA',NULL,NULL,202009,NULL,'2021-02-23 23:57:58','2021-02-23 23:57:58',NULL),(247,68,NULL,13,NULL,'GNB SUDAMERIS LIB #2296',19831000,NULL,NULL,0,NULL,NULL,NULL,'AL DIA',NULL,NULL,202009,NULL,'2021-02-23 23:57:58','2021-02-23 23:57:58',NULL),(248,68,NULL,13,NULL,'BANCOLOMBIA TDC #4474',6025000,NULL,NULL,0,NULL,NULL,NULL,'MORA',NULL,NULL,202009,NULL,'2021-02-23 23:57:58','2021-02-23 23:57:58',NULL),(249,68,NULL,13,NULL,'COFIJURIDICO # 6711',1961000,NULL,NULL,0,NULL,NULL,NULL,'CASTIGADA',NULL,NULL,202009,NULL,'2021-02-23 23:57:58','2021-02-23 23:57:58',NULL),(250,69,NULL,1,NULL,'COOPIDESARROLLO # 4785',6667000,NULL,NULL,0,NULL,NULL,NULL,'AL DIA',NULL,NULL,202010,NULL,'2021-02-24 00:12:23','2021-02-24 00:12:23',NULL),(251,69,NULL,1,NULL,'COLPATRIA # 8520- FIDU',52104000,NULL,NULL,0,NULL,NULL,NULL,'AL DIA',NULL,NULL,202010,NULL,'2021-02-24 00:12:23','2021-02-24 00:12:23',NULL),(252,69,NULL,1,NULL,'SUMA # 0156 - FIDU',4879000,NULL,NULL,0,NULL,NULL,NULL,'AL DIA',NULL,NULL,202010,NULL,'2021-02-24 00:12:23','2021-02-24 00:12:23',NULL),(253,69,NULL,1,NULL,'PARA GROUP #8409',105719000,NULL,NULL,0,NULL,NULL,NULL,'CASTIGADA',NULL,NULL,202010,NULL,'2021-02-24 00:12:23','2021-02-24 00:12:23',NULL),(254,69,NULL,1,NULL,'PRODUCTOS Y VALORES SAS #5001- FIDU',926000,NULL,NULL,0,NULL,NULL,NULL,'AL DIA',NULL,NULL,202010,NULL,'2021-02-24 00:12:23','2021-02-24 00:12:23',NULL),(255,69,NULL,1,NULL,'ZINOBE SAS # 5877',635000,NULL,NULL,0,NULL,NULL,NULL,'MORA',NULL,NULL,202010,NULL,'2021-02-24 00:12:23','2021-02-24 00:12:23',NULL),(256,70,NULL,15,NULL,'BANCO PICHINCHA LIB  # 9625',13386000,NULL,NULL,0,NULL,NULL,NULL,'No se encontró cuota',NULL,13386000,202010,NULL,'2021-02-24 11:20:02','2021-02-24 11:20:02',NULL),(257,70,NULL,15,NULL,'CREDIFAMILIA CF COMPAÑÍA # 6153',53158000,NULL,NULL,0,NULL,NULL,NULL,'No se encontró cuota',NULL,53158000,202010,NULL,'2021-02-24 11:20:02','2021-02-24 11:20:02',NULL),(258,70,NULL,15,NULL,'BAYPORT #5353',7298000,NULL,NULL,0,NULL,NULL,NULL,'No se encontró cuota',NULL,7298000,202010,NULL,'2021-02-24 11:20:02','2021-02-24 11:20:02',NULL),(259,71,NULL,19,NULL,'BBVA TDC #752443',576000,NULL,NULL,0,NULL,NULL,NULL,'AL DIA',NULL,NULL,202011,NULL,'2021-02-24 18:51:01','2021-02-24 18:51:01',NULL),(260,72,NULL,19,NULL,'COOPMULTIACTIVA NACION LIB# 023393',3442000,NULL,NULL,0,NULL,NULL,NULL,'CASTIGADA',NULL,NULL,202012,NULL,'2021-02-24 19:38:29','2021-02-24 19:38:29',NULL),(261,72,NULL,19,NULL,'BAYPORT LIB # 034248',20505000,NULL,NULL,0,NULL,NULL,NULL,'MORA',NULL,NULL,202012,NULL,'2021-02-24 19:38:29','2021-02-24 19:38:29',NULL),(262,72,NULL,19,NULL,'RENAWARE DE COLOMBIA #910269',2846000,NULL,NULL,0,NULL,NULL,NULL,'CASTIGADA',NULL,NULL,202012,NULL,'2021-02-24 19:38:29','2021-02-24 19:38:29',NULL),(263,72,NULL,19,NULL,'ACTIVOS Y FINANZAS # 000315',17853000,NULL,NULL,0,NULL,NULL,NULL,'CASTIGADA',NULL,NULL,202012,NULL,'2021-02-24 19:38:29','2021-02-24 19:38:29',NULL),(264,73,NULL,13,NULL,'CORFEINCO #190101',1448000,NULL,NULL,0,NULL,NULL,NULL,'AL DIA',NULL,NULL,202011,NULL,'2021-02-24 20:50:19','2021-02-24 20:50:19',NULL),(265,73,NULL,13,NULL,'CORFEINCO # 200053',2000000,NULL,NULL,0,NULL,NULL,NULL,'AL DIA',NULL,NULL,202011,NULL,'2021-02-24 20:50:19','2021-02-24 20:50:19',NULL),(266,73,NULL,13,NULL,'BANCO MUNDO MUJER #458964',284000,NULL,NULL,0,NULL,NULL,NULL,'AL DIA',NULL,NULL,202011,NULL,'2021-02-24 20:50:19','2021-02-24 20:50:19',NULL),(267,73,NULL,13,NULL,'SISTECREDITO SAS #000234',432000,NULL,NULL,0,NULL,NULL,NULL,'MORA',NULL,NULL,202011,NULL,'2021-02-24 20:50:19','2021-02-24 20:50:19',NULL),(268,73,NULL,13,NULL,'SISTECREDITO SAS # 000233',90000,NULL,NULL,0,NULL,NULL,NULL,'MORA',NULL,NULL,202011,NULL,'2021-02-24 20:50:19','2021-02-24 20:50:19',NULL),(269,73,NULL,13,NULL,'COSTO CERTIFICADO BAYPORT',50000,NULL,NULL,0,NULL,NULL,NULL,'-',NULL,NULL,202011,NULL,'2021-02-24 20:50:19','2021-02-24 20:50:19',NULL),(270,74,NULL,7,NULL,'TUYA #8859',7889000,NULL,NULL,0,NULL,NULL,NULL,'CASTIGADA',NULL,NULL,202006,NULL,'2021-02-25 16:27:18','2021-02-25 16:27:18',NULL),(271,74,NULL,7,NULL,'RF ENCORE #6673',7247000,NULL,NULL,0,NULL,NULL,NULL,'CASTIGADA',NULL,NULL,202006,NULL,'2021-02-25 16:27:18','2021-02-25 16:27:18',NULL),(272,74,NULL,7,NULL,'FALABELLA #4608',1603000,NULL,NULL,0,NULL,NULL,NULL,'CASTIGADA',NULL,NULL,202006,NULL,'2021-02-25 16:27:18','2021-02-25 16:27:18',NULL),(273,75,NULL,1,NULL,'finandina 2072',46100000,NULL,NULL,0,NULL,NULL,NULL,'CASTIGADA',NULL,NULL,201809,NULL,'2021-02-25 16:36:20','2021-02-25 16:36:20',NULL),(274,75,NULL,1,NULL,'CK COMERCIALIZADORA',3400000,NULL,NULL,0,NULL,NULL,NULL,'-',NULL,NULL,201809,NULL,'2021-02-25 16:36:20','2021-02-25 16:36:20',NULL),(275,76,NULL,6,NULL,'SISTEMCOBRO DAVIVIENDA 6117',35644000,NULL,NULL,0,NULL,NULL,NULL,'CASTIGADA',NULL,NULL,201809,NULL,'2021-02-25 17:08:48','2021-02-25 17:08:48',NULL),(276,76,NULL,6,NULL,'ANTICIPO',4000000,NULL,NULL,0,NULL,NULL,NULL,'-',NULL,NULL,201809,NULL,'2021-02-25 17:08:48','2021-02-25 17:08:48',NULL),(277,76,NULL,6,NULL,'CREDIPROGRESO',16111977,NULL,NULL,0,NULL,NULL,NULL,'-',NULL,NULL,201809,NULL,'2021-02-25 17:08:48','2021-02-25 17:08:48',NULL),(278,77,NULL,13,NULL,'CREDIMUEBLES GLADYS 835',1200000,NULL,NULL,0,NULL,NULL,NULL,'CASTIGADA',NULL,NULL,201812,NULL,'2021-02-25 17:38:28','2021-02-25 17:38:28',NULL),(279,77,NULL,13,NULL,'BAYPORT 7252',19800000,NULL,NULL,0,NULL,NULL,NULL,'MORA',NULL,NULL,201812,NULL,'2021-02-25 17:38:28','2021-02-25 17:38:28',NULL),(280,77,NULL,13,NULL,'SISTEMCOBRO AV VILLAS 4464',16090000,NULL,NULL,0,NULL,NULL,NULL,'CASTIGADA',NULL,NULL,201812,NULL,'2021-02-25 17:38:28','2021-02-25 17:38:28',NULL),(281,78,NULL,1,NULL,'banco popular libranza 1956',141000,NULL,NULL,0,NULL,NULL,NULL,'CASTIGADA',NULL,NULL,201901,NULL,'2021-02-25 17:46:47','2021-02-25 17:46:47',NULL),(282,78,NULL,1,NULL,'novaventa 0357',267000,NULL,NULL,0,NULL,NULL,NULL,'CASTIGADA',NULL,NULL,201901,NULL,'2021-02-25 17:46:47','2021-02-25 17:46:47',NULL),(283,78,NULL,1,NULL,'renacer financiero 0006',208000,NULL,NULL,0,NULL,NULL,NULL,'CASTIGADA',NULL,NULL,201901,NULL,'2021-02-25 17:46:47','2021-02-25 17:46:47',NULL),(284,78,NULL,1,NULL,'credivalores 2511 tdc',1041000,NULL,NULL,0,NULL,NULL,NULL,'CASTIGADA',NULL,NULL,201901,NULL,'2021-02-25 17:46:47','2021-02-25 17:46:47',NULL),(285,79,NULL,13,NULL,'credidescuento dario botero',41000,NULL,NULL,0,NULL,NULL,NULL,'CASTIGADA',NULL,NULL,201901,NULL,'2021-02-25 17:58:54','2021-02-25 17:58:54',NULL),(286,79,NULL,13,NULL,'marketing personal 0081',124000,NULL,NULL,0,NULL,NULL,NULL,'CASTIGADA',NULL,NULL,201901,NULL,'2021-02-25 17:58:54','2021-02-25 17:58:54',NULL),(287,79,NULL,13,NULL,'credivalores tdc 9457',1027000,NULL,NULL,0,NULL,NULL,NULL,'CASTIGADA',NULL,NULL,201901,NULL,'2021-02-25 17:58:54','2021-02-25 17:58:54',NULL),(288,80,NULL,2,NULL,'BANCO POPULAR TDC 10263',3811000,NULL,NULL,0,NULL,NULL,NULL,'CASTIGADA',NULL,NULL,201906,NULL,'2021-02-25 18:19:43','2021-02-25 18:19:43',NULL),(289,80,NULL,2,NULL,'COOPEOCCIDENTE 0036',19008000,NULL,NULL,0,NULL,NULL,NULL,'CASTIGADA',NULL,NULL,201906,NULL,'2021-02-25 18:19:43','2021-02-25 18:19:43',NULL),(290,80,NULL,2,NULL,'RAYCO 0178',1885000,NULL,NULL,0,NULL,NULL,NULL,'CASTIGADA',NULL,NULL,201906,NULL,'2021-02-25 18:19:43','2021-02-25 18:19:43',NULL),(291,80,NULL,2,NULL,'CREDIVALORES TDC 5924',4832000,NULL,NULL,0,NULL,NULL,NULL,'CASTIGADA',NULL,NULL,201906,NULL,'2021-02-25 18:19:43','2021-02-25 18:19:43',NULL),(292,80,NULL,2,NULL,'REINTEGRA 4453',9446000,NULL,NULL,0,NULL,NULL,NULL,'CASTIGADA',NULL,NULL,201906,NULL,'2021-02-25 18:19:43','2021-02-25 18:19:43',NULL),(293,80,NULL,2,NULL,'COOPCREDICOM',6120000,NULL,NULL,0,NULL,NULL,NULL,'CASTIGADA',NULL,NULL,201906,NULL,'2021-02-25 18:19:43','2021-02-25 18:19:43',NULL),(294,80,NULL,2,NULL,'ENEFECTIVO 2764',1500000,NULL,NULL,0,NULL,NULL,NULL,'CASTIGADA',NULL,NULL,201906,NULL,'2021-02-25 18:19:43','2021-02-25 18:19:43',NULL),(295,80,NULL,2,NULL,'AYUDAS Y GESTIONES 4747-2618',18015000,NULL,NULL,0,NULL,NULL,NULL,'CASTIGADA',NULL,NULL,201906,NULL,'2021-02-25 18:19:43','2021-02-25 18:19:43',NULL),(296,80,NULL,2,NULL,'ALIANZAS EFECTIVAS EMB SEM CALI',26600000,NULL,NULL,0,NULL,NULL,NULL,'CASTIGADA',NULL,NULL,201906,NULL,'2021-02-25 18:19:43','2021-02-25 18:19:43',NULL),(297,81,NULL,7,NULL,'originar soluciones 0694',8932000,NULL,NULL,0,NULL,NULL,NULL,'CASTIGADA',NULL,NULL,201906,NULL,'2021-02-25 22:57:25','2021-02-25 22:57:25',NULL),(298,82,NULL,2,NULL,'AYUDAS Y GESTIONES 4908',3139000,NULL,NULL,0,NULL,NULL,NULL,'MORA',NULL,NULL,201907,NULL,'2021-02-25 23:25:46','2021-02-25 23:25:46',NULL),(299,82,NULL,2,NULL,'BAYPORT 7316',20390805,NULL,NULL,0,NULL,NULL,NULL,'MORA',NULL,NULL,201907,NULL,'2021-02-25 23:25:46','2021-02-25 23:25:46',NULL),(300,83,NULL,7,NULL,'BANCOLOMBIA 7222-7223',3871000,NULL,NULL,0,NULL,NULL,NULL,'MORA',NULL,NULL,201905,NULL,'2021-02-25 23:34:23','2021-02-25 23:34:23',NULL),(301,83,NULL,7,NULL,'ALMACENES LUMA 9661',3970000,NULL,NULL,0,NULL,NULL,NULL,'MORA',NULL,NULL,201905,NULL,'2021-02-25 23:34:23','2021-02-25 23:34:23',NULL),(302,83,NULL,7,NULL,'COOMACHOCO  0314 COOPERATIVA',1025000,NULL,NULL,0,NULL,NULL,NULL,'AL DIA',NULL,NULL,201905,NULL,'2021-02-25 23:34:23','2021-02-25 23:34:23',NULL),(303,84,NULL,7,NULL,'KREDIT 0529 (pa esefectivo)',14317000,NULL,NULL,0,NULL,NULL,NULL,'CASTIGADA',NULL,NULL,201907,NULL,'2021-02-25 23:48:53','2021-02-25 23:48:53',NULL),(304,84,NULL,7,NULL,'CREDIVALORES TDC 7075',5311000,NULL,NULL,0,NULL,NULL,NULL,'MORA',NULL,NULL,201907,NULL,'2021-02-25 23:48:53','2021-02-25 23:48:53',NULL),(305,84,NULL,7,NULL,'NEW CREDIT BBVA 9678-9660',16930000,NULL,NULL,0,NULL,NULL,NULL,'CASTIGADA',NULL,NULL,201907,NULL,'2021-02-25 23:48:53','2021-02-25 23:48:53',NULL),(306,84,NULL,7,NULL,'CONALFE (COLA)',2000000,NULL,NULL,0,NULL,NULL,NULL,'CASTIGADA',NULL,NULL,201907,NULL,'2021-02-25 23:48:53','2021-02-25 23:48:53',NULL),(307,84,NULL,7,NULL,'COASOL (COLA)',2000000,NULL,NULL,0,NULL,NULL,NULL,'CASTIGADA',NULL,NULL,201907,NULL,'2021-02-25 23:48:53','2021-02-25 23:48:53',NULL),(308,85,NULL,1,NULL,'CODELCAUCA 2348',3952000,NULL,NULL,0,NULL,NULL,NULL,'CASTIGADA',NULL,NULL,201910,NULL,'2021-02-25 23:53:17','2021-02-25 23:53:17',NULL),(309,85,NULL,1,NULL,'COSERCOOP 6823 - EN COLA',2475000,NULL,NULL,0,NULL,NULL,NULL,'CASTIGADA',NULL,NULL,201910,NULL,'2021-02-25 23:53:17','2021-02-25 23:53:17',NULL),(310,86,NULL,7,NULL,'BBVA AECSA 7188',15800000,NULL,NULL,0,NULL,NULL,NULL,'CASTIGADA',NULL,NULL,201911,NULL,'2021-02-25 23:59:13','2021-02-25 23:59:13',NULL),(311,86,NULL,7,NULL,'REFINANCIA 174',3646000,NULL,NULL,0,NULL,NULL,NULL,'CASTIGADA',NULL,NULL,201911,NULL,'2021-02-25 23:59:13','2021-02-25 23:59:13',NULL),(312,86,NULL,7,NULL,'alianzas efectivas 7374',17809000,NULL,NULL,0,NULL,NULL,NULL,'MORA',NULL,NULL,201911,NULL,'2021-02-25 23:59:13','2021-02-25 23:59:13',NULL),(313,87,NULL,7,NULL,'BBVA 8318',0,NULL,NULL,0,NULL,NULL,NULL,'MORA',NULL,NULL,201911,NULL,'2021-02-26 00:07:49','2021-02-26 00:07:49',NULL),(314,87,NULL,7,NULL,'DAVIVIENDA 8897 TDC',1281000,NULL,NULL,0,NULL,NULL,NULL,'CASTIGADA',NULL,NULL,201911,NULL,'2021-02-26 00:07:49','2021-02-26 00:07:49',NULL),(315,87,NULL,7,NULL,'REFINANCIA 3611',0,NULL,NULL,0,NULL,NULL,NULL,'CASTIGADA',NULL,NULL,201911,NULL,'2021-02-26 00:07:49','2021-02-26 00:07:49',NULL),(316,88,NULL,7,NULL,'BBVA TDC 268787-313492',1809000,NULL,NULL,0,NULL,NULL,NULL,'MORA',NULL,NULL,201910,NULL,'2021-02-26 00:13:53','2021-02-26 00:13:53',NULL),(317,89,NULL,7,NULL,'aecsa bbva 3916',21079000,NULL,NULL,0,NULL,NULL,NULL,'CASTIGADA',NULL,NULL,201909,NULL,'2021-02-26 00:21:13','2021-02-26 00:21:13',NULL),(318,89,NULL,7,NULL,'coopserv 3091-4382 (PTE PAZ Y SALVO)',2177000,NULL,NULL,0,NULL,NULL,NULL,'AL DIA',NULL,NULL,201909,NULL,'2021-02-26 00:21:13','2021-02-26 00:21:13',NULL),(319,91,NULL,13,NULL,'PARA GROUP COLOMBIA HOLDING 3504',18901000,NULL,NULL,0,NULL,NULL,NULL,'CASTIGADA',NULL,NULL,202001,NULL,'2021-02-26 00:33:11','2021-02-26 00:33:11',NULL),(320,91,NULL,13,NULL,'FONAVIEM 2600 lib no operante',1726000,NULL,NULL,0,NULL,NULL,NULL,'AL DIA',NULL,NULL,202001,NULL,'2021-02-26 00:33:11','2021-02-26 00:33:11',NULL),(321,92,NULL,7,NULL,'BBVA TDC 1364',1176000,NULL,NULL,0,NULL,NULL,NULL,'CASTIGADA',NULL,NULL,201909,NULL,'2021-02-26 00:37:25','2021-02-26 00:37:25',NULL),(322,93,NULL,15,NULL,'COBJURIDICA 0H-085',2700000,NULL,NULL,0,NULL,NULL,NULL,'CASTIGADA',NULL,2700000,202009,NULL,'2021-03-01 11:26:40','2021-03-01 11:26:40',NULL),(323,93,NULL,15,NULL,'TEAM.CO CRESI-SI SAS #0214',1798000,NULL,NULL,0,NULL,NULL,NULL,'CASTIGADA',NULL,1798000,202009,NULL,'2021-03-01 11:26:40','2021-03-01 11:26:40',NULL),(324,93,NULL,15,NULL,'SYSTEMGROUP #2209',1033000,NULL,NULL,0,NULL,NULL,NULL,'CASTIGADA',NULL,1033000,202009,NULL,'2021-03-01 11:26:40','2021-03-01 11:26:40',NULL),(325,94,NULL,2,NULL,'GNB SUDAMERIS # 431118',20026000,NULL,NULL,0,NULL,NULL,NULL,'AL DIA',NULL,20026000,202101,NULL,'2021-03-01 12:59:22','2021-03-01 12:59:22',NULL),(326,94,NULL,2,NULL,'VIVE CREDITOS # 037261',5241000,NULL,NULL,0,NULL,NULL,NULL,'AL DIA',NULL,5241000,202101,NULL,'2021-03-01 12:59:22','2021-03-01 12:59:22',NULL),(327,94,NULL,2,NULL,'ACTUAR FAMIEMPRESAS # 000775',610000,NULL,NULL,0,NULL,NULL,NULL,'CASTIGADA',NULL,610000,202101,NULL,'2021-03-01 12:59:22','2021-03-01 12:59:22',NULL),(328,95,NULL,2,NULL,'COOPSERP # 04812',1833000,NULL,NULL,0,NULL,NULL,NULL,'AL DIA',NULL,1833000,202100,NULL,'2021-03-01 14:41:09','2021-03-01 14:41:09',NULL),(329,95,NULL,2,NULL,'COOPSERP #04811',12490000,NULL,NULL,0,NULL,NULL,NULL,'AL DIA',NULL,12490000,202101,NULL,'2021-03-01 14:41:09','2021-03-01 14:41:09',NULL),(330,95,NULL,2,NULL,'COOPSERP # 03539',7708000,NULL,NULL,0,NULL,NULL,NULL,'AL DIA',NULL,7708000,202101,NULL,'2021-03-01 14:41:09','2021-03-01 14:41:09',NULL),(331,95,NULL,2,NULL,'COOPSERP # 03452',9077000,NULL,NULL,0,NULL,NULL,NULL,'AL DIA',NULL,9077000,202101,NULL,'2021-03-01 14:41:09','2021-03-01 14:41:09',NULL),(332,95,NULL,2,NULL,'GNB SUDAMERIS # 458320',42682000,NULL,NULL,0,NULL,NULL,NULL,'AL DIA',NULL,42682000,202101,NULL,'2021-03-01 14:41:09','2021-03-01 14:41:09',NULL),(333,96,NULL,27,'# 324733','BANCOLOMBIA TCR',1339000,NULL,NULL,0,NULL,NULL,NULL,'AL DIA',NULL,1339000,202012,NULL,'2021-03-01 15:36:24','2021-03-01 15:36:24',NULL),(334,96,NULL,27,'# 009398','TUYA SA',7400000,NULL,NULL,0,NULL,NULL,NULL,'CASTIGADA',NULL,7400000,202012,NULL,'2021-03-01 15:36:24','2021-03-01 15:36:24',NULL),(335,97,NULL,13,'#2501','BANCO FALABELLA',847000,NULL,NULL,0,NULL,NULL,NULL,'AL DIA',NULL,847000,202010,NULL,'2021-03-01 16:20:25','2021-03-01 16:20:25',NULL),(336,97,NULL,13,'#5776','GNB SUDAMERIS',148408000,NULL,NULL,0,NULL,NULL,NULL,'AL DIA',NULL,148408000,202010,NULL,'2021-03-01 16:20:25','2021-03-01 16:20:25',NULL),(337,97,NULL,13,'#8574','BANCO SERFINANZA',4588000,NULL,NULL,0,NULL,NULL,NULL,'AL DIA',NULL,4588000,202010,NULL,'2021-03-01 16:20:25','2021-03-01 16:20:25',NULL),(338,97,NULL,13,'#2792','BANCO DAVIVIENDA',0,NULL,NULL,0,NULL,NULL,NULL,'AL DIA',NULL,0,202010,NULL,'2021-03-01 16:20:25','2021-03-01 16:20:25',NULL),(339,97,NULL,13,'#0316','BANCO DAVIVIENDA',8705000,NULL,NULL,0,NULL,NULL,NULL,'AL DIA',NULL,8705000,202010,NULL,'2021-03-01 16:20:25','2021-03-01 16:20:25',NULL),(340,97,NULL,13,'#3486','BANCO DE OCCIDENTE',3043000,NULL,NULL,0,NULL,NULL,NULL,'AL DIA',NULL,3043000,202010,NULL,'2021-03-01 16:20:26','2021-03-01 16:20:26',NULL),(341,97,NULL,13,'#4607','BBVA SOBREGIRO',0,NULL,NULL,0,NULL,NULL,NULL,'AL DIA',NULL,0,202010,NULL,'2021-03-01 16:20:26','2021-03-01 16:20:26',NULL),(342,97,NULL,13,'#0662','DAVIVIENDA SOBREGIRO',1798000,NULL,NULL,0,NULL,NULL,NULL,'AL DIA',NULL,1798000,202010,NULL,'2021-03-01 16:20:26','2021-03-01 16:20:26',NULL),(343,97,NULL,13,'#2216','BANCO FALABELLA',9564000,NULL,NULL,0,NULL,NULL,NULL,'AL DIA',NULL,9564000,202010,NULL,'2021-03-01 16:20:26','2021-03-01 16:20:26',NULL),(344,97,NULL,13,'#3527','SERFIANZA',3007000,NULL,NULL,0,NULL,NULL,NULL,'AL DIA',NULL,3007000,202010,NULL,'2021-03-01 16:20:26','2021-03-01 16:20:26',NULL),(345,97,NULL,13,'#3741','BANCO DE OCCIDENTE',6865000,NULL,NULL,0,NULL,NULL,NULL,'AL DIA',NULL,6865000,202010,NULL,'2021-03-01 16:20:26','2021-03-01 16:20:26',NULL),(346,97,NULL,13,'#9511','BANCO DAVIVIENDA',5266000,NULL,NULL,0,NULL,NULL,NULL,'AL DIA',NULL,5266000,202010,NULL,'2021-03-01 16:20:26','2021-03-01 16:20:26',NULL),(347,97,NULL,13,'#5556','BANCO DAVIVIENDA',4542000,NULL,NULL,0,NULL,NULL,NULL,'AL DIA',NULL,4542000,202010,NULL,'2021-03-01 16:20:26','2021-03-01 16:20:26',NULL),(348,97,NULL,13,'#8388','BANCO DAVIVIENDA',4290000,NULL,NULL,0,NULL,NULL,NULL,'AL DIA',NULL,4290000,202010,NULL,'2021-03-01 16:20:26','2021-03-01 16:20:26',NULL),(349,97,NULL,13,'#4461','CREDENCIAL',6793000,NULL,NULL,0,NULL,NULL,NULL,'AL DIA',NULL,6793000,202010,NULL,'2021-03-01 16:20:26','2021-03-01 16:20:26',NULL),(350,97,NULL,13,'#8614','TUYA',8456000,NULL,NULL,0,NULL,NULL,NULL,'AL DIA',NULL,8456000,2010,NULL,'2021-03-01 16:20:26','2021-03-01 16:20:26',NULL),(351,99,NULL,15,'#7381','FIDEICOMISO',627000,NULL,NULL,0,NULL,NULL,NULL,'CASTIGADA',NULL,627000,202008,NULL,'2021-03-01 17:04:59','2021-03-01 17:04:59',NULL),(352,99,NULL,15,'#1400','RF ENCORE DE OCCIDENTE',23145000,NULL,NULL,0,NULL,NULL,NULL,'CASTIGADA',NULL,23145000,202008,NULL,'2021-03-01 17:04:59','2021-03-01 17:04:59',NULL),(353,99,NULL,15,NULL,'CONSULTOR ANDINO COLPATRIA',73428000,NULL,NULL,0,NULL,NULL,NULL,'CASTIGADA',NULL,73428000,202008,NULL,'2021-03-01 17:04:59','2021-03-01 17:04:59',NULL),(354,99,NULL,15,'#3882','COOPERATIVA DE CREDITO',34532000,NULL,NULL,0,NULL,NULL,NULL,'CASTIGADA',NULL,34532000,202008,NULL,'2021-03-01 17:04:59','2021-03-01 17:04:59',NULL),(355,99,NULL,15,'#6626','COASISTIR',1651000,NULL,NULL,0,NULL,NULL,NULL,'DUDOSO R',NULL,1651000,202008,NULL,'2021-03-01 17:04:59','2021-03-01 17:04:59',NULL),(356,99,NULL,15,'#0254','CREDIVALORES',4179000,NULL,NULL,0,NULL,NULL,NULL,'AL DIA',NULL,0,202008,NULL,'2021-03-01 17:04:59','2021-03-01 17:04:59',NULL),(357,99,NULL,15,'#2395','CREDIVALORES',27764000,NULL,NULL,0,NULL,NULL,NULL,'MORA 120 A 150 DIAS',NULL,27764000,202008,NULL,'2021-03-01 17:04:59','2021-03-01 17:04:59',NULL),(358,100,NULL,13,NULL,'SOMEC COOP MULT ROT 229273',3289000,NULL,NULL,0,NULL,NULL,NULL,'DUDOSO R',NULL,3289000,202009,NULL,'2021-03-01 19:12:29','2021-03-01 19:12:29',NULL),(359,100,NULL,13,NULL,'SOMEC COOP MULT ORD 230190',2858000,NULL,NULL,0,NULL,NULL,NULL,'DUDOSO R',NULL,2858000,202009,NULL,'2021-03-01 19:12:29','2021-03-01 19:12:29',NULL),(360,100,NULL,13,NULL,'SOMEC COOP MULT ORD 230563',2655000,NULL,NULL,0,NULL,NULL,NULL,'AL DIA',NULL,2655000,202009,NULL,'2021-03-01 19:12:29','2021-03-01 19:12:29',NULL),(361,100,NULL,13,NULL,'SOMEC COOP MULT ORD 230347',14802000,NULL,NULL,0,NULL,NULL,NULL,'DUDOSO R',NULL,14802000,202009,NULL,'2021-03-01 19:12:29','2021-03-01 19:12:29',NULL),(362,100,NULL,13,NULL,'SOMEC COOP MULT ORD 230191',3717000,NULL,NULL,0,NULL,NULL,NULL,'DUDOSO R',NULL,3717000,202009,NULL,'2021-03-01 19:12:29','2021-03-01 19:12:29',NULL),(363,101,NULL,13,'#993414','SERFINANZA',996000,NULL,NULL,0,NULL,NULL,NULL,'CASTIGADA',NULL,996000,202011,NULL,'2021-03-01 20:07:40','2021-03-01 20:07:40',NULL),(364,101,NULL,13,'#180683','SERFINANZA',4975000,NULL,NULL,0,NULL,NULL,NULL,'CASTIGADA',NULL,4975000,202011,NULL,'2021-03-01 20:07:40','2021-03-01 20:07:40',NULL),(365,101,NULL,13,'#512712','BANCO POPULAR',4092000,NULL,NULL,0,NULL,NULL,NULL,'CASTIGADA',NULL,4092000,202011,NULL,'2021-03-01 20:07:40','2021-03-01 20:07:40',NULL),(366,101,NULL,13,'#786255','RF ENCORE SAS',5563000,NULL,NULL,0,NULL,NULL,NULL,'CASTIGADA',NULL,5563000,202011,NULL,'2021-03-01 20:07:40','2021-03-01 20:07:40',NULL),(367,101,NULL,13,'#095202','RF ENCORE SAS',1709000,NULL,NULL,0,NULL,NULL,NULL,'CASTIGADA',NULL,1709000,202011,NULL,'2021-03-01 20:07:40','2021-03-01 20:07:40',NULL),(368,101,NULL,13,'#042995','SSERFINANZA',812000,NULL,NULL,0,NULL,NULL,NULL,'CASTIGADA',NULL,812000,202011,NULL,'2021-03-01 20:07:40','2021-03-01 20:07:40',NULL),(369,101,NULL,13,'#601195','COLOMBIACOOP',19369000,NULL,NULL,0,NULL,NULL,NULL,'AL DIA',NULL,19369000,202011,NULL,'2021-03-01 20:07:40','2021-03-01 20:07:40',NULL),(370,101,NULL,13,'#1889','CREDIDESCUENTO DIARIO BOTERO',427000,NULL,NULL,0,NULL,NULL,NULL,'MORA 120 A 150',NULL,427000,202011,NULL,'2021-03-01 20:07:40','2021-03-01 20:07:40',NULL),(371,101,NULL,13,'#925C1','JL T RB SAS',1563000,NULL,NULL,0,NULL,NULL,NULL,'MORA 120 A 150',NULL,1563000,202011,NULL,'2021-03-01 20:07:40','2021-03-01 20:07:40',NULL),(372,102,NULL,3,NULL,'BANCO DAVIVIENDA #5313',20313000,NULL,NULL,0,NULL,NULL,NULL,'CASTIGADA',NULL,NULL,202009,NULL,'2021-03-01 22:47:46','2021-03-01 22:47:46',NULL),(373,102,NULL,3,NULL,'BANCO DAVIVIENDA #7183',75000,NULL,NULL,0,NULL,NULL,NULL,'AL DIA',NULL,NULL,202009,NULL,'2021-03-01 22:47:46','2021-03-01 22:47:46',NULL),(374,102,NULL,3,NULL,'GIROS Y FIANZAS #4105',16699000,NULL,NULL,0,NULL,NULL,NULL,'CASTIGADA',NULL,NULL,202009,NULL,'2021-03-01 22:47:46','2021-03-01 22:47:46',NULL),(375,102,NULL,3,NULL,'CLARO #5217',228000,NULL,NULL,0,NULL,NULL,NULL,'AL DIA',NULL,NULL,202009,NULL,'2021-03-01 22:47:46','2021-03-01 22:47:46',NULL),(376,102,NULL,3,NULL,'CLARO # 5218',1225000,NULL,NULL,0,NULL,NULL,NULL,'DUDOSA',NULL,NULL,202009,NULL,'2021-03-01 22:47:46','2021-03-01 22:47:46',NULL),(377,102,NULL,3,NULL,'COMPAÑÍA DE CREDITOS RAPIDOS#2133',556000,NULL,NULL,0,NULL,NULL,NULL,'DUDOSA',NULL,NULL,202009,NULL,'2021-03-01 22:47:46','2021-03-01 22:47:46',NULL),(378,102,NULL,3,NULL,'EMBARGO COOP MULTIACTIVA',2000000,NULL,NULL,0,NULL,NULL,NULL,'MORA',NULL,NULL,202009,NULL,'2021-03-01 22:47:46','2021-03-01 22:47:46',NULL),(379,103,NULL,2,NULL,'RF ENCORE # 2127',18748000,NULL,NULL,0,NULL,NULL,NULL,'CASTIGADA',NULL,NULL,202010,NULL,'2021-03-01 23:14:46','2021-03-01 23:14:46',NULL),(380,103,NULL,2,NULL,'SERFINANZA # 5165',4930000,NULL,NULL,0,NULL,NULL,NULL,'CASTIGADA',NULL,NULL,202010,NULL,'2021-03-01 23:14:46','2021-03-01 23:14:46',NULL),(381,103,NULL,2,NULL,'SOLFINANZAS DE COLOMBIA # 4129 CODEUDOR',12826000,NULL,NULL,0,NULL,NULL,NULL,'AL DIA',NULL,NULL,202010,NULL,'2021-03-01 23:14:46','2021-03-01 23:14:46',NULL),(382,103,NULL,2,NULL,'BAYPORT # 3584 (FOPEP)',8753000,NULL,NULL,0,NULL,NULL,NULL,'AL DIA',NULL,NULL,202010,NULL,'2021-03-01 23:14:46','2021-03-01 23:14:46',NULL),(383,103,NULL,2,NULL,'SOLFINANZA DE COLOMBIA # 4073 (FOPEP)',17968000,NULL,NULL,0,NULL,NULL,NULL,'AL DIA',NULL,NULL,202010,NULL,'2021-03-01 23:14:46','2021-03-01 23:14:46',NULL),(384,103,NULL,2,NULL,'SOLFINANZA DE COLOMBIA # 8179',19680000,NULL,NULL,0,NULL,NULL,NULL,'MORA',NULL,NULL,202010,NULL,'2021-03-01 23:14:46','2021-03-01 23:14:46',NULL),(385,103,NULL,2,NULL,'DISTRIINVERSIONES # 6705',361000,NULL,NULL,0,NULL,NULL,NULL,'CASTIGADA',NULL,NULL,202010,NULL,'2021-03-01 23:14:46','2021-03-01 23:14:46',NULL),(386,104,NULL,16,NULL,'BANCO DE BOGOTA TDC # 9133',982000,NULL,NULL,0,NULL,NULL,NULL,'AL DIA',NULL,982000,202011,NULL,'2021-03-02 19:10:07','2021-03-02 19:10:07',NULL),(387,104,NULL,16,NULL,'FONDO DE GARANTIAS #1222',4983000,NULL,NULL,0,NULL,NULL,NULL,'CASTIGADA',NULL,4983000,202011,NULL,'2021-03-02 19:10:07','2021-03-02 19:10:07',NULL),(388,106,NULL,13,NULL,'PROMOTORA DE INVERSIONES',1090000,NULL,NULL,0,NULL,NULL,NULL,'CASTIGADA',NULL,1090000,202009,NULL,'2021-03-02 19:36:13','2021-03-02 19:36:13',NULL),(389,106,NULL,13,NULL,'AECSA DAVIVIENDA',33032000,NULL,NULL,0,NULL,NULL,NULL,'CASTIGADA',NULL,33032000,202009,NULL,'2021-03-02 19:36:13','2021-03-02 19:36:13',NULL),(390,107,NULL,5,NULL,'CREDIVALORES TCR#2815',3558000,NULL,NULL,0,NULL,NULL,NULL,'AL DIA',NULL,0,202008,NULL,'2021-03-02 19:51:59','2021-03-02 19:51:59',NULL),(391,107,NULL,5,NULL,'FINSOCIAL LBZ#5373',42669000,NULL,NULL,0,NULL,NULL,NULL,'AL DIA',NULL,NULL,202008,NULL,'2021-03-02 19:51:59','2021-03-02 19:51:59',NULL),(392,107,NULL,5,NULL,'FINSOCIAL LBZ#7881',21384000,NULL,NULL,0,NULL,NULL,NULL,'AL DIA',NULL,NULL,202008,NULL,'2021-03-02 19:51:59','2021-03-02 19:51:59',NULL),(393,107,NULL,5,NULL,'EMPRESA DE RECURSOS',240000,NULL,NULL,0,NULL,NULL,NULL,'DUDOSO R',NULL,240000,202008,NULL,'2021-03-02 19:51:59','2021-03-02 19:51:59',NULL),(394,108,NULL,15,'3434','GNB SUDAMERIS',39145000,NULL,NULL,0,NULL,NULL,NULL,'AL DIA',NULL,39145000,202011,NULL,'2021-03-02 21:06:36','2021-03-02 21:06:36',NULL),(395,109,NULL,13,NULL,'COOPSERP #5838',8024000,NULL,NULL,0,NULL,NULL,NULL,'AL DIA',NULL,8024000,202009,NULL,'2021-03-02 21:20:04','2021-03-02 21:20:04',NULL),(396,109,NULL,13,'DOR','COVIEMCALI # 2237-CODEUDOR',7112000,NULL,NULL,0,NULL,NULL,NULL,'AL DIA',NULL,7112000,202009,NULL,'2021-03-02 21:20:04','2021-03-02 21:20:04',NULL),(397,109,NULL,13,NULL,'COOPSERP# 6535',4074000,NULL,NULL,0,NULL,NULL,NULL,'AL DIA',NULL,4074000,202009,NULL,'2021-03-02 21:20:04','2021-03-02 21:20:04',NULL),(398,109,NULL,13,NULL,'COVIEMCALI-COODEUDOR-#2237',9828000,NULL,NULL,0,NULL,NULL,NULL,'AL DIA',NULL,9828000,202009,NULL,'2021-03-02 21:20:04','2021-03-02 21:20:04',NULL),(399,109,NULL,13,NULL,'COVIEMCALI #2400',15891000,NULL,NULL,0,NULL,NULL,NULL,'AL DIA',NULL,15891000,202009,NULL,'2021-03-02 21:20:04','2021-03-02 21:20:04',NULL),(400,109,NULL,13,NULL,'COVIEMCALI #2400',25206000,NULL,NULL,0,NULL,NULL,NULL,'AL DIA',NULL,25206000,202009,NULL,'2021-03-02 21:20:04','2021-03-02 21:20:04',NULL),(401,109,NULL,13,NULL,'COVIEMCALI #2400',29251000,NULL,NULL,0,NULL,NULL,NULL,'AL DIA',NULL,29251000,202009,NULL,'2021-03-02 21:20:04','2021-03-02 21:20:04',NULL),(402,109,NULL,13,NULL,'COVIEMCALI # 5759 CODEUDOR',25170000,NULL,NULL,0,NULL,NULL,NULL,'CASTIGADA',NULL,25170000,202009,NULL,'2021-03-02 21:20:04','2021-03-02 21:20:04',NULL),(403,109,NULL,13,NULL,'COVIEMCALI # 5759',9037000,NULL,NULL,0,NULL,NULL,NULL,'DUDOSO R',NULL,9037000,202009,NULL,'2021-03-02 21:20:04','2021-03-02 21:20:04',NULL),(404,109,NULL,13,NULL,'ELECTROJAPONESA',362000,NULL,NULL,0,NULL,NULL,NULL,'CASTIGADA',NULL,362000,202009,NULL,'2021-03-02 21:20:04','2021-03-02 21:20:04',NULL),(405,110,NULL,13,'240567','DAVIVIENDA',2332000,NULL,NULL,0,NULL,NULL,NULL,'AL DIA',NULL,2332000,202101,NULL,'2021-03-02 23:30:28','2021-03-02 23:30:28',NULL),(406,110,NULL,13,'240567','BANCO DE BOGOTA',1977000,NULL,NULL,0,NULL,NULL,NULL,'AL DIA',NULL,1977000,202101,NULL,'2021-03-02 23:30:28','2021-03-02 23:30:28',NULL),(407,110,NULL,13,'615200','CREDIVALORES',1673000,NULL,NULL,0,NULL,NULL,NULL,'AL DIA',NULL,1673000,202101,NULL,'2021-03-02 23:30:28','2021-03-02 23:30:28',NULL),(408,110,NULL,13,'294432','SERFIANZA',3669000,NULL,NULL,0,NULL,NULL,NULL,'AL DIA',NULL,3669000,202101,NULL,'2021-03-02 23:30:28','2021-03-02 23:30:28',NULL),(409,110,NULL,13,'467313','GIROS Y FINANZAS',1591000,NULL,NULL,0,NULL,NULL,NULL,'DUDOSO R',NULL,1591000,202101,NULL,'2021-03-02 23:30:28','2021-03-02 23:30:28',NULL),(410,110,NULL,13,'939956','HY CITE ENTERPRISES',6138000,NULL,NULL,0,NULL,NULL,NULL,'MORA 60 A 90',NULL,6138000,202101,NULL,'2021-03-02 23:30:28','2021-03-02 23:30:28',NULL),(411,111,NULL,19,'7420','MP MARKETING',265000,NULL,NULL,0,NULL,NULL,NULL,'AL DIA',NULL,265000,202011,NULL,'2021-03-03 00:05:52','2021-03-03 00:05:52',NULL),(412,112,NULL,2,'1900','CREDIVALORES',0,NULL,NULL,0,NULL,NULL,NULL,'MORA 120 A 150',NULL,0,202007,NULL,'2021-03-03 01:21:15','2021-03-03 01:21:15',NULL),(413,112,NULL,2,'1224','GROUP COLOMBIA HOLDING',0,NULL,NULL,0,NULL,NULL,NULL,'CASTIGADA',NULL,0,202007,NULL,'2021-03-03 01:21:15','2021-03-03 01:21:15',NULL),(414,112,NULL,2,'0274','GROUP COLOMBIA HOLDING',13000000,NULL,NULL,0,NULL,NULL,NULL,'CASTIGADA',NULL,13000000,202007,NULL,'2021-03-03 01:21:15','2021-03-03 01:21:15',NULL),(415,112,NULL,2,'8028','EXCELCREDIT LBZ',0,NULL,NULL,0,NULL,NULL,NULL,'AL DIA',NULL,0,202007,NULL,'2021-03-03 01:21:15','2021-03-03 01:21:15',NULL),(416,112,NULL,2,'8199','EXCELCREDIT LBZ',0,NULL,NULL,0,NULL,NULL,NULL,'AL DIA',NULL,0,202007,NULL,'2021-03-03 01:21:15','2021-03-03 01:21:15',NULL),(417,112,NULL,2,'9457','VIVE LBZ',0,NULL,NULL,0,NULL,NULL,NULL,'AL DIA',NULL,0,202007,NULL,'2021-03-03 01:21:15','2021-03-03 01:21:15',NULL),(418,112,NULL,2,'5922','VIVE LBZ',0,NULL,NULL,0,NULL,NULL,NULL,'AL DIA',NULL,68126000,202007,NULL,'2021-03-03 01:21:15','2021-03-03 01:21:15',NULL),(419,112,NULL,2,'7644','FINANDINA',40575852,NULL,NULL,0,NULL,NULL,NULL,'AL DIA',NULL,40575852,202007,NULL,'2021-03-03 01:21:15','2021-03-03 01:21:15',NULL),(420,113,NULL,13,'5719','BANCO OCCIDENTE',30119000,NULL,NULL,0,NULL,NULL,NULL,'CASTIGADA',NULL,30119000,202010,NULL,'2021-03-03 11:25:39','2021-03-03 11:25:39',NULL),(421,113,NULL,13,'9159','RF ENCORE SAS',13536000,NULL,NULL,0,NULL,NULL,NULL,'CASTIGADA',NULL,13536000,202010,NULL,'2021-03-03 11:25:39','2021-03-03 11:25:39',NULL),(422,113,NULL,13,'0176','LIB BANCO POPULAR',27710000,NULL,NULL,0,NULL,NULL,NULL,'CASTIGADA',NULL,27710000,202010,NULL,'2021-03-03 11:25:39','2021-03-03 11:25:39',NULL),(423,114,NULL,15,'1693','AVVILLAS HIPO',3982000,NULL,NULL,0,NULL,NULL,NULL,'MORA 120 A 150',NULL,3982000,202101,NULL,'2021-03-03 12:03:21','2021-03-03 12:03:21',NULL),(424,114,NULL,15,'032601','ACORE SAS- BAN POPULAR',47528000,NULL,NULL,0,NULL,NULL,NULL,'CASTIGADA',NULL,47528000,202101,NULL,'2021-03-03 12:03:21','2021-03-03 12:03:21',NULL),(425,115,NULL,1,'3033','JURISCOOP',6166000,NULL,NULL,0,NULL,NULL,NULL,'AL DIA',NULL,6166000,202011,NULL,'2021-03-03 16:57:56','2021-03-03 16:57:56',NULL),(426,115,NULL,1,'1233','BANCO MUNDO MUJER CODEUDOR',24846000,NULL,NULL,0,NULL,NULL,NULL,'MORA 120 A 150',NULL,24846000,202011,NULL,'2021-03-03 16:57:56','2021-03-03 16:57:56',NULL),(427,115,NULL,1,'6532','BANCO DAVIVIENDA',81289000,NULL,NULL,0,NULL,NULL,NULL,'CASTIGADA',NULL,81289000,202011,NULL,'2021-03-03 16:57:56','2021-03-03 16:57:56',NULL),(428,115,NULL,1,'6730','BANCOLOMBIA',29235000,NULL,NULL,0,NULL,NULL,NULL,'CASTIGADA',NULL,29235000,202011,NULL,'2021-03-03 16:57:56','2021-03-03 16:57:56',NULL),(429,115,NULL,1,'7354','FINANCIERA JURISCOOP',4275000,NULL,NULL,0,NULL,NULL,NULL,'MORA 30 A 60',NULL,4275000,202011,NULL,'2021-03-03 16:57:56','2021-03-03 16:57:56',NULL),(430,115,NULL,1,'8285','JURISCOOP COOP SISTEMAS',26189000,NULL,NULL,0,NULL,NULL,NULL,'MORA 30 A 60',NULL,26189000,202011,NULL,'2021-03-03 16:57:56','2021-03-03 16:57:56',NULL),(431,115,NULL,1,'5964','BANCO COLPATRIA',2603000,NULL,NULL,0,NULL,NULL,NULL,'AL DIA',NULL,2603000,202011,NULL,'2021-03-03 16:57:56','2021-03-03 16:57:56',NULL),(432,115,NULL,1,'9000','COOP JUDICIAL',13189000,NULL,NULL,0,NULL,NULL,NULL,'MORA 120 A 150',NULL,13189000,202011,NULL,'2021-03-03 16:57:56','2021-03-03 16:57:56',NULL),(433,117,NULL,2,'2026','BBVA TCR',1511000,NULL,NULL,0,NULL,NULL,NULL,'AL DIA',NULL,1511000,202011,NULL,'2021-03-03 20:55:13','2021-03-03 20:55:13',NULL),(434,117,NULL,2,'0110','BANCO COLPATRIA',43875000,NULL,NULL,0,NULL,NULL,NULL,'AL DIA',NULL,43875000,202011,NULL,'2021-03-03 20:55:13','2021-03-03 20:55:13',NULL),(435,117,NULL,2,'6801','COLOMBIACOOP',17455000,NULL,NULL,0,NULL,NULL,NULL,'MORA 120 A 150',NULL,17455000,202011,NULL,'2021-03-03 20:55:13','2021-03-03 20:55:13',NULL),(436,117,NULL,2,'5146','CNST Y COMER PARQ CEMEN',4223000,NULL,NULL,0,NULL,NULL,NULL,'MORA 120  A 150',NULL,4223000,202011,NULL,'2021-03-03 20:55:13','2021-03-03 20:55:13',NULL),(437,118,NULL,2,NULL,'VIVE CREDITOS LBZ#4514 OPERA EN FOPEP',14306000,NULL,NULL,0,NULL,NULL,NULL,'AL DIA',NULL,14306000,202007,NULL,'2021-03-03 23:45:12','2021-03-03 23:45:12',NULL),(438,118,NULL,2,NULL,'COONSEC LBZ #8384 OPERA EN FOPEP',2750000,NULL,NULL,0,NULL,NULL,NULL,'AL DIA',NULL,2750000,202007,NULL,'2021-03-03 23:45:12','2021-03-03 23:45:12',NULL),(439,118,NULL,2,NULL,'GNB SUDAMERIS LBZ#5957',30850000,NULL,NULL,0,NULL,NULL,NULL,'AL DIA',NULL,30850000,202007,NULL,'2021-03-03 23:45:12','2021-03-03 23:45:12',NULL),(440,118,NULL,2,NULL,'GNB SUDAMERIS LBZ#3633',29960000,NULL,NULL,0,NULL,NULL,NULL,'AL DIA',NULL,29960000,202007,NULL,'2021-03-03 23:45:12','2021-03-03 23:45:12',NULL),(441,118,NULL,2,NULL,'COOP DE CREDITO Y SERVICIO #7480',6292000,NULL,NULL,0,NULL,NULL,NULL,'MORA 30 A 60',NULL,6292000,202007,NULL,'2021-03-03 23:45:12','2021-03-03 23:45:12',NULL),(442,118,NULL,2,NULL,'GNB SUDAMERIS LBZ#4781',56964000,NULL,NULL,0,NULL,NULL,NULL,'CASTIGADA',NULL,56964000,202007,NULL,'2021-03-03 23:45:12','2021-03-03 23:45:12',NULL),(443,118,NULL,2,NULL,'COOP COMUNIDAD #0074',6291000,NULL,NULL,0,NULL,NULL,NULL,'MORA 30 A 60',NULL,6291000,202007,NULL,'2021-03-03 23:45:12','2021-03-03 23:45:12',NULL),(444,118,NULL,2,NULL,'COOPTECPOL',5000000,NULL,NULL,0,NULL,NULL,NULL,'MORA 120 A 150',NULL,5000000,202007,NULL,'2021-03-03 23:45:12','2021-03-03 23:45:12',NULL),(445,118,NULL,2,NULL,'PROY.EJECUTIVA ORI:MOVISTAR',78000,NULL,NULL,0,NULL,NULL,NULL,'CASTIGADA',NULL,78000,202007,NULL,'2021-03-03 23:45:12','2021-03-03 23:45:12',NULL),(446,119,NULL,7,NULL,'CREDIVALORES TCR#9769',3978000,NULL,NULL,0,NULL,NULL,NULL,'AL DIA',NULL,NULL,202006,NULL,'2021-03-04 19:22:49','2021-03-04 19:22:49',NULL),(447,119,NULL,7,NULL,'COOPERATIVA COOTRAIPI CONS#0283',5026000,NULL,NULL,0,NULL,NULL,NULL,'MORA 30 A 60',NULL,440000,202006,NULL,'2021-03-04 19:22:49','2021-03-04 19:22:49',NULL),(448,119,NULL,7,NULL,'BCO DE BOGOTA TCR#9216-#1689',26837000,NULL,NULL,0,NULL,NULL,NULL,'CASTIGADA',NULL,26837000,202006,NULL,'2021-03-04 19:22:49','2021-03-04 19:22:49',NULL),(449,119,NULL,7,NULL,'SCOTIABANK COLPATRIA TCR#6387',568000,NULL,NULL,0,NULL,NULL,NULL,'CASTIGADA',NULL,568000,202006,NULL,'2021-03-04 19:22:49','2021-03-04 19:22:49',NULL),(450,119,NULL,7,NULL,'AECSA DAVIVIENDA #6129',791000,NULL,NULL,0,NULL,NULL,NULL,'CASTIGADA',NULL,791000,202006,NULL,'2021-03-04 19:22:49','2021-03-04 19:22:49',NULL),(451,119,NULL,7,NULL,'MOVISTAR #1596',192000,NULL,NULL,0,NULL,NULL,NULL,'AL DIA',NULL,192000,202006,NULL,'2021-03-04 19:22:49','2021-03-04 19:22:49',NULL),(452,119,NULL,7,NULL,'CLARO SOLUCIONES #7058',624000,NULL,NULL,0,NULL,NULL,NULL,'CASTIGADA',NULL,624000,202006,NULL,'2021-03-04 19:22:49','2021-03-04 19:22:49',NULL),(453,119,NULL,7,NULL,'B. FALABELLA TDC#9908',1697000,NULL,NULL,0,NULL,NULL,NULL,'CASTIGADA',NULL,1697000,202006,NULL,'2021-03-04 19:22:49','2021-03-04 19:22:49',NULL),(454,119,NULL,7,NULL,'DIRECTV COLOMBIA #1993',90000,NULL,NULL,0,NULL,NULL,NULL,'CASTIGADA',NULL,90000,202006,NULL,'2021-03-04 19:22:49','2021-03-04 19:22:49',NULL),(455,120,NULL,13,NULL,'BCO PICHINCHA #2353',576000,NULL,NULL,0,NULL,NULL,NULL,'CASTIGADA',NULL,576000,202007,NULL,'2021-03-04 19:58:08','2021-03-04 19:58:08',NULL),(456,120,NULL,13,NULL,'TUYA #2778 - #8008',4451000,NULL,NULL,0,NULL,NULL,NULL,'CASTIGADA',NULL,4451000,202007,NULL,'2021-03-04 19:58:08','2021-03-04 19:58:08',NULL),(457,120,NULL,13,NULL,'GROUP COLOMBIA HOLDING #0736',229000,NULL,NULL,0,NULL,NULL,NULL,'CASTIGADA',NULL,229000,202007,NULL,'2021-03-04 19:58:08','2021-03-04 19:58:08',NULL),(458,120,NULL,13,NULL,'FONEM LA 14 #1133',17330000,NULL,NULL,0,NULL,NULL,NULL,'AL DIA',NULL,23167309,202007,NULL,'2021-03-04 19:58:08','2021-03-04 19:58:08',NULL),(459,120,NULL,13,NULL,'FALABELLA #2304',1637000,NULL,NULL,0,NULL,NULL,NULL,'CASTIGADA',NULL,1637000,202007,NULL,'2021-03-04 19:58:08','2021-03-04 19:58:08',NULL),(460,121,NULL,7,NULL,'NEW CREDIT OBLG 7392 Y 5866',7348000,NULL,NULL,0,NULL,NULL,NULL,'CASTIGADA',NULL,6648000,202006,NULL,'2021-03-05 10:41:47','2021-03-05 10:41:47',NULL),(461,121,NULL,7,NULL,'RAYCO OBLI 0171',1519000,NULL,NULL,0,NULL,NULL,NULL,'CASTIGADA',NULL,1000000,202006,NULL,'2021-03-05 10:41:47','2021-03-05 10:41:47',NULL),(462,121,NULL,7,NULL,'LINERU OBL 5186',375000,NULL,NULL,0,NULL,NULL,NULL,'MORA 120 A 150',NULL,0,202006,NULL,'2021-03-05 10:41:47','2021-03-05 10:41:47',NULL),(463,121,NULL,7,NULL,'CLARO SOLUCIONES',261000,NULL,NULL,0,NULL,NULL,NULL,'AL DIA',NULL,0,202006,NULL,'2021-03-05 10:41:47','2021-03-05 10:41:47',NULL),(464,121,NULL,7,NULL,'KAPITALBANK',3000000,NULL,NULL,0,NULL,NULL,NULL,'AL DIA',NULL,0,202006,NULL,'2021-03-05 10:41:47','2021-03-05 10:41:47',NULL),(465,122,NULL,2,NULL,'CENTRAL DE INVERSIONES #0602',20242000,NULL,NULL,0,NULL,NULL,NULL,'AL DIA',NULL,20242000,202007,NULL,'2021-03-05 11:19:26','2021-03-05 11:19:26',NULL),(466,122,NULL,2,NULL,'NEW CREDIT #9156',92409000,NULL,NULL,0,NULL,NULL,NULL,'CASTIGADA',NULL,92409000,202007,NULL,'2021-03-05 11:19:26','2021-03-05 11:19:26',NULL),(467,122,NULL,2,NULL,'NEW CREDIT #9156 AECSA #6804',44237000,NULL,NULL,0,NULL,NULL,NULL,'CASTIGADA',NULL,44237000,202007,NULL,'2021-03-05 11:19:26','2021-03-05 11:19:26',NULL),(468,122,NULL,2,NULL,'NEW CREDIT #7314',5617000,NULL,NULL,0,NULL,NULL,NULL,'CASTIGADA',NULL,5617000,202007,NULL,'2021-03-05 11:19:26','2021-03-05 11:19:26',NULL),(469,122,NULL,2,NULL,'NEW CREDIT #8710',3758000,NULL,NULL,0,NULL,NULL,NULL,'CASTIGADA',NULL,3758000,202007,NULL,'2021-03-05 11:19:26','2021-03-05 11:19:26',NULL),(470,122,NULL,2,NULL,'NEW CREDIT #8728',2563000,NULL,NULL,0,NULL,NULL,NULL,'CASTIGADA',NULL,2563000,202007,NULL,'2021-03-05 11:19:26','2021-03-05 11:19:26',NULL),(471,122,NULL,2,NULL,'EXCELCREDIT LBZ#9105 OPERA EN FOPEP',29661000,NULL,NULL,0,NULL,NULL,NULL,'AL DIA',NULL,0,202007,NULL,'2021-03-05 11:19:26','2021-03-05 11:19:26',NULL),(472,122,NULL,2,NULL,'CREDIVALORES #0184',19200000,NULL,NULL,0,NULL,NULL,NULL,'MORA 120 A 150',NULL,19200000,202007,NULL,'2021-03-05 11:19:26','2021-03-05 11:19:26',NULL),(473,122,NULL,2,NULL,'FENALCO #7393-#2438',2876000,NULL,NULL,0,NULL,NULL,NULL,'CASTIGADA',NULL,0,202007,NULL,'2021-03-05 11:19:26','2021-03-05 11:19:26',NULL),(474,123,NULL,25,NULL,'JURISCOOP TCR#7379',1191000,NULL,NULL,0,NULL,NULL,NULL,'AL DIA',NULL,NULL,202007,NULL,'2021-03-05 16:53:59','2021-03-05 16:53:59',NULL),(475,123,NULL,25,NULL,'JURISCOOP TCR#8466',1301000,NULL,NULL,0,NULL,NULL,NULL,'AL DIA',NULL,NULL,202007,NULL,'2021-03-05 16:53:59','2021-03-05 16:53:59',NULL),(476,123,NULL,25,NULL,'GM FINANCIAL COLOMBIA VEHI#0125',3780000,NULL,NULL,0,NULL,NULL,NULL,'MORA 60 A 90',NULL,3780000,202007,NULL,'2021-03-05 16:53:59','2021-03-05 16:53:59',NULL),(477,123,NULL,25,NULL,'JURISCOOP CONS#4784',5253000,NULL,NULL,0,NULL,NULL,NULL,'AL DIA',NULL,5253000,202007,NULL,'2021-03-05 16:53:59','2021-03-05 16:53:59',NULL),(478,123,NULL,25,NULL,'MORA 120 BANCO POPULAR',NULL,NULL,NULL,0,NULL,NULL,NULL,'MORA 120 A 150',NULL,2797000,202007,NULL,'2021-03-05 16:53:59','2021-03-05 16:53:59',NULL),(479,123,NULL,25,NULL,'CLARO SOLUCIONES',653000,NULL,NULL,0,NULL,NULL,NULL,'CASTIGADA',NULL,653000,202007,NULL,'2021-03-05 16:53:59','2021-03-05 16:53:59',NULL),(480,124,NULL,1,NULL,'BCO PICHINCHA LBZ#0143',37061000,NULL,NULL,0,NULL,NULL,NULL,'CASTIGADA',NULL,NULL,202007,NULL,'2021-03-05 17:25:01','2021-03-05 17:25:01',NULL),(481,125,NULL,26,NULL,'PROMOTORA Y COBRANZAS BETA',11645000,NULL,NULL,0,NULL,NULL,NULL,'CASTIGADA',NULL,11645000,202007,NULL,'2021-03-05 17:41:31','2021-03-05 17:41:31',NULL),(482,125,NULL,26,NULL,'INCOMERCIO-FINANDINA #7544',3853000,NULL,NULL,0,NULL,NULL,NULL,'CASTIGADA',NULL,3853000,202007,NULL,'2021-03-05 17:41:31','2021-03-05 17:41:31',NULL),(483,125,NULL,26,NULL,'GIROS Y FINANZAS #6392',4787000,NULL,NULL,0,NULL,NULL,NULL,'CASTIGADA',NULL,4787000,202007,NULL,'2021-03-05 17:41:31','2021-03-05 17:41:31',NULL),(484,125,NULL,26,NULL,'CREDIVALORES #1300',55000,NULL,NULL,0,NULL,NULL,NULL,'MORA 120  A 150',NULL,55000,202007,NULL,'2021-03-05 17:41:31','2021-03-05 17:41:31',NULL),(485,126,NULL,5,NULL,'CLARO #7383',616000,NULL,NULL,0,NULL,NULL,NULL,'AL DIA',NULL,616000,202007,NULL,'2021-03-05 18:08:55','2021-03-05 18:08:55',NULL),(486,126,NULL,5,NULL,'KAPITALBANK',NULL,NULL,NULL,0,NULL,NULL,NULL,'AL DIA',NULL,5950000,202007,NULL,'2021-03-05 18:08:55','2021-03-05 18:08:55',NULL),(487,127,NULL,1,NULL,'COOP MULTIACTIVA FAMILI CONS#3801',5662000,NULL,NULL,0,NULL,NULL,NULL,'CASTIGADA',NULL,5662000,202007,NULL,'2021-03-05 18:31:41','2021-03-05 18:31:41',NULL),(488,127,NULL,1,NULL,'SYSTEMGROUP NPL FALABELLA',1097000,NULL,NULL,0,NULL,NULL,NULL,'CASTIGADA',NULL,1097000,202007,NULL,'2021-03-05 18:31:41','2021-03-05 18:31:41',NULL),(489,128,NULL,4,NULL,'BBVA COLOMBIA CONS#6142',2506000,NULL,NULL,0,NULL,NULL,NULL,'CASTIGADA',NULL,2506000,202007,NULL,'2021-03-05 20:33:42','2021-03-05 20:33:42',NULL),(490,128,NULL,4,NULL,'SCOTIABNAK COLPATRIA CONS#3480',2000000,NULL,NULL,0,NULL,NULL,NULL,'CASTIGADA',NULL,2000000,202007,NULL,'2021-03-05 20:33:42','2021-03-05 20:33:42',NULL),(491,128,NULL,4,NULL,'CRESI TCR#2202',2367000,NULL,NULL,0,NULL,NULL,NULL,'AL DIA',NULL,2367000,202007,NULL,'2021-03-05 20:33:42','2021-03-05 20:33:42',NULL),(492,128,NULL,4,NULL,'KB',3000000,NULL,NULL,0,NULL,NULL,NULL,'AL DIA',NULL,3000000,202007,NULL,'2021-03-05 20:33:42','2021-03-05 20:33:42',NULL),(493,129,NULL,15,NULL,'SERFINANZA TCR#4807',4014000,NULL,NULL,0,NULL,NULL,NULL,'CASTIGADA',NULL,4014000,202008,NULL,'2021-03-05 20:55:47','2021-03-05 20:55:47',NULL),(494,129,NULL,15,NULL,'BCO POPULAR LBZ#8472',34742000,NULL,NULL,0,NULL,NULL,NULL,'MORA 120 A 150',NULL,34742000,202008,NULL,'2021-03-05 20:55:47','2021-03-05 20:55:47',NULL),(495,129,NULL,15,NULL,'CREDIVALORES- CREDISERVICIOS #1697',8246000,NULL,NULL,0,NULL,NULL,NULL,'AL DIA',NULL,8246000,202008,NULL,'2021-03-05 20:55:47','2021-03-05 20:55:47',NULL),(496,130,NULL,2,NULL,'CREDIVALORES-CREDIUNO #3195',2958000,NULL,NULL,0,NULL,NULL,NULL,'MORA 120 A 150',NULL,2958000,202007,NULL,'2021-03-05 21:15:41','2021-03-05 21:15:41',NULL),(497,130,NULL,2,NULL,'FENALCO VALLE #7465',213000,NULL,NULL,0,NULL,NULL,NULL,'CASTIGADA',NULL,213000,202007,NULL,'2021-03-05 21:15:41','2021-03-05 21:15:41',NULL),(498,130,NULL,2,NULL,'MOVISTAR #4239',84000,NULL,NULL,0,NULL,NULL,NULL,'CASTIGADA',NULL,NULL,202007,NULL,'2021-03-05 21:15:41','2021-03-05 21:15:41',NULL),(499,130,NULL,2,NULL,'MOVISTAR #4055',168000,NULL,NULL,0,NULL,NULL,NULL,'CASTIGADA',NULL,NULL,202007,NULL,'2021-03-05 21:15:41','2021-03-05 21:15:41',NULL),(500,130,NULL,2,NULL,'CLARO #6680',106000,NULL,NULL,0,NULL,NULL,NULL,'CASTIGADA',NULL,NULL,202007,NULL,'2021-03-05 21:15:41','2021-03-05 21:15:41',NULL),(501,130,NULL,2,NULL,'GNB SUDAMERIS LBZ#0108 CUOTA 1145 VALIDAR POR DONDE OPERA',59547000,NULL,NULL,0,NULL,NULL,NULL,'AL DIA',NULL,NULL,202007,NULL,'2021-03-05 21:15:41','2021-03-05 21:15:41',NULL),(502,131,NULL,7,NULL,'SERFINANZA TCR#6201',331000,NULL,NULL,0,NULL,NULL,NULL,'CASTIGADA',NULL,331000,202008,NULL,'2021-03-09 08:25:43','2021-03-09 08:25:43',NULL),(503,131,NULL,7,NULL,'ELECTROVENTAS SAS #7490',711000,NULL,NULL,0,NULL,NULL,NULL,'CASTIGADA',NULL,711000,202008,NULL,'2021-03-09 08:25:43','2021-03-09 08:25:43',NULL),(504,131,NULL,7,NULL,'YANBAL DE COLOMBIA #7907',443000,NULL,NULL,0,NULL,NULL,NULL,'CASTIGADA',NULL,443000,202008,NULL,'2021-03-09 08:25:43','2021-03-09 08:25:43',NULL),(505,131,NULL,7,NULL,'BEL STAR S A #5620',326000,NULL,NULL,0,NULL,NULL,NULL,'CASTIGADA',NULL,3260000,202008,NULL,'2021-03-09 08:25:43','2021-03-09 08:25:43',NULL),(506,132,NULL,10,NULL,'COOPERATIVA DE MAESTROS Y EMP LBZ#3037',38908000,NULL,NULL,0,NULL,NULL,NULL,'AL DIA',NULL,NULL,202008,NULL,'2021-03-09 08:42:27','2021-03-09 08:42:27',NULL),(507,133,NULL,5,NULL,'B. FALABELLA CARTERA #3176',10995000,NULL,NULL,0,NULL,NULL,NULL,'AL DIA',NULL,10995000,202008,NULL,'2021-03-09 08:56:59','2021-03-09 08:56:59',NULL),(508,133,NULL,5,NULL,'B. FALLABELLA #6011',4068000,NULL,NULL,0,NULL,NULL,NULL,'AL DIA',NULL,4068000,202008,NULL,'2021-03-09 08:56:59','2021-03-09 08:56:59',NULL),(509,133,NULL,5,NULL,'MORA 30 BCO POPULAR',NULL,NULL,NULL,0,NULL,NULL,NULL,'MORA 30 A 60',NULL,1217000,202008,NULL,'2021-03-09 08:56:59','2021-03-09 08:56:59',NULL),(510,134,NULL,15,NULL,'CREDIVALORES TCR#3423',2065000,NULL,NULL,0,NULL,NULL,NULL,'AL DIA',NULL,2329000,202008,NULL,'2021-03-09 09:13:08','2021-03-09 09:13:08',NULL),(511,134,NULL,15,NULL,'ACTIVOS Y FINANZAS #0832',11784000,NULL,NULL,0,NULL,NULL,NULL,'MORA 120 A 150',NULL,11784000,202008,NULL,'2021-03-09 09:13:08','2021-03-09 09:13:08',NULL),(512,134,NULL,15,NULL,'MORA 30 BANCO BBVA LBZ#3012',NULL,NULL,NULL,0,NULL,NULL,NULL,'MORA 30 A 60',NULL,1106000,202008,NULL,'2021-03-09 09:13:08','2021-03-09 09:13:08',NULL),(513,135,NULL,1,NULL,'DISTRIBUIDORA RAYCO #0363',1545000,NULL,NULL,0,NULL,NULL,NULL,'CASTIGADA',NULL,1545000,202008,NULL,'2021-03-09 09:27:05','2021-03-09 09:27:05',NULL),(514,135,NULL,1,NULL,'COOPFECON #0079',28000,NULL,NULL,0,NULL,NULL,NULL,'AL DIA',NULL,NULL,202008,NULL,'2021-03-09 09:27:05','2021-03-09 09:27:05',NULL),(515,135,NULL,1,NULL,'ACTIVOS Y FINANZAS #1979',15697000,NULL,NULL,0,NULL,NULL,NULL,'MORA 120 A 150',NULL,15697000,202008,NULL,'2021-03-09 09:27:05','2021-03-09 09:27:05',NULL),(516,136,NULL,3,NULL,'TUYA #1277',3657000,NULL,NULL,0,NULL,NULL,NULL,'CASTIGADA',NULL,3620430,202008,NULL,'2021-03-09 09:58:24','2021-03-09 09:58:24',NULL),(517,137,NULL,9,NULL,'BCO BBVA CONS#1239',639000,NULL,NULL,0,NULL,NULL,NULL,'MORA 120 A 150',NULL,639000,202008,NULL,'2021-03-09 10:13:59','2021-03-09 10:13:59',NULL),(518,137,NULL,9,NULL,'SERFINANZA TCR#6134',711000,NULL,NULL,0,NULL,NULL,NULL,'CASTIGADA',NULL,711000,202008,NULL,'2021-03-09 10:13:59','2021-03-09 10:13:59',NULL),(519,137,NULL,9,NULL,'BANINCA #9094',523000,NULL,NULL,0,NULL,NULL,NULL,'CASTIGADA',NULL,523000,202008,NULL,'2021-03-09 10:13:59','2021-03-09 10:13:59',NULL),(520,137,NULL,9,NULL,'CLARO SOLUCIONES MOVILES #4114',567000,NULL,NULL,0,NULL,NULL,NULL,'AL DIA',NULL,567000,202008,NULL,'2021-03-09 10:13:59','2021-03-09 10:13:59',NULL),(521,138,NULL,1,NULL,'SCOTIABANK COLPATRIA LBZ#0624',27621000,NULL,NULL,0,NULL,NULL,NULL,'MORA 120 A 150',NULL,27621000,202008,NULL,'2021-03-09 10:31:57','2021-03-09 10:31:57',NULL),(522,138,NULL,1,NULL,'BCO AV VILLAS CONS#4325KV',3978000,NULL,NULL,0,NULL,NULL,NULL,'CASTIGADA',NULL,3978000,202008,NULL,'2021-03-09 10:31:57','2021-03-09 10:31:57',NULL),(523,138,NULL,1,NULL,'BCO POPULAR TCR#4979',3510000,NULL,NULL,0,NULL,NULL,NULL,'CASTIGADA',NULL,3510000,202008,NULL,'2021-03-09 10:31:57','2021-03-09 10:31:57',NULL),(524,139,NULL,13,NULL,'COOP CREDITOS Y SUMINISTROS #1710',4827000,NULL,NULL,0,NULL,NULL,NULL,'MORA 60 A 90',NULL,630000,202007,NULL,'2021-03-09 10:49:46','2021-03-09 10:49:46',NULL),(525,139,NULL,13,NULL,'FONDO DE EMPL DE HARINERA#3108',4155000,NULL,NULL,0,NULL,NULL,NULL,'CASTIGADA',NULL,4155000,202007,NULL,'2021-03-09 10:49:46','2021-03-09 10:49:46',NULL),(526,139,NULL,13,NULL,'FUNDACION DE LA MUJER #8100',494000,NULL,NULL,0,NULL,NULL,NULL,'CASTIGADA',NULL,494000,202007,NULL,'2021-03-09 10:49:46','2021-03-09 10:49:46',NULL),(527,139,NULL,13,NULL,'COOP COMUNIDAD #0617',4826000,NULL,NULL,0,NULL,NULL,NULL,'MORA 90  A 120',NULL,629000,202007,NULL,'2021-03-09 10:49:46','2021-03-09 10:49:46',NULL),(528,139,NULL,13,NULL,'COOPTECPOL #0000LETRA',5000000,NULL,NULL,0,NULL,NULL,NULL,'MORA 120 A 150',NULL,2093000,202007,NULL,'2021-03-09 10:49:46','2021-03-09 10:49:46',NULL),(529,140,NULL,7,NULL,'REFINANCIA ENCORE  #0652',39553000,NULL,NULL,0,NULL,NULL,NULL,'CASTIGADA',NULL,39553000,202007,NULL,'2021-03-09 11:09:12','2021-03-09 11:09:12',NULL),(530,140,NULL,7,NULL,'COMCREDITO LBZ#0739 CUOTA 273 VALIDAR POR DONDE OPERA',1913000,NULL,NULL,0,NULL,NULL,NULL,'AL DIA',NULL,NULL,202007,NULL,'2021-03-09 11:09:12','2021-03-09 11:09:12',NULL),(531,141,NULL,1,NULL,'FIDEICOMISO #1856',619000,NULL,NULL,0,NULL,NULL,NULL,'CASTIGADA',NULL,619000,202007,NULL,'2021-03-10 00:38:13','2021-03-10 00:38:13',NULL),(532,141,NULL,1,NULL,'RAYCO #148FV0003',2806000,NULL,NULL,0,NULL,NULL,NULL,'CASTIGADA',NULL,2806000,202007,NULL,'2021-03-10 00:38:13','2021-03-10 00:38:13',NULL),(533,142,NULL,13,NULL,'BANAGRARIO MICROCREDITO#4824',4375000,NULL,NULL,0,NULL,NULL,NULL,'CASTIGADA',NULL,4375000,202008,NULL,'2021-03-10 00:51:38','2021-03-10 00:51:38',NULL),(534,142,NULL,13,NULL,'COLLECT CENTER SAS #0008',4080000,NULL,NULL,0,NULL,NULL,NULL,'CASTIGADA',NULL,4080000,202008,NULL,'2021-03-10 00:51:38','2021-03-10 00:51:38',NULL),(535,142,NULL,13,NULL,'REESTRUCTURA Banco WWB #0484',6586000,NULL,NULL,0,NULL,NULL,NULL,'CASTIGADA',NULL,6586000,202008,NULL,'2021-03-10 00:51:38','2021-03-10 00:51:38',NULL),(536,142,NULL,13,NULL,'RENOVAR FINANCIERA SAS #5868',5411000,NULL,NULL,0,NULL,NULL,NULL,'CASTIGADA',NULL,5411000,202008,NULL,'2021-03-10 00:51:38','2021-03-10 00:51:38',NULL),(537,142,NULL,13,NULL,'COSTOS TE RECUPERAMOS',NULL,NULL,NULL,0,NULL,NULL,NULL,'AL DIA',NULL,544023,202008,NULL,'2021-03-10 00:51:38','2021-03-10 00:51:38',NULL),(538,143,NULL,5,NULL,'BCO POPULAR TCR#6450',802000,NULL,NULL,0,NULL,NULL,NULL,'AL DIA',NULL,NULL,202007,NULL,'2021-03-10 01:09:06','2021-07-28 11:31:36','2021-07-28 11:31:36'),(539,143,NULL,5,NULL,'SCOTIABANK-COLPATRIA#7912',3134000,NULL,NULL,0,NULL,NULL,NULL,'CASTIGADA',NULL,3134000,202007,NULL,'2021-03-10 01:09:06','2021-07-28 11:31:36','2021-07-28 11:31:36'),(540,144,NULL,19,NULL,'IVAN BOTERO GOMEZ OBL 3685',716000,NULL,NULL,0,NULL,NULL,NULL,'CASTIGADA',NULL,NULL,202008,NULL,'2021-03-10 21:05:14','2021-03-10 21:05:14',NULL),(541,144,NULL,19,NULL,'CLARO SOLUCIONES OB 7670',148000,NULL,NULL,0,NULL,NULL,NULL,'AL DIA',NULL,NULL,202008,NULL,'2021-03-10 21:05:14','2021-03-10 21:05:14',NULL),(542,144,NULL,19,NULL,'CLARO SOLUCIONES OB 2109',113000,NULL,NULL,0,NULL,NULL,NULL,'AL DIA',NULL,NULL,202008,NULL,'2021-03-10 21:05:14','2021-03-10 21:05:14',NULL),(543,144,NULL,19,NULL,'COLOMBIA MOVIL OBL 2999',115000,NULL,NULL,0,NULL,NULL,NULL,'CASTIGADA',NULL,NULL,202008,NULL,'2021-03-10 21:05:14','2021-03-10 21:05:14',NULL),(544,144,NULL,19,NULL,'SUDAMERIS LB 8028',26929000,NULL,NULL,0,NULL,NULL,NULL,'CASTIGADA',NULL,NULL,202008,NULL,'2021-03-10 21:05:14','2021-03-10 21:05:14',NULL),(545,145,NULL,1,NULL,'ARQUITECTURA FINANCIERA #8832',4802000,NULL,NULL,0,NULL,NULL,NULL,'AL DIA',NULL,NULL,202008,NULL,'2021-03-10 21:23:27','2021-03-10 21:23:27',NULL),(546,145,NULL,1,NULL,'FENALCO VALLE #1603',32000,NULL,NULL,0,NULL,NULL,NULL,'AL DIA',NULL,NULL,202008,NULL,'2021-03-10 21:23:27','2021-03-10 21:23:27',NULL),(547,146,NULL,28,NULL,'VIVE CREDITOS LBZ#0391 VALIDAR POR DONDE OPERA',18363000,NULL,NULL,0,NULL,NULL,NULL,'AL DIA',NULL,NULL,202007,NULL,'2021-03-10 21:33:14','2021-03-10 21:33:14',NULL),(548,146,NULL,28,NULL,'BAYPORT LBZ#6302 OPERA POR COLPENSIONES',6393000,NULL,NULL,0,NULL,NULL,NULL,'AL DIA',NULL,NULL,202007,NULL,'2021-03-10 21:33:14','2021-03-10 21:33:14',NULL),(549,143,NULL,5,NULL,'BCO POPULAR TCR#6450',802000,NULL,NULL,0,NULL,NULL,NULL,'AL DIA',NULL,NULL,202007,NULL,'2021-07-28 11:31:36','2021-07-28 11:34:53','2021-07-28 11:34:53'),(550,143,NULL,5,NULL,'SCOTIABANK-COLPATRIA#7912',3134000,NULL,NULL,0,NULL,NULL,NULL,'CASTIGADA',NULL,3134000,202007,NULL,'2021-07-28 11:31:36','2021-07-28 11:34:53','2021-07-28 11:34:53'),(551,143,NULL,5,NULL,'BCO POPULAR TCR#6450',802000,NULL,NULL,0,NULL,NULL,NULL,'AL DIA',NULL,NULL,202007,NULL,'2021-07-28 11:34:53','2021-07-28 11:34:53',NULL),(552,143,NULL,5,NULL,'SCOTIABANK-COLPATRIA#7912',3134000,NULL,NULL,0,NULL,NULL,NULL,'CASTIGADA',NULL,3134000,202007,NULL,'2021-07-28 11:34:53','2021-07-28 11:34:53',NULL);
/*!40000 ALTER TABLE `descuentosnoaplicados` ENABLE KEYS */;
UNLOCK TABLES;

--
-- Table structure for table `embargos`
--

DROP TABLE IF EXISTS `embargos`;
/*!40101 SET @saved_cs_client     = @@character_set_client */;
/*!50503 SET character_set_client = utf8mb4 */;
CREATE TABLE `embargos` (
  `id` int NOT NULL AUTO_INCREMENT,
  `motivos_id` int NOT NULL,
  `clientes_id` int NOT NULL,
  `pagadurias_id` int NOT NULL,
  `documento_demandante` varchar(15) DEFAULT NULL,
  `nombres_demandante` varchar(100) DEFAULT NULL,
  `fecha_embargo` date DEFAULT NULL,
  `fecha_fin` date DEFAULT NULL,
  `valor` int NOT NULL,
  `fecha` date NOT NULL,
  `created_at` datetime NOT NULL,
  `updated_at` datetime NOT NULL,
  `deleted_at` datetime DEFAULT NULL,
  PRIMARY KEY (`id`),
  KEY `fk_clientes_embargos` (`clientes_id`),
  KEY `fk_pagadurias_embargos` (`pagadurias_id`),
  KEY `fk_motivos_embargos` (`motivos_id`),
  CONSTRAINT `fk_clientes_embargos` FOREIGN KEY (`clientes_id`) REFERENCES `clientes` (`id`) ON DELETE CASCADE ON UPDATE CASCADE,
  CONSTRAINT `fk_motivos_embargos` FOREIGN KEY (`motivos_id`) REFERENCES `motivosembargos` (`id`),
  CONSTRAINT `fk_pagadurias_embargos` FOREIGN KEY (`pagadurias_id`) REFERENCES `pagadurias` (`id`) ON DELETE CASCADE ON UPDATE CASCADE
) ENGINE=InnoDB DEFAULT CHARSET=latin1;
/*!40101 SET character_set_client = @saved_cs_client */;

--
-- Dumping data for table `embargos`
--

LOCK TABLES `embargos` WRITE;
/*!40000 ALTER TABLE `embargos` DISABLE KEYS */;
/*!40000 ALTER TABLE `embargos` ENABLE KEYS */;
UNLOCK TABLES;

--
-- Table structure for table `entidades`
--

DROP TABLE IF EXISTS `entidades`;
/*!40101 SET @saved_cs_client     = @@character_set_client */;
/*!50503 SET character_set_client = utf8mb4 */;
CREATE TABLE `entidades` (
  `id` int NOT NULL AUTO_INCREMENT,
  `entidad` varchar(100) NOT NULL,
  `created_at` datetime NOT NULL,
  `updated_at` datetime NOT NULL,
  `deleted_at` datetime DEFAULT NULL,
  PRIMARY KEY (`id`)
) ENGINE=InnoDB AUTO_INCREMENT=1851 DEFAULT CHARSET=latin1;
/*!40101 SET character_set_client = @saved_cs_client */;

--
-- Dumping data for table `entidades`
--

LOCK TABLES `entidades` WRITE;
/*!40000 ALTER TABLE `entidades` DISABLE KEYS */;
INSERT INTO `entidades` VALUES (1,'ENTIDAD UNO','2019-04-23 09:45:35','2019-04-23 09:45:35',NULL),(3,'AJUPECOL','2020-12-17 09:29:42','2020-12-17 09:29:42',NULL),(10,'APENNORTS','2019-10-03 15:14:36','2019-10-03 15:14:36',NULL),(30,'SOC JUB LIT ATLANTICO','2019-10-03 09:30:38','2019-10-03 09:30:38',NULL),(37,'ASOPENSAR','2020-12-17 09:29:42','2020-12-17 09:29:42',NULL),(48,'COOPEDAC','2020-02-07 16:49:56','2020-02-07 16:49:56',NULL),(56,'CAFAM','2020-12-17 09:29:42','2020-12-17 09:29:42',NULL),(57,'COLSUBSIDIO','2020-12-17 09:29:43','2020-12-17 09:29:43',NULL),(95,'COOPSERVINCO','2020-12-17 09:29:53','2020-12-17 09:29:53',NULL),(105,'CANAPRO','2020-12-17 09:29:43','2020-12-17 09:29:43',NULL),(126,'COOALFAQUIN','2020-12-17 09:29:43','2020-12-17 09:29:43',NULL),(251,'ASOC DE JUB CVC','2020-12-17 09:29:42','2020-12-17 09:29:42',NULL),(257,'GRANCOOP','2020-12-17 09:29:42','2020-12-17 09:29:42',NULL),(265,'BANAGRARIO','2019-10-03 09:30:38','2019-10-03 09:30:38',NULL),(267,'FONDO SOLIDARIDAD','2019-10-03 09:30:38','2019-10-03 09:30:38',NULL),(270,'BBVA','2020-12-17 09:29:42','2020-12-17 09:29:42',NULL),(302,'AVANSEGUROS LTDA','2020-02-07 16:49:56','2020-02-07 16:49:56',NULL),(304,'COMPENSAR','2020-12-17 09:29:43','2020-12-17 09:29:43',NULL),(324,'COOAPENTERSA','2020-12-17 09:29:53','2020-12-17 09:29:53',NULL),(329,'COOPTERMARIT','2020-12-17 09:29:42','2020-12-17 09:29:42',NULL),(401,'FONMORPENT','2020-12-17 09:29:43','2020-12-17 09:29:43',NULL),(457,'BANCOLOMBIA PRESTANOMINA','2019-10-03 09:30:38','2019-10-03 09:30:38',NULL),(530,'SOPENTERMA','2020-12-17 09:29:42','2020-12-17 09:29:42',NULL),(546,'AV VILLAS','2020-12-17 09:29:43','2020-12-17 09:29:43',NULL),(554,'CONFIAR','2020-12-17 09:29:44','2020-12-17 09:29:44',NULL),(585,'COOPECRET','2020-12-17 09:29:53','2020-12-17 09:29:53',NULL),(595,'ASOAGRO','2019-10-03 09:30:38','2019-10-03 09:30:38',NULL),(596,'CREDICOOP','2020-12-17 09:29:42','2020-12-17 09:29:42',NULL),(624,'COONALRECAUDO - SUPERSOCIEDADES','2020-12-17 09:29:43','2020-12-17 09:29:43',NULL),(665,'COOFINANZAS','2020-12-17 09:29:53','2020-12-17 09:29:53',NULL),(668,'COOEDUCAMOS','2020-12-17 09:29:53','2020-12-17 09:29:53',NULL),(673,'COOPROCAR','2020-12-17 09:29:42','2020-12-17 09:29:42',NULL),(694,'COOVITEL','2020-12-17 09:29:42','2020-12-17 09:29:42',NULL),(703,'SCOTIABANK COLPATRIA','2020-12-17 09:29:43','2020-12-17 09:29:43',NULL),(705,'SUPERFONDOS','2020-12-17 09:29:44','2020-12-17 09:29:44',NULL),(843,'SUMA','2020-12-17 09:29:53','2020-12-17 09:29:53',NULL),(892,'BANCO POPULAR S.A','2019-10-03 09:30:38','2019-10-03 09:30:38',NULL),(960,'COOPSANDER','2020-12-17 09:29:44','2020-12-17 09:29:44',NULL),(968,'BANCO GNB SUDAMERIS','2019-10-03 09:30:38','2019-10-03 09:30:38',NULL),(1004,'ASERCOOPI','2019-10-03 15:14:36','2019-10-03 15:14:36',NULL),(1078,'FONEMCAP','2020-12-17 09:29:42','2020-12-17 09:29:42',NULL),(1143,'COOMUPROSER','2019-10-03 15:14:36','2019-10-03 15:14:36',NULL),(1206,'COOMULTIANDES','2020-12-17 09:29:43','2020-12-17 09:29:43',NULL),(1239,'COOPENTEL','2020-12-17 09:29:43','2020-12-17 09:29:43',NULL),(1340,'COVICSS','2020-12-17 09:29:43','2020-12-17 09:29:43',NULL),(1344,'COOPMINCOM','2019-10-03 15:14:36','2019-10-03 15:14:36',NULL),(1350,'REINTEGROS NACION POR MAYORES VALORES PAGADOS','2019-10-03 15:14:36','2019-10-03 15:14:36',NULL),(1351,'APENCOM','2020-12-17 09:29:42','2020-12-17 09:29:42',NULL),(1352,'FODECOM','2020-12-17 09:29:43','2020-12-17 09:29:43',NULL),(1353,'UPECO','2020-12-17 09:29:53','2020-12-17 09:29:53',NULL),(1356,'APETELECOM','2020-12-17 09:29:44','2020-12-17 09:29:44',NULL),(1369,'FONDEP','2020-12-17 09:29:43','2020-12-17 09:29:43',NULL),(1371,'COOPETEL','2020-12-17 09:29:42','2020-12-17 09:29:42',NULL),(1372,'COOPTRAISS','2020-02-07 16:49:45','2020-02-07 16:49:45',NULL),(1373,'TELEPOSTAL','2020-12-17 09:29:43','2020-12-17 09:29:43',NULL),(1376,'ASOPOSTAL','2020-12-17 09:29:43','2020-12-17 09:29:43',NULL),(1384,'PENSIOCOM','2020-12-17 09:29:43','2020-12-17 09:29:43',NULL),(1388,'ASOPENCAP','2020-12-17 09:29:42','2020-12-17 09:29:42',NULL),(1421,'COOMULTRAISS','2019-10-03 15:14:36','2019-10-03 15:14:36',NULL),(1498,'SUMAS Y SOLUCIONES S.A.S','2020-12-17 09:29:53','2020-12-17 09:29:53',NULL),(1499,'C A CREDIFINANCIERA S.A C F','2019-10-03 09:30:38','2019-10-03 09:30:38',NULL),(1500,'CREDIVALORES - CREDISERVICIOS S.A.S','2020-12-17 09:29:43','2020-12-17 09:29:43',NULL),(1622,'P.A. FINSOCIAL','2020-12-17 09:29:43','2020-12-17 09:29:43',NULL),(1835,'CAPITAL Y SOLUCIONES','2019-10-03 09:30:38','2019-10-03 09:30:38',NULL),(1845,'VIVE CREDITOS','2020-12-17 09:29:43','2020-12-17 09:29:43',NULL),(1850,'SUPERMUTUAL','2020-12-17 09:29:44','2020-12-17 09:29:44',NULL);
/*!40000 ALTER TABLE `entidades` ENABLE KEYS */;
UNLOCK TABLES;

--
-- Table structure for table `entidades_centrales`
--

DROP TABLE IF EXISTS `entidades_centrales`;
/*!40101 SET @saved_cs_client     = @@character_set_client */;
/*!50503 SET character_set_client = utf8mb4 */;
CREATE TABLE `entidades_centrales` (
  `id` int NOT NULL,
  `nombre` varchar(100) NOT NULL,
  `created_at` datetime NOT NULL,
  `updated_at` datetime NOT NULL,
  `deleted_at` datetime DEFAULT NULL,
  PRIMARY KEY (`id`)
) ENGINE=InnoDB DEFAULT CHARSET=latin1;
/*!40101 SET character_set_client = @saved_cs_client */;

--
-- Dumping data for table `entidades_centrales`
--

LOCK TABLES `entidades_centrales` WRITE;
/*!40000 ALTER TABLE `entidades_centrales` DISABLE KEYS */;
INSERT INTO `entidades_centrales` VALUES (1,'DATACREDITO','0000-00-00 00:00:00','0000-00-00 00:00:00',NULL),(2,'CIFIN','0000-00-00 00:00:00','0000-00-00 00:00:00',NULL);
/*!40000 ALTER TABLE `entidades_centrales` ENABLE KEYS */;
UNLOCK TABLES;

--
-- Table structure for table `estadoscarteras`
--

DROP TABLE IF EXISTS `estadoscarteras`;
/*!40101 SET @saved_cs_client     = @@character_set_client */;
/*!50503 SET character_set_client = utf8mb4 */;
CREATE TABLE `estadoscarteras` (
  `id` int NOT NULL AUTO_INCREMENT,
  `estado` varchar(100) NOT NULL,
  `created_at` datetime NOT NULL,
  `updated_at` datetime NOT NULL,
  `deleted_at` datetime DEFAULT NULL,
  PRIMARY KEY (`id`)
) ENGINE=InnoDB AUTO_INCREMENT=12 DEFAULT CHARSET=latin1;
/*!40101 SET character_set_client = @saved_cs_client */;

--
-- Dumping data for table `estadoscarteras`
--

LOCK TABLES `estadoscarteras` WRITE;
/*!40000 ALTER TABLE `estadoscarteras` DISABLE KEYS */;
INSERT INTO `estadoscarteras` VALUES (1,'AL DIA','0000-00-00 00:00:00','0000-00-00 00:00:00',NULL),(2,'MORA 30 A 60','0000-00-00 00:00:00','0000-00-00 00:00:00',NULL),(3,'MORA 60 A 90','0000-00-00 00:00:00','0000-00-00 00:00:00',NULL),(4,'MORA 90 A 120','0000-00-00 00:00:00','0000-00-00 00:00:00',NULL),(5,'MORA 120 A 150','0000-00-00 00:00:00','0000-00-00 00:00:00',NULL),(6,'MORA 150 A 180','0000-00-00 00:00:00','0000-00-00 00:00:00',NULL),(7,'MORA > 180','0000-00-00 00:00:00','0000-00-00 00:00:00',NULL),(8,'CASTIGADA','0000-00-00 00:00:00','0000-00-00 00:00:00',NULL),(10,'MORA 101 DIAS','2019-04-22 17:08:40','2019-04-22 17:25:43','2019-04-22 17:25:43'),(11,'EMBARGO','0000-00-00 00:00:00','0000-00-00 00:00:00',NULL);
/*!40000 ALTER TABLE `estadoscarteras` ENABLE KEYS */;
UNLOCK TABLES;

--
-- Table structure for table `estudiostr`
--

DROP TABLE IF EXISTS `estudiostr`;
/*!40101 SET @saved_cs_client     = @@character_set_client */;
/*!50503 SET character_set_client = utf8mb4 */;
CREATE TABLE `estudiostr` (
  `id` int NOT NULL AUTO_INCREMENT,
  `clientes_id` int NOT NULL,
  `user_id` int unsigned NOT NULL,
  `registros_id` int DEFAULT NULL,
  `asesores_id` int DEFAULT NULL,
  `fecha` date NOT NULL,
  `decision` char(4) DEFAULT NULL,
  `observaciones` text,
  `periodo_estudio` char(6) DEFAULT NULL,
  `created_at` datetime NOT NULL,
  `updated_at` datetime NOT NULL,
  `deleted_at` datetime DEFAULT NULL,
  PRIMARY KEY (`id`),
  KEY `fk_clientes_estudiostr` (`clientes_id`),
  KEY `fk_users_estudiostr` (`user_id`),
  KEY `fk_registros_estudiostr` (`registros_id`),
  KEY `fk_asesores_estudiostr` (`asesores_id`),
  CONSTRAINT `fk_asesores_estudiostr` FOREIGN KEY (`asesores_id`) REFERENCES `asesores` (`id`),
  CONSTRAINT `fk_clientes_estudiostr` FOREIGN KEY (`clientes_id`) REFERENCES `clientes` (`id`) ON DELETE CASCADE ON UPDATE CASCADE,
  CONSTRAINT `fk_registros_estudiostr` FOREIGN KEY (`registros_id`) REFERENCES `registros_financieros` (`id`),
  CONSTRAINT `fk_users_estudiostr` FOREIGN KEY (`user_id`) REFERENCES `users` (`id`)
) ENGINE=InnoDB AUTO_INCREMENT=96 DEFAULT CHARSET=latin1;
/*!40101 SET character_set_client = @saved_cs_client */;

--
-- Dumping data for table `estudiostr`
--

LOCK TABLES `estudiostr` WRITE;
/*!40000 ALTER TABLE `estudiostr` DISABLE KEYS */;
INSERT INTO `estudiostr` VALUES (1,3,2,3,4,'2021-02-11','NEGA','CLIENTE ES PENSIONADO POR PAGADURIA FOPEP SUST CONYUGUE CON HUELLA DE CONSULTA','202102','2021-02-11 09:49:09','2021-02-22 11:24:58','2021-02-22 11:24:58'),(2,3,2,3,4,'2021-02-22','NEGA','CLIENTE ES PENSIONADO POR PAGADURIA FOPEP SUST CONYUGUE CON HUELLA DE CONSULTA','202102','2021-02-22 11:22:37','2021-02-22 11:25:00','2021-02-22 11:25:00'),(3,3,2,3,4,'2021-02-22','NEGA','CLIENTE ES PENSIONADO POR PAGADURIA FOPEP SUST CONYUGUE CON HUELLA DE CONSULTA','202102','2021-02-22 11:24:30','2021-02-22 11:25:25','2021-02-22 11:25:25'),(4,3,2,3,4,'2021-02-22','NEGA','CLIENTE ES PENSIONADO POR PAGADURIA FOPEP SUST CONYUGUE CON HUELLA DE CONSULTA\r\nEN AV VILLAS ABRIL.  SALDO DE COOPROSOL ES DE 2500000 APROX\r\nCLIENTE APROBADO Y ANUNCIADO EN TESORERIA\r\nOK BASE CARTERA\r\nOK BASE RENDICION CUENTAS MAYO','202102','2021-02-22 11:59:38','2021-02-22 16:24:41','2021-02-22 16:24:41'),(5,3,2,3,4,'2021-02-22','NEGA','CLIENTE ES PENSIONADO POR PAGADURIA FOPEP SUST CONYUGUE CON HUELLA DE CONSULTA\r\nEN AV VILLAS ABRIL.  SALDO DE COOPROSOL ES DE 2500000 APROX\r\nCLIENTE APROBADO Y ANUNCIADO EN TESORERIA\r\nOK BASE CARTERA\r\nOK BASE RENDICION CUENTAS MAYO','202102','2021-02-22 12:06:43','2021-02-22 16:24:43','2021-02-22 16:24:43'),(6,3,2,3,4,'2021-02-22','NEGA','CLIENTE ES PENSIONADO POR PAGADURIA FOPEP SUST CONYUGUE CON HUELLA DE CONSULTA\r\nEN AV VILLAS ABRIL.  SALDO DE COOPROSOL ES DE 2500000 APROX\r\nCLIENTE APROBADO Y ANUNCIADO EN TESORERIA\r\nOK BASE CARTERA\r\nOK BASE RENDICION CUENTAS MAYO','202102','2021-02-22 16:50:54','2021-02-22 16:50:54',NULL),(7,5,2,5,5,'2021-02-22','NEGA','cliente es docente activo en propiedad por la pagaduria sed valle. se realizo control interno y tiene huella de consulta \r\nen agosto con av villas y en septiembre con finsocial y banco davivienda, en noviembre con munndo mujer,en diciembre tiene huella de \r\ncoonsec y bancolombia\r\nSE REALIZA RECALCULO DE CAPACIDAD POR INTRODUCIR MAL LA INFORMACION DEL DESPRENDIBLE\r\nYENNY ARAGON LLAMO TELEFONICAMENTE A LA CLIENTE Y LE DIJO QUE SE EL BANCO LE VA A COMPRAR DAVIVIENDA Y CK\r\nSE COORDINO VISITA PARA EL DIA','202102','2021-02-22 17:55:53','2021-02-22 17:55:53',NULL),(8,59,13,59,6,'2021-02-22','NEGA','CUENTA CORRIENTE BANCOLOMBIA EMBARGADA  # 858194						\r\nCUENTA DE AHORROS BCO DE OCCIDENTE EMBARGADA #826793						\r\nCUENTA DE AHORROS BCO POPULAR EMBARGADA # 222825						\r\nCLIENTE TIPO C						\r\nPAGADURIA NO DISPONIBLE EN NINGUN ALIADO, SE PASARA PARA EVALUACION DE COMITÉ						\r\nCLIENTE SIMULADO POR EL BANCO SUDAMERIS PREAPROBADO $78.000.000, A UNA TASA DE 1,22%, SE COMPRA POR EL GNB EL BANCO POPULAR 						\r\n$46 MILLONES APROXIMADO Y LE QUEDA UN REMANENTE $30 MILLONES, PARA NEGOCIAR AGROPAISA QUIEN LE','202102','2021-02-22 20:46:08','2021-02-22 20:46:08',NULL),(9,59,13,59,6,'2021-02-22','NEGA',NULL,'202102','2021-02-22 20:59:24','2021-02-22 20:59:24',NULL),(10,60,13,60,7,'2021-02-22','NEGA',NULL,'202102','2021-02-22 23:02:47','2021-02-22 23:02:47',NULL),(11,61,13,61,8,'2021-02-22','NEGA',NULL,'202102','2021-02-22 23:35:00','2021-02-22 23:35:00',NULL),(12,62,13,62,8,'2021-02-22','NEGA',NULL,'202102','2021-02-22 23:54:31','2021-02-22 23:54:31',NULL),(13,63,13,63,9,'2021-02-23','NEGA',NULL,'202102','2021-02-23 00:08:18','2021-02-23 00:08:18',NULL),(14,64,13,64,10,'2021-02-23','NEGA',NULL,'202102','2021-02-23 00:30:53','2021-02-23 00:30:53',NULL),(15,64,13,64,9,'2021-02-23','NEGA',NULL,'202102','2021-02-23 00:32:54','2021-02-23 00:32:54',NULL),(16,65,13,65,11,'2021-02-23','NEGA',NULL,'202102','2021-02-23 00:49:19','2021-02-23 00:49:19',NULL),(17,66,13,66,1,'2021-02-23','NEGA',NULL,'202102','2021-02-23 22:45:34','2021-02-23 22:45:34',NULL),(18,67,13,67,1,'2021-02-23','NEGA',NULL,'202102','2021-02-23 23:50:30','2021-02-23 23:50:30',NULL),(19,68,13,68,1,'2021-02-24','NEGA',NULL,'202102','2021-02-24 00:06:51','2021-02-24 00:06:51',NULL),(20,69,13,69,1,'2021-02-24','NEGA',NULL,'202102','2021-02-24 00:42:44','2021-02-24 00:42:44',NULL),(21,70,2,70,12,'2021-02-24','NEGA','CUENTA DE AHORROS BANCO POPULAR EMBARGADA # 025978\r\nCLIENTE TIPO C\r\nPOLITICAS INNCUMPLIDAS SOLICITA ACLARACION BANCO PICHINCHA\r\nSE SOLICITA REALIZAR VERIFICACION DE MONTO APROBADO SOLO LE TOMAN EN CUENTA UNA CUOTA DE $ 853.000 Y LA CUOTA APROXIMADA\r\nCASTIGO LLEVA 4 AÑOS SE PUEDE NEGOCIAR HASTA EN UN 60%\r\nSE SOLICITA AL AREA DE NEGOCIACIONES COMUNICARSE CON EL CLIENTE SI HA ADELANTANDO ALGUN PROCESO DE NEGOCIACION Y OFRECER EL\r\nCONSULTANDO INFORMACION DEL CLIENTE PICHINCHA NO NEGOCIA POR DEBAJO DE 17 M','202102','2021-02-24 11:43:05','2021-02-24 11:43:05',NULL),(22,71,13,71,13,'2021-02-24','NEGA',NULL,'202102','2021-02-24 18:58:45','2021-02-24 18:58:45',NULL),(23,72,13,72,11,'2021-02-24','NEGA',NULL,'202102','2021-02-24 20:17:09','2021-02-24 20:17:09',NULL),(24,72,13,72,11,'2021-02-24','NEGA',NULL,'202102','2021-02-24 20:25:00','2021-02-24 20:25:00',NULL),(25,72,13,72,11,'2021-02-24','NEGA',NULL,'202102','2021-02-24 20:39:51','2021-02-24 20:39:51',NULL),(26,73,13,73,10,'2021-02-24','NEGA',NULL,'202102','2021-02-24 21:00:50','2021-02-24 21:00:50',NULL),(27,73,13,73,10,'2021-02-24','NEGA',NULL,'202102','2021-02-24 21:09:40','2021-02-24 21:09:40',NULL),(28,73,13,73,10,'2021-02-24','NEGA',NULL,'202102','2021-02-24 21:17:31','2021-02-24 21:17:31',NULL),(29,93,14,93,11,'2021-03-01','NEGA','CLIENTE SIN CAPACIDAD, NI LOGRANDO NEGOCIACIONES DEL 99%SE CONFIRMA ANALISIS DEL ANALISTA EL MONTO A PRESTAR POR SUDAMERIS ES MENOR QUE EL VALOR DE LAS CARTERA A COMPRAR.','202103','2021-03-01 12:10:25','2021-03-01 12:24:48','2021-03-01 12:24:48'),(30,93,14,93,11,'2021-03-01','NEGA','CLIENTE SIN CAPACIDAD, NI LOGRANDO NEGOCIACIONES DEL 99%SE CONFIRMA ANALISIS DEL ANALISTA EL MONTO A PRESTAR POR SUDAMERIS ES MENOR QUE EL VALOR DE LAS CARTERA A COMPRAR.','202103','2021-03-01 12:24:17','2021-03-01 12:24:17',NULL),(31,94,14,94,14,'2021-03-01','NEGA','CLIENTE TIPO C, BUEN DIA SE SOLICITA RECOGER TODO LO DEL DESPRENDIBLE DE LA PENSION DE FIDUPREVISORA Y FOPEP Y CON EL REMANENTE, SANEAR LA CARTERA EN MORA DE SUDAMERIS, SEGÚN INFORMA EL ASESOR, LA INTENCION ES VENDER ESTA CARTERA A KREDIT Y QUE NO RETORNE AL GNB , SINO SANEAR,COMO TODA OPERACIÓN DEBE DE INCORPORARSE, NO SE CARGARAN POR PARTE DE LOS ASESORES EL APROBADO GNB Y POLITICAS INCUMPLIDAS.','202103','2021-03-01 13:10:21','2021-03-01 13:35:00','2021-03-01 13:35:00'),(32,94,14,94,15,'2021-03-01','NEGA','CLIENTE TIPO C, BUEN DIA SE SOLICITA RECOGER TODO LO DEL DESPRENDIBLE DE LA PENSION DE FIDUPREVISORA Y FOPEP Y CON EL REMANENTE, SANEAR LA CARTERA EN MORA DE SUDAMERIS, SEGÚN INFORMA EL ASESOR, LA INTENCION ES VENDER ESTA CARTERA A KREDIT Y QUE NO RETORNE AL GNB , SINO SANEAR,COMO TODA OPERACIÓN DEBE DE INCORPORARSE, NO SE CARGARAN POR PARTE DE LOS ASESORES EL APROBADO GNB Y POLITICAS INCUMPLIDAS.','202103','2021-03-01 13:16:57','2021-03-01 13:35:19','2021-03-01 13:35:19'),(33,94,14,94,16,'2021-03-01','NEGA','CLIENTE TIPO C, BUEN DIA SE SOLICITA RECOGER TODO LO DEL DESPRENDIBLE DE LA PENSION DE FIDUPREVISORA Y FOPEP Y CON EL REMANENTE, SANEAR LA CARTERA EN MORA DE SUDAMERIS, SEGÚN INFORMA EL ASESOR, LA INTENCION ES VENDER ESTA CARTERA A KREDIT Y QUE NO RETORNE AL GNB , SINO SANEAR,COMO TODA OPERACIÓN DEBE DE INCORPORARSE, NO SE CARGARAN POR PARTE DE LOS ASESORES EL APROBADO GNB Y POLITICAS INCUMPLIDAS.','202103','2021-03-01 13:34:03','2021-03-01 13:34:03',NULL),(34,95,14,95,17,'2021-03-01','NEGA','CLIENTE TIPO A, OBLIGACION COOPSERP # 03539 NO REPORTA EN DATACREDITO, CLIENTE RECIBE SALARIO ACTIVO SEM POPAYAN-PENDIENTE DESPRENDIBLE ACTUALIZADO, EN RAMA JUDICIAL PRESENTA DOS PROCESOS INACTIVOS, 2013 Y 2017, CLIENTE SOLICITA COMPRAR SUMAS Y SOLUCIONES Y CK, CLAVE Jaime345+-','202103','2021-03-01 14:49:13','2021-03-01 15:01:53','2021-03-01 15:01:53'),(35,95,14,95,18,'2021-03-01','NEGA','CLIENTE TIPO A, OBLIGACION COOPSERP # 03539 NO REPORTA EN DATACREDITO, CLIENTE RECIBE SALARIO ACTIVO SEM POPAYAN-PENDIENTE DESPRENDIBLE ACTUALIZADO, EN RAMA JUDICIAL PRESENTA DOS PROCESOS INACTIVOS, 2013 Y 2017, CLIENTE SOLICITA COMPRAR SUMAS Y SOLUCIONES Y CK, CLAVE Jaime345+-','202103','2021-03-01 15:01:15','2021-03-01 15:01:15',NULL),(36,96,14,96,19,'2021-03-01','NEGA','clave: jairo.barcov-M9cjfvyous, cliente con reporte en Tarjeta Exito negociación inicial por $6.200.000, OBLIGACION BANCO PICHINCHA EN DATA REPORTA 90 DIAS DE MORA, CLIENTE TIPO C','202103','2021-03-01 15:55:04','2021-03-01 15:55:04',NULL),(37,97,14,97,20,'2021-03-01','NEGA','CLIENTE PRESENTA EMBARGO DE ALIMENTOS POR DESPRENDIBLE RAMA NO PRESENTA PROCESOS','202103','2021-03-01 16:38:08','2021-03-01 16:38:08',NULL),(38,98,14,98,21,'2021-03-01','NEGA','CLIENTE TIPO A,NO TIENE PROCESOS EN RAMASE CALCULA EL VALOR DE BAYPORT CON 2 CUOTAS DEMAS TENIENDO EN CUENTA EL SALDO DE CIFIN.\r\nNEGADO EN PROSPECCION POR KREDIT','202103','2021-03-01 16:52:34','2021-03-01 16:52:34',NULL),(39,99,14,99,22,'2021-03-01','NEGA','NI LOGRANDO NEGOCIACIONES AL 99% NI BAJANDO COSTOS TR LE DA CAPACIDAD\r\nRAMA: PRESENTA MAS DE 10 PROCESOSPRESENTA CUENTAS EMBARGADAS:\r\nBCO POPULAR AHO #7224 ACTIVA EMBARGADA\r\nBCO POPULAR AHO #2351 ACTIVA EMBARGADA\r\nSE CONFIRMA EL ESTUDIO DEL ANALISTA Y SE NIEGA EL CREDITO.','202103','2021-03-01 17:37:27','2021-03-01 17:37:27',NULL),(40,100,14,100,23,'2021-03-01','NEGA','SE CONSULTA GAF Y NO MANEJA COLPENSIONES\r\nHUELLA CONSULTA CREDIVALORES 27/08/2020\r\nSIN PROCESOS JUDICIALES\r\nNO VIABLE POR KREDIT\r\nEL ASESOR INFORMA QUE ELMONTO APROBADO ES $ 92.400.000 CON CUOTA DE $ 1.596.000\r\nCLIENTE PARA HACER PROCESO DE INTENCION DE COMPRA\r\nAPROBADO POR ALIADO CK\r\n CLIENTE APROBADO POR ALIADO DE KREDIT','202103','2021-03-01 19:30:57','2021-03-01 19:30:57',NULL),(41,100,14,100,24,'2021-03-01','NEGA','SE CONSULTA GAF Y NO MANEJA COLPENSIONES\r\nHUELLA CONSULTA CREDIVALORES 27/08/2020\r\nSIN PROCESOS JUDICIALES\r\nNO VIABLE POR KREDIT\r\nEL ASESOR INFORMA QUE ELMONTO APROBADO ES $ 92.400.000 CON CUOTA DE $ 1.596.000\r\nCLIENTE PARA HACER PROCESO DE INTENCION DE COMPRA\r\nAPROBADO POR ALIADO CK\r\n CLIENTE APROBADO POR ALIADO DE KREDIT','202103','2021-03-01 19:50:13','2021-03-01 19:50:36','2021-03-01 19:50:36'),(42,101,14,101,25,'2021-03-01','NEGA','SERFINANZA # 993414 REPORTA MORA $ 996,000 Y CASTIGO $ 124,000\r\nSERFINANZA # 180683 REPORTA MORA $ 4,975,000 Y CASTIGO $ 518,000\r\nBANCO POPULAR  TCR# 512712-CASTIGADA REPORTA MORA $ 4,092,000 Y CASTIGO $ 3,299,000\r\nSERFINANZA # 042995 REPORTA MORA $ 812,000 Y CASTIGO $ 94,000 \r\nCLIENTE TIPO C\r\nOBLIGACION COLOMBIACOOP NO SE REGISTRA DESCUENTO EN DESPRENDIBLE','202103','2021-03-01 20:27:48','2021-03-01 20:27:48',NULL),(43,101,14,101,26,'2021-03-01','NEGA','SERFINANZA # 993414 REPORTA MORA $ 996,000 Y CASTIGO $ 124,000\r\nSERFINANZA # 180683 REPORTA MORA $ 4,975,000 Y CASTIGO $ 518,000\r\nBANCO POPULAR  TCR# 512712-CASTIGADA REPORTA MORA $ 4,092,000 Y CASTIGO $ 3,299,000\r\nSERFINANZA # 042995 REPORTA MORA $ 812,000 Y CASTIGO $ 94,000 \r\nCLIENTE TIPO C\r\nOBLIGACION COLOMBIACOOP NO SE REGISTRA DESCUENTO EN DESPRENDIBLE','202103','2021-03-01 20:40:36','2021-03-01 20:41:06','2021-03-01 20:41:06'),(44,102,13,102,27,'2021-03-01','NEGA',NULL,'202103','2021-03-01 22:57:29','2021-03-01 22:57:29',NULL),(45,102,13,102,28,'2021-03-01','NEGA',NULL,'202103','2021-03-01 23:04:38','2021-03-01 23:04:38',NULL),(46,103,13,103,6,'2021-03-01','NEGA',NULL,'202103','2021-03-01 23:22:10','2021-03-01 23:22:10',NULL),(47,103,13,103,6,'2021-03-01','NEGA',NULL,'202103','2021-03-01 23:23:30','2021-03-01 23:23:30',NULL),(48,104,14,104,9,'2021-03-02','NEGA','CLIENTE TIPO CDESCUENTO DEL BANCO POPULAR EN DESPRENDIBLE NO SE VE REFLEJADO EN CENTRALES DE RIESGO\r\nINCORPORACION SE REMITE A ARCHIVO A CORREO ELECTRONICO LOS 20 DE CADA MES Y SE RADICA CON PAZ Y SALVO.\r\nSE SOLICITA A IVONNE CASTILLO LO SIMULE EN BIZAGI PARA VERIFICAR CONDICIONES DEL CREDITO.','202103','2021-03-02 19:16:24','2021-03-02 19:16:24',NULL),(49,105,14,105,19,'2021-03-02','NEGA','CLIENTE TIPO A\r\nNO PRESENTA PROCESOS EN RAMA\r\nVIABLE ALIADO CK\r\nCLIENTE SOLICITA recoger cartera BAYPORT y solicitar el máximo excedente por banco.\r\nSE VERIFICA INFORMACION, SE CONSULTAN POLITICAS DE GNB PARA PROCEDER CON ESTUDIO. NO SE ADJUNTA CARTA LABORAL.\r\nPENDIENTE QUE SE VERIFIQUE INFORMACION PARA SOLICITAR DOCUMENTACION','202103','2021-03-02 19:28:48','2021-03-02 19:28:48',NULL),(50,106,14,106,29,'2021-03-02','NEGA','SE DEBE DE LOGRAR POR LO MENOS UNA NEGOCIACION DEL 80 % EN LAS CARTERAS CASTIGADAS, PARA QUE EL CREDITO SEA VIABLE','202103','2021-03-02 19:41:21','2021-03-02 19:41:21',NULL),(51,107,14,107,30,'2021-03-02','NEGA','SE SOLICITA PAZ Y SALVO DE CREDIVALORES #3261 POR FALTA DE REPORTE\r\nHUELLA CONSULTA:\r\nBBVA COLOMBIA  07/07/2020\r\nVALIDAR SI TIENE PAZ Y SALVO CREDIVALORES TCR#2815UNA VEZ SE REALICE EL PAGO DE COOPSERP, CLIENTE DEBE SOLICITAR EL RETIRO DE LOS APORTESCLAVE DE FIDUPREVISORA ERRADA PARA VALIDAR DESPRENDIBLESALDO MAX A PAGAR POR CK COMERCIALIZADORA PARA LOS EMBARGOS ES DE $5´000.000\r\nSE ASUME SALDO HIPOTETICO DE SERVIVAL YA NO QUE REGISTRA EN CENTRALES\r\nVALIDAR POR DONDE OPERAN LIBRANZAS DE FINSOCIAL #53','202103','2021-03-02 20:04:06','2021-03-02 20:04:06',NULL),(52,108,14,108,19,'2021-03-02','NEGA','CLIENTE TIPO C\r\nCLIENTE SOLICITA ESTUDIO PARA COMPRA DE CARTERA DE BAYPORT- CLIENTE TIENE CREDITO GNB PAGO POR VENTANILLA','202103','2021-03-02 21:10:13','2021-03-02 21:10:13',NULL),(53,109,14,109,27,'2021-03-02','NEGA','CARTERA CASTIGADA CON COVIEMCALI COMO CODEUDOR \r\nNO TIENE CAPACIDAD DE ENDEUDAMIENTO\r\nEN CENTRALES COVIEMCALI REPORTA 3 OBLIGACIONES CON EL MISMO NUMERO PERO DIFERENTE MONTOS Y CUOTAS, SE SOLICITA CERTIFICADO\r\nDE LAS OBLIGACIONES PARA ESTABLECER CUAL EL ES MONTO A DEUDADO REAL A LA COOPERATIVA\r\nDE LAS OBLIGACIONES PARA ESTABLECER CUAL EL ES MONTO A DEUDADO REAL A LA COOPERATIVA\r\nDE LAS OBLIGACIONES PARA ESTABLECER CUAL EL ES MONTO A DEUDADO REAL A LA COOPERATIVA\r\nDE LAS OBLIGACIONES PARA ESTABLECER CU','202103','2021-03-02 21:30:02','2021-03-02 21:30:02',NULL),(54,110,14,110,9,'2021-03-02','NEGA','CLIENTE TIPO B\r\nSE RECOMIENDA SOLICITAR AL CLIENTE CERTIFICADO QUE INDIQUE EL ESTADO DEL CREDITO A LA FECHA HY CITE ENTERPRISES Y GIROS Y FINANZAS\r\nEN ESTAS CONDICIONES ACTUALES NO TIENE CAPACIDAD POR KREDIT','202103','2021-03-02 23:44:07','2021-03-02 23:44:07',NULL),(55,111,14,111,11,'2021-03-03','NEGA','CLIENTE TIPO A\r\nPROSPECTO VIABLE POR ALIADO CKSE SOLICITA A COORDINACION DE OPERACIONES PERFILAR POR EL BANCO PARA CONOCER EL MONTO APROBADO','202103','2021-03-03 01:02:17','2021-03-03 01:06:01','2021-03-03 01:06:01'),(56,111,14,111,11,'2021-03-03','NEGA','CLIENTE TIPO A\r\nPROSPECTO VIABLE POR ALIADO CKSE SOLICITA A COORDINACION DE OPERACIONES PERFILAR POR EL BANCO PARA CONOCER EL MONTO APROBADO','202103','2021-03-03 01:05:16','2021-03-03 01:05:16',NULL),(57,112,14,112,30,'2021-03-03','NEGA','ANEXAR PAZ Y SALVO BANAGRARIO #9409\r\nANEXAR PAZ Y SALVO BCO OCCIDENTE TCR #6280\r\nLA INCORPORACION DE LA CUOTA QUEDA PARCIAL\r\nSE PROPONE REALIZAR ACUERDO DE PAGO DESDE EL AREA TE RECUPERAMOS, PARA QUE EL CLIENTE CONSIGNE EL FALTANTE DE LA CUOTA\r\nSE APRUEBA EN COMITÉ DE CREDITO CON LA TENIENDO EN CUENTA LAS CONDICIONES DE  PAGO DE LA CARTERA CASTIGADA','202103','2021-03-03 01:33:46','2021-03-03 01:33:46',NULL),(58,113,14,113,31,'2021-03-03','NEGA','RAMA PROCESO ACTIVO CON BANCO POPULAR\r\nNO SE INCLUYE EXCELCREDIT EN LA COMPRA SE HARA POR BANCO SUDAMERIS, SEGÚN INFORMACION DEL ASESOTR\r\nCLIENTE TIPO C\r\nNO CUENTA CON CAPACIDAD DE ENDEUDAMIENTO\r\nLAS 3 CARTERAS CASTIGADAS DEBEN DE NEGOCIARSE','202103','2021-03-03 11:42:13','2021-03-03 11:42:13',NULL),(59,114,14,114,32,'2021-03-03','NEGA','CREDITO PRE-APROBADO POR $ 83 MILLONES EL CLIENTE SE RADICA POR LINEA ESPECIAL ANTE EL BANCO SE SANEA $ ADCORE Y AVVILLAS Y SE LE\r\n COMPRA CARTERA DE EXCELLCREDITO, RELICOOP Y ASSOLUCREDITOS . SE SOLICITA POR TE RECUÉRAMOS SANEAR TV ASMEDIOS.\r\nCLIENTE TIPO C\r\nOBLIGACIONES RELICOOPNO REPORTA EN LAS CENTRALES DE RIESGO.','202103','2021-03-03 12:21:33','2021-03-03 12:21:33',NULL),(60,115,14,115,11,'2021-03-03','NEGA','DESPRENDIBLE DESACTUALIZADO (AGOSTO)CUENTA EMBARGADAS BANCO POPULAR # 817 Y 855\r\nVALIDAR EL PAGO DE LAS MORAS DE 30 DIAS\r\nCLIENTE TIPO C\r\nLA ASESORA COMERCIAL ES EDITH YANETH SANDOVAL DE BOGOTA, TRABAJA PARA UN OUTSOURCING LLAMADO FINANZAS Y LIBRANZAS, QUE TRABAJA CON EL BANCO SUDAMERIS.CLIENTE SOBREENDEUADA SE REALIZA ESTUDIO COLOCANDO AL DIA OBLIGACIONES EN MORA Y PAGANDO CARTERAS CASTIGADASNO VIABLE POR ALIADO KREDIT POR CAPACIDAD DE PAGOPROSPECTO NO VIABLE POR ALIADO CK POR CAPACIDAD DE CUPO','202103','2021-03-03 17:33:40','2021-03-03 17:33:40',NULL),(61,116,14,116,33,'2021-03-03','NEGA','CUENTA DE AHORRO BANCO AGRARIO EMBARGADA # 5191\r\n Y # 499CUENTA DE AHORRO BANCO POPULAR # 3488 Y # 4992\r\nCLIENTE TIPO C\r\nBuenas tardes, solicito por favor me ayudes con este cliente el cual requiere compra de cartera a COOPERAS, ASOLUCREDITOS, CAPITAL Y SOLUCIONES\r\n, y MEDIOS. Cliente con reporte pero no se ha consultado por sudameris ya que por política de edad no es sujeto a crédito. Cliente \r\nde llamada para autorizar consulta CEL 3144197397 y por mi parte quedaré a la espera de la oferta por part','202103','2021-03-03 18:23:30','2021-03-03 18:23:30',NULL),(62,117,14,117,34,'2021-03-03','NEGA','NO TIENE PROCESOS EN RAMA\r\nCliente desea se le compre Colombiacoop y se recoja cartera del banco colpatriaCLIENTE TIPO BPENSION FOPEP $\r\nCLIENTE SIN CAPACIDAD DE CUPO','202103','2021-03-03 21:06:15','2021-03-03 21:06:15',NULL),(63,118,14,118,30,'2021-03-04','NEGA','VALIDAR POR DONDE OPERA OBLIGACIONES CON GNB #5957-#3633\r\nCUENTAS EMBARGADAS\r\nAV VILLAS #2424 - BCSC #8962 - AV VILLAS #7741 - AV VILLAS #0622 - POPULAR #8192 - BBVA #2035\r\nPRESENTA 13 PROCESOS EN VISOR','202103','2021-03-04 19:06:58','2021-03-04 19:06:58',NULL),(64,119,14,119,30,'2021-03-04','NEGA',NULL,'202103','2021-03-04 19:33:36','2021-03-04 19:33:36',NULL),(65,120,14,120,9,'2021-03-04','NEGA',NULL,'202103','2021-03-04 20:14:50','2021-03-04 20:14:50',NULL),(66,121,14,121,27,'2021-03-05','NEGA','Realizar llamada al cliente de confirmacion de credito, actualizar la cuota en la pagaduria. Presenta cuenta ahorros embargada del bbva, Presenta cuenta ahorros embargada de banco popular Presenta demanda de la universidad Javeriana en centrales\r\n PROCESOS EN CONTRA:\r\nLUZ ADRIANA GIRON FLOREZ DECRETO EMBARGO\r\nPRESENTAR PAZ Y SALVO\r\nSe deben de lograr los descuentos esperados\r\nPor la edad solo se puede llevar a AV VILLAS','202103','2021-03-05 11:06:05','2021-03-05 11:06:05',NULL),(67,122,14,122,20,'2021-03-05','NEGA',NULL,'202103','2021-03-05 11:30:24','2021-03-05 11:30:24',NULL),(68,123,14,123,11,'2021-03-05','NEGA','CORREGIR NOMBRE EN DATACRÉDITO YA REGISTRA COMO DADSY Y ES YADSY COMO REGISTRA CÉDULA.\r\nANEXAR PAZ Y SALVO: \r\n31/05/2019 - 082981 COMF FINANCIERA JURISCOOP S.A.\r\n31/05/2019 - 092641 COMF FINANCIERA JURISCOOP S.A\r\nVALIDAR POR DONDE OPERA: JURISCOOP #4784 AL DIA POR VALOR $5.253.000 CUOTA $213.000\r\nHUELLAS DE CONSULTA: 15/07/2020 FINSOCIAL\r\nLA CLIENTE TIENE PAZ Y SALVO DE CLARO SOLUCIONES\r\nUNA VEZ REALIZADA LA CONSULTA CON EL ASESOR SI NOS MEJORA FACTOR POR MILLON AUMENTAMOS COSTO TE RECUPERAMOS\r\nCONSULTA','202103','2021-03-05 17:14:19','2021-03-05 17:14:19',NULL),(69,124,14,124,35,'2021-03-05','NEGA','ANALIZANDO LA INFORMACION FINANCIERA, ESPERAR QUE SE EXPIDAN SALDOS  DE COOPEOCCIDENTE, COONSEC, TERCERO COOPCONTINENTAL\r\nESPERAR QUE APERTUREN ALCALDIA DE CALI PARA TRAMITES DE VISACION DE NOVEDADES','202103','2021-03-05 17:33:53','2021-03-05 17:33:53',NULL),(70,125,14,125,36,'2021-03-05','NEGA','COSTOS TR AL 23% Y CK AL 5% PARA UN TOTAL DEL 28% YA QUE ES CLIENTE DEL BANCO SUDAMERIS\r\nSALDOS DE CARTERAS EN CASTIGO ACTUALIZADO CON CERTIFICADOS ADJUNTOS\r\nSE REALIZA COMPRA DE CARTERAS EN CASTIGO POR CK PARA NO AUMENTAR LA TASA EN SUDAMERIS YA QUE SERIA CON TASA DE SANEAMIENTO\r\nSI GNB REALIZA COMPRA DE OBLIGACIONES EN MORA O EN CASTIGO\r\nSRA. DORA INDICA QUE CLIENTE REFINANCIO EN BAYPORT, SE SOLICITA PYS DE LA OBLIGACION CON BAYPORT #0371\r\nEL CLIENTE SE ESTUDIA EN COMITÉ Y ES APROBADO, SIN EMBARGO.','202103','2021-03-05 17:55:27','2021-03-05 17:55:27',NULL),(71,126,14,126,30,'2021-03-05','NEGA','CTA AHORRO #3771 POPULAR EMBARGADA SE SOLICITA CERTIFICADO DE CUENTA\r\nSE SOLICITA PAZ Y SALVO MOVISTAR #8013\r\nSE SOLICITA PAZ Y SALVO COLOMBIA MOVIL-TIGO #5029\r\nBBVA COLOMBIA #4888 CTA EMBARGADA SE SOLICITA CERTIFICADO DE CUENTA\r\nBBVA COLOMBIA #0303 CTA EMBARGADA SE SOLICITA CERTIFICADO DE CUENTA\r\nPENDIENTE CONSULTAR RAMA, PAGINA NO CARGA\r\nSE ASUMEN SALDOS HIPOTETICOS DE COOPERATIVA UNIDOS, EMBARGO Y SERVIVAL\r\nEL CREDITO ES VIABLE, SIN EMBARGO HAY QUE TENER EN CUENTA QUE NO HAY PROBALIDAD DE UN 100%...','202103','2021-03-05 18:19:38','2021-03-05 18:19:38',NULL),(72,127,14,127,30,'2021-03-05','NEGA','CLIENTE SIN CAPACIDAD\r\nREGISTRA CUENTA EMBARGA BCO AV VILLAS #1776\r\nRAMA-REGISTRA 2 PROCESOS EN CONTRA76001400301620130018100- LA COOPERATIVA NACIONAL DE RECAUDOS\r\n76001400300220160037800-COOPERATIVA MULTIACTIVA FAMILIAR DE TRABAJADORES DE LA SEGURIDAD SOCIAL','202103','2021-03-05 18:41:49','2021-03-05 18:41:49',NULL),(73,128,14,128,30,'2021-03-05','NEGA','CLIENTE SIN CAPACIDAD, SE DEBE RECOGER KREDIT PLUS YA QUE ES EL QUE LE COPA TODA LA CAPACIDAD DEL DESPRENDIBLE\r\nEN KREDIT NO TIENE CAPACIDAD PARA RETANQUEO NI COMPRA DE CARTERA\r\nCUENTAS EMBARGADAS:\r\nBBVA COLOMBIA #5964\r\nBBVA COLOMBIA #3237\r\nBCO AVVILAS #2371\r\nCLIENTE NO VIABLE EN SUDAMERIS YA QUE NO MANEJA ESTA PAGADURIA\r\nCLIENTE CON ASIGNACION ADICIONAL AA COORDINADOR 20% PERO NO SE LE TIENE EN CUENTA\r\nYA QUE EL CARGO ES DOCENTE Y EN CUALQUIER MOMENTO DEJA DE RECIBIR ESTE INGRESO ADICIONAL.\r\nCLIENTE NO','202103','2021-03-05 20:47:23','2021-03-05 20:47:23',NULL),(74,129,14,129,37,'2021-03-05','NEGA','CLIENTE NO LE DA CAPACIDAD NI PASANDO EL CREDITO DIRECTO\r\nPROSPECTO NO VIABLE POR KREDIT NI POR CK, SE CONFIRMA LA NEGACIÓN DEL CREDITO POR SOBREENDEUDAMIENTO.','202103','2021-03-05 21:01:53','2021-03-05 21:01:53',NULL),(75,130,14,130,30,'2021-03-05','NEGA','POPULAR AHORRO#2920 CTA ACEMB\r\nBCSC AHORROS#4897 INEMB\r\nBCSC AHORROS#4378 INEMB\r\nPOPULAR AHORROS#0983 INEMB\r\nCREDIVALORES#9054 SE SOLICITA PYS\r\nGNB SUDAMERIS LBZ#0108 AL DIA CUOTA 1´145 VALIDAR POR DONDE OPERA\r\nGNB SUDAMERIS LBZ#3185 AL DIA CUOTA 1´203 SE ASUME QUE ES LA LIBRANZA QUE OPERA POR FIDU YA QUE ES LA CUOTA MAS SIMILAR\r\nCLIENTE NO ES VIABLE EN KREDIT NUMERO DE PROCESOS COOPERATIVOS SUPERIOR A SEIS (6) O EN GENERAL SUPERIOR A DIEZ (10\r\nSERA CAUSAL DE NEGACIÓN DEL CRÉDITO, POR ENDE NO APLICA...','202103','2021-03-05 21:25:16','2021-03-05 21:25:16',NULL),(76,131,14,131,30,'2021-03-09','NEGA','BCO OCCIDENTE AHO-INDIVIDUAL #0486 INEMB\r\nBBVA COLOMBIA AHO #5994 EMBARGADA\r\nHUELLA CONSULTA DATA:\r\nSOLVENTA COLOMBIA   18/08/2020\r\nCMP.RAPICREDIT FINTECH   06/07/2020\r\nEN VIVE TUVO MORA AL INICIO DEL CREDITO, NO REGISTRA QUE TENGA ALGUN SALDO EN MORA PERO EN EL ESTADO DE LA OBLIGACION\r\nSE ENCUENTRA EN DATA  AL DIA/MORA120, VIVE NO LO COMPRA AV VILLAS\r\nSE ASUME SALDO HIPOTETICO DE LOS EMBARGOS, POR INSTRUCCIONES DE VICENTE CHAGUENDO, SE PAGA COMO MAX 5 MILLONES EN EMBARGOS\r\nPOR CLIENTE NO POR EMBARGO','202103','2021-03-09 08:36:30','2021-03-09 08:36:30',NULL),(77,132,14,132,10,'2021-03-09','NEGA','RAMA: SIN PROCESOS JUDICIALES EN CONTRA\r\nCLIENTE PARA REALIZAR COMPRA DE CARTERA FINSOCIAL Y REALIZAR RETANQUEO EN SUDAMERIS\r\nVALIDAR POR DONDE OPERA LIBRANZA COOPERATIVA DE MAESTROS Y EMP #3037\r\nMODIFICAR EXCEL PARA COSTOS DE TR AL 9% Y CK AL 3% YA QUE ES UN CLIENTE TIPO A Y ES ASESOR DE GNB\r\nLA DOCENTE TIENE BUEN HABITO DE PAGO, SE SOLICITA AL AREA DE MERCADEO QUE REALICE LA LLAMADA PARA VALIDAR EL PAGO DE LA \r\nCOOPERATIVA DE MAESTROS.\r\nCREDITO APROBADO.','202103','2021-03-09 08:47:09','2021-03-09 08:47:09',NULL),(78,133,14,133,30,'2021-03-09','NEGA','OBLIGACIONES CON FALABELLA COMO SOLO REPORTA EN DATA SE DEJA QUE NO SE COMPRA YA QUE GNB SOLO MIRA CIFIN\r\nAV VILLAS NO COMPRA BANCO POPULAR\r\nCOMO ES SECRETARIA NO TIENE SANEAMIENTO POR LO TANTO SE DEBE RECOGER MORA 30 QUE TIENE CON BCO POPULAR\r\nSE ASUME SALDO HIPOTETICO CON SERVIVAL\r\nCLIENTE SIN CAPACIDAD YA QUE SOLO SE LE TIENE EN CUENTA EL BASICO Y EL BCO POPULAR LE DESCUENTA MAS DE LA CAPACIDAD\r\nSE RESPETA MINIMO YA QUE GANA MENOS DE 2 SALARIOS MINIMO\r\nVISOR: NO REGISTRA PROCESOS JUDICIALES EN','202103','2021-03-09 09:06:21','2021-03-09 09:06:21',NULL),(79,134,14,134,9,'2021-03-09','NEGA','CLIENTE SIN CAPACIDAD.\r\nSE DEBE REALIZAR COMPRA DE CARTERA DE ACTIVOS Y FINANZAS YA QUE SE ENCUENTRA EN MORA 120 Y PUEDE SER UN POSIBLE EMBARGO\r\nMAS ADELANTE\r\nSE REALIZA ANALISIS PARA QUE CK REALICE COMPRA SOLO DE LA MORA 30 QUE TIENE CON BANCO BBVA\r\nSIN HUELLAS DE CONSULTA PARA VALIDAR\r\nVISOR: NO REGISTRA PROCESOS JUDICIALES EN CONTRA\r\nRAMA: OK','202103','2021-03-09 09:18:37','2021-03-09 09:18:37',NULL),(80,135,14,135,38,'2021-03-09','NEGA','SE SOLICITA PAZ Y SALVO DE CREDIVALORES #2622 POR FALTA DE REPORTE\r\nSE SOLICITA PAZ Y SALVO DE FIDUAGRARIA PATRIMONIO AUTONOMO #0269 POR FALTA DE REPORTE\r\nHULLE CONSULTA POR VALIDAR:\r\nBAYPORT COLOMBIA SAS    31/07/2020\r\nNO TIENE PROCESOS EN RAMA\r\nPENDIENTE CK HABILITE USUARIO DE CREMIL\r\nGNB NO REALIZA SANEAMIENTO DE MINDEFENSA, SE RADICA CRÉDITO PRIMERO COMO LIBRE INVERSIÓN Y DESPUÉS DE 4 MESES REALIZAN\r\nCOMPRAS DE CARTERA.\r\nSE ACTUALIZA ALIADO FINANCIERO A AVILLAS DE ACUERDO LA LAS POLITICAS LA CUOTA','202103','2021-03-09 09:48:56','2021-03-09 09:48:56',NULL),(81,136,14,136,30,'2021-03-09','NEGA','CLIENTE SIN CAPACIDAD.','202103','2021-03-09 10:04:12','2021-03-09 10:04:12',NULL),(82,137,14,137,8,'2021-03-09','NEGA','CLIENTE SIN CAPACIDAD EN KREDIT, SE REALIZA PROSPECCION PARA QUE EL ALIADO FINANCIERO CK COMERCIALIZADORA REALICE LA COMPRA DE\r\nGNB NO MANEJA ESTA PAGADURIA, SE REALIZA PROSPECCION PARA EL BANCO AV VILLAS SUJETO A CONFIRMACION DE VIABILIDAD\r\nANEXAR PAZ Y SALVO COMFACAUCA - CAJA DE COMPENSA #9727\r\nVISOR:NO REGISTRA PROCESOS EN CONTRA\r\nRAMA: OK\r\nHUELLA:\r\n01/06/2020 FINSOCIAL\r\nPOR FAVOR ENVIAR A CONSULTAR CON LA ASESORA DE AV VILLAS GINA, LA VIABILIDAD DEL CREDITO\r\nSE ASUME SALDO HIPOTETICO DE PROVITEC','202103','2021-03-09 10:23:52','2021-03-09 10:23:52',NULL),(83,138,14,138,30,'2021-03-09','NEGA','CLIENTE SIN CAPACIDAD, NI LOGRANDO NEGOCIACIONES AL 98% EN LAS OBLIGACIONES NI BAJANDO COSTOS TR 23% Y CK 5%','202103','2021-03-09 10:37:12','2021-03-09 10:37:12',NULL),(84,139,14,139,9,'2021-03-09','NEGA','SE REALIZA PAGO DE LA MORA 90 QUE PRESENTA CON LA ENTIDAD COOP CREDITOS Y SUMINISTROS #1710\r\nSEGÚN INSTRUCCIONES DE LA COORDINADORA DE GNB ANGELICA POLANIA INDICA QUE NO ES NECESARIO REALIZAR COMPRA DE CARTERA CON \r\nFUNDACION DE LA MUJER QUE SE ENCUENTRA EN CASTIGO.\r\nOBLIGACIONES CON COOP COMUNIDAD MORA 90 Y COOPTECPOL #0000LETRA REGISTRAN SOLO EN DATACREDITO, GNB SOLO MIRA CIFIN\r\nFONDO DE EMPLEADO EN CASTIGO SE DEBE NEGOCIAR AL 67%\r\nVISOR: 14 PROCESOS JUDICIALES POR NOMBRE, VALIDAR\r\nRAMA: OK\r\nHUELLA:','202103','2021-03-09 10:57:56','2021-03-09 10:57:56',NULL),(85,140,14,140,30,'2021-03-09','NEGA','BCO POPULAR AHO #9666 EMBARGADA\r\nHUELLA CONSULTA:\r\nVIVE CREDITOS 13/07/2020 \r\nKAPITAL INFORMA QUE EL CLIENTE YA REALIZO EL PAGO DEL EMBARGO Y ESTAN A LA ESPERA DEL LEVANTAMIENTO PARA LA BAJA\r\nVALIDAR POR DONDE OPERA COMCREDITO LIBRANZA AL DIA #0739 CUOTA 273\r\nEN RAMA REGISTRA PROCESOS, VALIDAR','202103','2021-03-09 11:16:36','2021-03-09 11:16:36',NULL),(86,141,14,141,20,'2021-03-10','NEGA','SE SOLICITA PAZ Y SALVO KREDIT PLUS #496 REGISTRO INACTIVADO POR FALTA DE REPORTE\r\nSE ASUME SALDO HIPOTETICO DE GESFIDUCIA POR FAVOR CONFIRMAR SALDO REAL YA QUE NO REGISTRA EN CENTRALES\r\nSE DEBEN LOGRAR NEGOCIACIONES AL 99% EN CARTERAS CASTIGADAS\r\nSE BAJAN COSTOS TR AL 23% Y CK AL 5%\r\nNO REGISTRA PROCESOS EN RAMA','202103','2021-03-10 00:43:43','2021-03-10 00:43:43',NULL),(87,142,14,142,30,'2021-03-10','NEGA','SE REALIZA PROSPECCION PARA QUE SUDAMERIS REALICE TODAS LAS COMPRAS DE CARTERA Y SE ENVIA CERTIFICADO POR EL COSTO DEL SERVICIO TR\r\nCLIENTE NO LE DA CAPACIDAD YA QUE CON UN MINIMO LE APRUEBAN UN MONTO APROX DE $22 MILLONES\r\nPRESENTA TAMBIEN CTA EMBARGADA CON BCO AGRARIO #2981\r\nVISOR: NO REGISTRA PROCESOS JUDICIALES EN CONTRA\r\nRAMA: REGISTRA 2 PROCESOS EN CONTRA (EMBARGOS)\r\nSIN HUELLAS DE CONSULTA PARA VALIDAR\r\nSE REALIZA ANALISIS CON DESPRENDIBLE DE MAYO, EL DESPRENDIBLE DEBE SER EL QUE SE DESCARGA EN','202103','2021-03-10 01:02:15','2021-03-10 01:02:15',NULL),(88,143,14,143,30,'2021-03-10','NEGA','CLIENTE SIN CAPACIDAD, SE PROSPECTA POR AV VILLAS YA QUE GNB NO MANEJA ESTA PAGADURIA\r\nHUELLA CONSULTA:\r\nCOPROCENVA - COOPERATIVA DE AH 14/07/2020\r\nCOOUNIDOS 26/06/2020\r\nNO PRESENTA SALDOS B. FALLABELLA TDC #9005\r\nSE ASUME SALDO HIPOTETICO DE SERVIVAL YA QUE NO REGISTRA EN CENTRALES\r\nNO REGISTRA PROCESOS EN RAMA NI EN VISOR','202103','2021-03-10 01:13:45','2021-03-10 01:13:45',NULL),(89,143,14,143,38,'2021-03-10','NEGA','CLIENTE SIN CAPACIDAD DE PAGO, VERIFICAR SALDOS Y SI AV VILLAS TIENE EL CODIGO DE MINDEFENSA\r\nPTE REVISION EN COMITÉ','202103','2021-03-10 20:49:28','2021-03-10 20:55:14','2021-03-10 20:55:14'),(90,144,14,144,38,'2021-03-10','NEGA','CLIENTE SIN CAPACIDAD DE PAGO, VERIFICAR SALDOS Y SI AV VILLAS TIENE EL CODIGO DE MINDEFENSA\r\nPTE REVISION EN COMITÉ','202103','2021-03-10 21:13:05','2021-03-10 21:13:05',NULL),(91,145,14,145,20,'2021-03-10','NEGA','VISOR: ANEXAR TERMINACIÓN DE PROCESO: 11001400304220060105700/COOP MULTIACTIVA DE SERVICIOS ANDINA\r\nREGISTRA 1 PROCESO JUDICIAL POR NOMBRE//VALIDAR\r\nHUELLAS DE CONSULTA: NO REGISTRA\r\nSE ASUME SALDO HIPOTETICO DE SUMAS Y SOLUCIONES.\r\nCLIENTE SIN CAPACIDAD','202103','2021-03-10 21:28:57','2021-03-10 21:28:57',NULL),(92,146,14,146,35,'2021-03-10','NEGA','VALIDAR POR DONDE OPERA VIVE CREDITOS LBZ#0391 AL DIA\r\nPAGADURIA NO ESTA VISANDO POR EL MOMENTO\r\nHUELLA CONSULTA:\r\nVIVE CREDITOS KUSIDA SAS  09/07/2020\r\nEXCELCREDIT SAS 23/06/2020 \r\nRAMA: REGISTRA 12 PROCESOS,VALIDAR\r\nPOR SER CLIENTE DE ASESOR GNB LOS COSTOS SERIAN:\r\nTR 23%\r\nCOSTO CK 5%','202103','2021-03-10 21:38:05','2021-03-10 21:38:05',NULL),(93,146,2,146,1,'2021-03-26','ESTU',NULL,'202103','2021-03-26 10:22:51','2021-03-26 13:54:10','2021-03-26 13:54:10'),(94,146,2,146,1,'2021-03-26','ESTU',NULL,'202103','2021-03-26 10:23:46','2021-03-26 10:30:28','2021-03-26 10:30:28'),(95,146,2,146,1,'2021-03-26','ESTU',NULL,'202103','2021-03-26 10:30:18','2021-03-26 10:30:25','2021-03-26 10:30:25');
/*!40000 ALTER TABLE `estudiostr` ENABLE KEYS */;
UNLOCK TABLES;

--
-- Table structure for table `factores_x_millon_gnb`
--

DROP TABLE IF EXISTS `factores_x_millon_gnb`;
/*!40101 SET @saved_cs_client     = @@character_set_client */;
/*!50503 SET character_set_client = utf8mb4 */;
CREATE TABLE `factores_x_millon_gnb` (
  `id` int unsigned NOT NULL AUTO_INCREMENT,
  `pagaduria` char(200) CHARACTER SET utf8mb4 COLLATE utf8mb4_unicode_ci DEFAULT NULL,
  `plazo` char(200) CHARACTER SET utf8mb4 COLLATE utf8mb4_unicode_ci DEFAULT NULL,
  `normal` char(200) CHARACTER SET utf8mb4 COLLATE utf8mb4_unicode_ci DEFAULT NULL,
  `saneamiento` char(200) CHARACTER SET utf8mb4 COLLATE utf8mb4_unicode_ci DEFAULT NULL,
  `created_at` timestamp NULL DEFAULT NULL,
  `updated_at` timestamp NULL DEFAULT NULL,
  `deleted_at` timestamp NULL DEFAULT NULL,
  PRIMARY KEY (`id`)
) ENGINE=InnoDB AUTO_INCREMENT=73 DEFAULT CHARSET=utf8mb4 COLLATE=utf8mb4_unicode_ci;
/*!40101 SET character_set_client = @saved_cs_client */;

--
-- Dumping data for table `factores_x_millon_gnb`
--

LOCK TABLES `factores_x_millon_gnb` WRITE;
/*!40000 ALTER TABLE `factores_x_millon_gnb` DISABLE KEYS */;
INSERT INTO `factores_x_millon_gnb` VALUES (1,'COLPENSIONES','12','0.094044697006804','0.095225902769502','0000-00-00 00:00:00','0000-00-00 00:00:00',NULL),(2,'COLPENSIONES','24','0.051123711881432','0.052179581910673','0000-00-00 00:00:00','0000-00-00 00:00:00',NULL),(3,'COLPENSIONES','36','0.036927544633167','0.03797012452127','0000-00-00 00:00:00','0000-00-00 00:00:00',NULL),(4,'COLPENSIONES','48','0.029911593330502','0.030968322164643','0000-00-00 00:00:00','0000-00-00 00:00:00',NULL),(5,'COLPENSIONES','60','0.025766639971458','0.026847870748172','0000-00-00 00:00:00','0000-00-00 00:00:00',NULL),(6,'COLPENSIONES','72','0.023056045519714','0.024166312927109','0000-00-00 00:00:00','0000-00-00 00:00:00',NULL),(7,'COLPENSIONES','84','0.021163923569287','0.02230517815007','0000-00-00 00:00:00','0000-00-00 00:00:00',NULL),(8,'COLPENSIONES','96','0.019782185909336','0.020955021386369','0000-00-00 00:00:00','0000-00-00 00:00:00',NULL),(9,'COLPENSIONES','108','0.018739559198199','0.019943771683516','0000-00-00 00:00:00','0000-00-00 00:00:00',NULL),(10,'COLPENSIONES','120','0.017933192567482','0.019168072764372','0000-00-00 00:00:00','0000-00-00 00:00:00',NULL),(11,'COLPENSIONES','126','0.017597160541677','0.018846999232826','0000-00-00 00:00:00','0000-00-00 00:00:00',NULL),(12,'COLPENSIONES','132','0.017297570649784','0.018562074473024','0000-00-00 00:00:00','0000-00-00 00:00:00',NULL),(13,'FIDUPREVISORA','12','0.093676591250688','0.094413289305609','0000-00-00 00:00:00','0000-00-00 00:00:00',NULL),(14,'FIDUPREVISORA','24','0.050795787499717','0.051452606373834','0000-00-00 00:00:00','0000-00-00 00:00:00',NULL),(15,'FIDUPREVISORA','36','0.036604754806038','0.037251773399157','0000-00-00 00:00:00','0000-00-00 00:00:00',NULL),(16,'FIDUPREVISORA','48','0.029585317992859','0.030239755938131','0000-00-00 00:00:00','0000-00-00 00:00:00',NULL),(17,'FIDUPREVISORA','60','0.025433585867465','0.026102003444341','0000-00-00 00:00:00','0000-00-00 00:00:00',NULL),(18,'FIDUPREVISORA','72','0.022714726486353','0.02340006467177','0000-00-00 00:00:00','0000-00-00 00:00:00',NULL),(19,'FIDUPREVISORA','84','0.020813651721886','0.021517250617444','0000-00-00 00:00:00','0000-00-00 00:00:00',NULL),(20,'FIDUPREVISORA','96','0.019422690173237','0.020145052837024','0000-00-00 00:00:00','0000-00-00 00:00:00',NULL),(21,'FIDUPREVISORA','108','0.018370812725317','0.0191119512838','0000-00-00 00:00:00','0000-00-00 00:00:00',NULL),(22,'FIDUPREVISORA','120','0.017555323597985','0.018314938478321','0000-00-00 00:00:00','0000-00-00 00:00:00',NULL),(23,'FIDUPREVISORA','126','0.017214812279859','0.017983485029621','0000-00-00 00:00:00','0000-00-00 00:00:00',NULL),(24,'FIDUPREVISORA','132','0.01691081129183','0.017688394594005','0000-00-00 00:00:00','0000-00-00 00:00:00',NULL),(25,'FOPEP','12','0.093676591250688','0.094413289305609','0000-00-00 00:00:00','0000-00-00 00:00:00',NULL),(26,'FOPEP','24','0.050795787499717','0.051452606373834','0000-00-00 00:00:00','0000-00-00 00:00:00',NULL),(27,'FOPEP','36','0.036604754806038','0.037251773399157','0000-00-00 00:00:00','0000-00-00 00:00:00',NULL),(28,'FOPEP','48','0.029585317992859','0.030239755938131','0000-00-00 00:00:00','0000-00-00 00:00:00',NULL),(29,'FOPEP','60','0.025433585867465','0.026102003444341','0000-00-00 00:00:00','0000-00-00 00:00:00',NULL),(30,'FOPEP','72','0.022714726486353','0.02340006467177','0000-00-00 00:00:00','0000-00-00 00:00:00',NULL),(31,'FOPEP','84','0.020813651721886','0.021517250617444','0000-00-00 00:00:00','0000-00-00 00:00:00',NULL),(32,'FOPEP','96','0.019422690173237','0.020145052837024','0000-00-00 00:00:00','0000-00-00 00:00:00',NULL),(33,'FOPEP','108','0.018370812725317','0.0191119512838','0000-00-00 00:00:00','0000-00-00 00:00:00',NULL),(34,'FOPEP','120','0.017555323597985','0.018314938478321','0000-00-00 00:00:00','0000-00-00 00:00:00',NULL),(35,'FOPEP','126','0.017214812279859','0.017983485029621','0000-00-00 00:00:00','0000-00-00 00:00:00',NULL),(36,'FOPEP','132','0.01691081129183','0.017688394594005','0000-00-00 00:00:00','0000-00-00 00:00:00',NULL),(37,'CASUR','12','0.092941841154388','0.093676591250688','0000-00-00 00:00:00','0000-00-00 00:00:00',NULL),(38,'CASUR','24','0.050142854710328','0.050795787499717','0000-00-00 00:00:00','0000-00-00 00:00:00',NULL),(39,'CASUR','36','0.035963505457251','0.036604754806038','0000-00-00 00:00:00','0000-00-00 00:00:00',NULL),(40,'CASUR','48','0.028938456187041','0.029585317992859','0000-00-00 00:00:00','0000-00-00 00:00:00',NULL),(41,'CASUR','60','0.024774453545992','0.025433585867465','0000-00-00 00:00:00','0000-00-00 00:00:00',NULL),(42,'CASUR','72','0.022040265478368','0.022714726486353','0000-00-00 00:00:00','0000-00-00 00:00:00',NULL),(43,'CASUR','84','0.02012238809037','0.020813651721886','0000-00-00 00:00:00','0000-00-00 00:00:00',NULL),(44,'CASUR','96','0.018713973522956','0.019422690173237','0000-00-00 00:00:00','0000-00-00 00:00:00',NULL),(45,'CASUR','108','0.01764447343394','0.018370812725317','0000-00-00 00:00:00','0000-00-00 00:00:00',NULL),(46,'CASUR','120','0.016811496996854','0.017555323597985','0000-00-00 00:00:00','0000-00-00 00:00:00',NULL),(47,'CASUR','126','0.016462359540243','0.017214812279859','0000-00-00 00:00:00','0000-00-00 00:00:00',NULL),(48,'CASUR','132','0.016149837658077','0.01691081129183','0000-00-00 00:00:00','0000-00-00 00:00:00',NULL),(49,'CREMIL','12','0.092941841154388','0.093676591250688','0000-00-00 00:00:00','0000-00-00 00:00:00',NULL),(50,'CREMIL','24','0.050142854710328','0.050795787499717','0000-00-00 00:00:00','0000-00-00 00:00:00',NULL),(51,'CREMIL','36','0.035963505457251','0.036604754806038','0000-00-00 00:00:00','0000-00-00 00:00:00',NULL),(52,'CREMIL','48','0.028938456187041','0.029585317992859','0000-00-00 00:00:00','0000-00-00 00:00:00',NULL),(53,'CREMIL','60','0.024774453545992','0.025433585867465','0000-00-00 00:00:00','0000-00-00 00:00:00',NULL),(54,'CREMIL','72','0.022040265478368','0.022714726486353','0000-00-00 00:00:00','0000-00-00 00:00:00',NULL),(55,'CREMIL','84','0.02012238809037','0.020813651721886','0000-00-00 00:00:00','0000-00-00 00:00:00',NULL),(56,'CREMIL','96','0.018713973522956','0.019422690173237','0000-00-00 00:00:00','0000-00-00 00:00:00',NULL),(57,'CREMIL','108','0.01764447343394','0.018370812725317','0000-00-00 00:00:00','0000-00-00 00:00:00',NULL),(58,'CREMIL','120','0.016811496996854','0.017555323597985','0000-00-00 00:00:00','0000-00-00 00:00:00',NULL),(59,'CREMIL','126','0.016462359540243','0.017214812279859','0000-00-00 00:00:00','0000-00-00 00:00:00',NULL),(60,'CREMIL','132','0.016149837658077','0.01691081129183','0000-00-00 00:00:00','0000-00-00 00:00:00',NULL),(61,'ACTIVOS','12','0.092941841154388','0.092941841154388','0000-00-00 00:00:00','0000-00-00 00:00:00',NULL),(62,'ACTIVOS','24','0.050142854710328','0.050142854710328','0000-00-00 00:00:00','0000-00-00 00:00:00',NULL),(63,'ACTIVOS','36','0.035963505457251','0.035963505457251','0000-00-00 00:00:00','0000-00-00 00:00:00',NULL),(64,'ACTIVOS','48','0.028938456187041','0.028938456187041','0000-00-00 00:00:00','0000-00-00 00:00:00',NULL),(65,'ACTIVOS','60','0.024774453545992','0.024774453545992','0000-00-00 00:00:00','0000-00-00 00:00:00',NULL),(66,'ACTIVOS','72','0.022040265478368','0.022040265478368','0000-00-00 00:00:00','0000-00-00 00:00:00',NULL),(67,'ACTIVOS','84','0.02012238809037','0.02012238809037','0000-00-00 00:00:00','0000-00-00 00:00:00',NULL),(68,'ACTIVOS','96','0.018713973522956','0.018713973522956','0000-00-00 00:00:00','0000-00-00 00:00:00',NULL),(69,'ACTIVOS','108','0.01764447343394','0.01764447343394','0000-00-00 00:00:00','0000-00-00 00:00:00',NULL),(70,'ACTIVOS','120','0.016811496996854','0.016811496996854','0000-00-00 00:00:00','0000-00-00 00:00:00',NULL),(71,'ACTIVOS','126','0.016462359540243','0.016462359540243','0000-00-00 00:00:00','0000-00-00 00:00:00',NULL),(72,'ACTIVOS','132','0.016149837658077','0.016149837658077','0000-00-00 00:00:00','0000-00-00 00:00:00',NULL);
/*!40000 ALTER TABLE `factores_x_millon_gnb` ENABLE KEYS */;
UNLOCK TABLES;

--
-- Table structure for table `factores_x_millon_kredit`
--

DROP TABLE IF EXISTS `factores_x_millon_kredit`;
/*!40101 SET @saved_cs_client     = @@character_set_client */;
/*!50503 SET character_set_client = utf8mb4 */;
CREATE TABLE `factores_x_millon_kredit` (
  `id` bigint unsigned NOT NULL AUTO_INCREMENT,
  `llave` char(200) CHARACTER SET utf8mb4 COLLATE utf8mb4_unicode_ci DEFAULT NULL,
  `valor` char(200) CHARACTER SET utf8mb4 COLLATE utf8mb4_unicode_ci DEFAULT NULL,
  `created_at` timestamp NULL DEFAULT NULL,
  `updated_at` timestamp NULL DEFAULT NULL,
  `deleted_at` timestamp NULL DEFAULT NULL,
  PRIMARY KEY (`id`)
) ENGINE=InnoDB AUTO_INCREMENT=25 DEFAULT CHARSET=utf8mb4 COLLATE=utf8mb4_unicode_ci;
/*!40101 SET character_set_client = @saved_cs_client */;

--
-- Dumping data for table `factores_x_millon_kredit`
--

LOCK TABLES `factores_x_millon_kredit` WRITE;
/*!40000 ALTER TABLE `factores_x_millon_kredit` DISABLE KEYS */;
INSERT INTO `factores_x_millon_kredit` VALUES (1,'12','0.0952520482592235','0000-00-00 00:00:00','0000-00-00 00:00:00',NULL),(2,'24','0.0535058429654467','0000-00-00 00:00:00','0000-00-00 00:00:00',NULL),(3,'36','0.0397572159346921','0000-00-00 00:00:00','0000-00-00 00:00:00',NULL),(4,'48','0.0330057590334405','0000-00-00 00:00:00','0000-00-00 00:00:00',NULL),(5,'60','0.0290507220072776','0000-00-00 00:00:00','0000-00-00 00:00:00',NULL),(6,'72','0.0264913728321384','0000-00-00 00:00:00','0000-00-00 00:00:00',NULL),(7,'84','0.0247270195910999','0000-00-00 00:00:00','0000-00-00 00:00:00',NULL),(8,'96','0.0234570431726880','0000-00-00 00:00:00','0000-00-00 00:00:00',NULL),(9,'108','0.0225142378431961','0000-00-00 00:00:00','0000-00-00 00:00:00',NULL),(10,'120','0.0217981445107990','0000-00-00 00:00:00','0000-00-00 00:00:00',NULL),(11,'132','0.0207447524173070','0000-00-00 00:00:00','0000-00-00 00:00:00',NULL),(12,'144','0.0203113517436715','0000-00-00 00:00:00','0000-00-00 00:00:00',NULL),(13,'12','0.0952520482592235','0000-00-00 00:00:00','0000-00-00 00:00:00',NULL),(14,'24','0.0535058429654467','0000-00-00 00:00:00','0000-00-00 00:00:00',NULL),(15,'36','0.0397572159346921','0000-00-00 00:00:00','0000-00-00 00:00:00',NULL),(16,'48','0.0330057590334405','0000-00-00 00:00:00','0000-00-00 00:00:00',NULL),(17,'60','0.0290507220072776','0000-00-00 00:00:00','0000-00-00 00:00:00',NULL),(18,'72','0.0264913728321384','0000-00-00 00:00:00','0000-00-00 00:00:00',NULL),(19,'84','0.0247270195910999','0000-00-00 00:00:00','0000-00-00 00:00:00',NULL),(20,'96','0.0234570431726880','0000-00-00 00:00:00','0000-00-00 00:00:00',NULL),(21,'108','0.0225142378431961','0000-00-00 00:00:00','0000-00-00 00:00:00',NULL),(22,'120','0.0217981445107990','0000-00-00 00:00:00','0000-00-00 00:00:00',NULL),(23,'132','0.0207447524173070','0000-00-00 00:00:00','0000-00-00 00:00:00',NULL),(24,'144','0.0203113517436715','0000-00-00 00:00:00','0000-00-00 00:00:00',NULL);
/*!40000 ALTER TABLE `factores_x_millon_kredit` ENABLE KEYS */;
UNLOCK TABLES;

--
-- Table structure for table `factoresaliados`
--

DROP TABLE IF EXISTS `factoresaliados`;
/*!40101 SET @saved_cs_client     = @@character_set_client */;
/*!50503 SET character_set_client = utf8mb4 */;
CREATE TABLE `factoresaliados` (
  `id` int NOT NULL AUTO_INCREMENT,
  `aliados_id` int NOT NULL,
  `tasa` decimal(11,3) DEFAULT NULL,
  `pagadurias_id` int DEFAULT NULL,
  `edad_min` int DEFAULT NULL,
  `edad_max` int DEFAULT NULL,
  `plazo` int NOT NULL,
  `factor` decimal(11,10) NOT NULL,
  `created_at` datetime NOT NULL,
  `updated_at` datetime NOT NULL,
  `deleted_at` datetime DEFAULT NULL,
  PRIMARY KEY (`id`),
  KEY `fk_aliados_factores` (`aliados_id`),
  KEY `fk_pagadurias_factores` (`pagadurias_id`),
  CONSTRAINT `fk_aliados_factores` FOREIGN KEY (`aliados_id`) REFERENCES `aliados` (`id`) ON DELETE CASCADE ON UPDATE CASCADE,
  CONSTRAINT `fk_pagadurias_factores` FOREIGN KEY (`pagadurias_id`) REFERENCES `pagadurias` (`id`) ON DELETE CASCADE ON UPDATE CASCADE
) ENGINE=InnoDB AUTO_INCREMENT=5 DEFAULT CHARSET=latin1;
/*!40101 SET character_set_client = @saved_cs_client */;

--
-- Dumping data for table `factoresaliados`
--

LOCK TABLES `factoresaliados` WRITE;
/*!40000 ALTER TABLE `factoresaliados` DISABLE KEYS */;
INSERT INTO `factoresaliados` VALUES (1,7,0.000,NULL,10,30,12,0.0922000000,'2019-04-30 15:01:54','2019-04-30 15:35:17',NULL),(2,1,1.600,NULL,30,74,108,0.0216926660,'2019-04-30 15:05:21','2019-04-30 19:06:20',NULL),(3,5,0.000,NULL,60,NULL,12,0.1103880000,'2019-04-30 15:37:15','2019-04-30 15:37:15',NULL),(4,5,0.000,NULL,60,70,12,0.1115060000,'2019-04-30 15:37:41','2019-04-30 15:37:41',NULL);
/*!40000 ALTER TABLE `factoresaliados` ENABLE KEYS */;
UNLOCK TABLES;

--
-- Table structure for table `failed_jobs`
--

DROP TABLE IF EXISTS `failed_jobs`;
/*!40101 SET @saved_cs_client     = @@character_set_client */;
/*!50503 SET character_set_client = utf8mb4 */;
CREATE TABLE `failed_jobs` (
  `id` bigint unsigned NOT NULL AUTO_INCREMENT,
  `connection` text CHARACTER SET utf8mb4 COLLATE utf8mb4_unicode_ci NOT NULL,
  `queue` text CHARACTER SET utf8mb4 COLLATE utf8mb4_unicode_ci NOT NULL,
  `payload` longtext CHARACTER SET utf8mb4 COLLATE utf8mb4_unicode_ci NOT NULL,
  `exception` longtext CHARACTER SET utf8mb4 COLLATE utf8mb4_unicode_ci NOT NULL,
  `failed_at` timestamp NOT NULL DEFAULT CURRENT_TIMESTAMP,
  PRIMARY KEY (`id`)
) ENGINE=InnoDB DEFAULT CHARSET=utf8mb4 COLLATE=utf8mb4_unicode_ci;
/*!40101 SET character_set_client = @saved_cs_client */;

--
-- Dumping data for table `failed_jobs`
--

LOCK TABLES `failed_jobs` WRITE;
/*!40000 ALTER TABLE `failed_jobs` DISABLE KEYS */;
/*!40000 ALTER TABLE `failed_jobs` ENABLE KEYS */;
UNLOCK TABLES;

--
-- Table structure for table `ingresos_aplicados`
--

DROP TABLE IF EXISTS `ingresos_aplicados`;
/*!40101 SET @saved_cs_client     = @@character_set_client */;
/*!50503 SET character_set_client = utf8mb4 */;
CREATE TABLE `ingresos_aplicados` (
  `id` int NOT NULL AUTO_INCREMENT,
  `registros_id` int NOT NULL,
  `cod_concepto` varchar(10) DEFAULT NULL,
  `concepto` varchar(100) NOT NULL,
  `valor` bigint NOT NULL,
  `created_at` datetime NOT NULL,
  `updated_at` datetime NOT NULL,
  `deleted_at` datetime DEFAULT NULL,
  PRIMARY KEY (`id`),
  KEY `fk_registros_ingresos` (`registros_id`),
  CONSTRAINT `fk_registros_ingresos` FOREIGN KEY (`registros_id`) REFERENCES `registros_financieros` (`id`)
) ENGINE=InnoDB AUTO_INCREMENT=158 DEFAULT CHARSET=latin1;
/*!40101 SET character_set_client = @saved_cs_client */;

--
-- Dumping data for table `ingresos_aplicados`
--

LOCK TABLES `ingresos_aplicados` WRITE;
/*!40000 ALTER TABLE `ingresos_aplicados` DISABLE KEYS */;
INSERT INTO `ingresos_aplicados` VALUES (1,1,NULL,'Sueldo básico',3000000,'2021-02-09 15:45:36','2021-02-09 15:45:36',NULL),(2,1,NULL,'Bonificación mes',250000,'2021-02-09 15:45:36','2021-02-09 15:45:36',NULL),(3,1,NULL,'wjdakdnasjkd',30000,'2021-02-09 15:45:36','2021-02-09 15:45:36',NULL),(4,3,NULL,'Pensión',781242,'2021-02-11 09:22:33','2021-02-22 10:55:19','2021-02-22 10:55:19'),(5,4,NULL,'ingreso base',3641927,'2021-02-15 20:49:14','2021-02-22 17:04:48','2021-02-22 17:04:48'),(6,5,NULL,'ingreso base',3919989,'2021-02-15 21:01:26','2021-02-22 17:38:09','2021-02-22 17:38:09'),(7,6,NULL,'ingreso base',2067013,'2021-02-15 21:10:29','2021-02-15 21:10:29',NULL),(8,7,NULL,'PENSION',828116,'2021-02-15 21:19:11','2021-02-15 21:19:11',NULL),(9,8,NULL,'PENSION',923478,'2021-02-15 22:32:48','2021-02-15 22:32:48',NULL),(10,9,NULL,'PENSION',2924875,'2021-02-15 23:03:05','2021-02-15 23:03:05',NULL),(11,10,NULL,'ingreso base',2577817,'2021-02-16 22:11:33','2021-02-16 22:11:33',NULL),(12,11,NULL,'ingreso base',4617133,'2021-02-16 23:03:50','2021-02-16 23:03:50',NULL),(13,12,NULL,'ingreso base',1876584,'2021-02-16 23:11:46','2021-02-16 23:11:46',NULL),(14,13,NULL,'ingreso base',3726690,'2021-02-16 23:19:42','2021-02-16 23:19:42',NULL),(15,14,NULL,'ingreso base',2201378,'2021-02-16 23:26:21','2021-02-16 23:26:21',NULL),(16,15,NULL,'ingreso base',877803,'2021-02-16 23:34:40','2021-02-16 23:34:40',NULL),(17,16,NULL,'ingreso base',2209679,'2021-02-16 23:47:43','2021-02-16 23:47:43',NULL),(18,17,NULL,'ingreso base',2949780,'2021-02-16 23:58:27','2021-02-16 23:58:27',NULL),(19,18,NULL,'PENSION',1087556,'2021-02-17 00:08:51','2021-02-17 00:08:51',NULL),(20,19,NULL,'INGRESO BASE',2478603,'2021-02-17 00:27:24','2021-02-17 00:27:24',NULL),(21,20,NULL,'ingreso base',2887219,'2021-02-17 00:35:31','2021-02-17 00:35:31',NULL),(22,21,NULL,'ingreso base',1849759,'2021-02-17 22:38:06','2021-02-17 22:38:06',NULL),(23,22,NULL,'ingreso base',3026576,'2021-02-17 23:18:51','2021-02-17 23:18:51',NULL),(24,23,NULL,'INGRESO BASE',3099504,'2021-02-17 23:27:32','2021-02-17 23:27:32',NULL),(25,24,NULL,'INGRESO BASE',2297454,'2021-02-17 23:40:54','2021-02-17 23:40:54',NULL),(26,25,NULL,'ingreso base',2451391,'2021-02-17 23:48:07','2021-02-17 23:48:07',NULL),(27,26,NULL,'ingreso base',1865680,'2021-02-18 00:02:13','2021-02-18 00:02:13',NULL),(28,27,NULL,'ingreso base',4214351,'2021-02-18 00:24:11','2021-02-18 00:24:11',NULL),(29,28,NULL,'ingreso base',6687031,'2021-02-18 00:42:05','2021-02-18 00:42:05',NULL),(30,29,NULL,'ingreso base',1880253,'2021-02-18 00:52:26','2021-02-18 00:52:26',NULL),(31,30,NULL,'ingreso base',5300960,'2021-02-18 01:01:19','2021-02-18 01:01:19',NULL),(32,31,NULL,'INGRESO BASE',2383278,'2021-02-18 22:05:42','2021-02-18 22:05:42',NULL),(33,32,NULL,'INGRESO BASE',25111887,'2021-02-18 22:15:25','2021-02-18 22:15:25',NULL),(34,33,NULL,'ingreso base',2875658,'2021-02-18 22:21:34','2021-02-18 22:21:34',NULL),(35,34,NULL,'ingreso base',3154504,'2021-02-18 22:27:13','2021-02-18 22:27:13',NULL),(36,35,NULL,'ingreso base',1279176,'2021-02-18 22:32:58','2021-02-18 22:32:58',NULL),(37,36,NULL,'ingreso base',2844664,'2021-02-18 22:40:35','2021-02-18 22:40:35',NULL),(38,37,NULL,'ingreso base',877803,'2021-02-18 22:47:45','2021-02-18 22:47:45',NULL),(39,38,NULL,'ingreso base',1023347,'2021-02-18 22:54:57','2021-02-18 22:54:57',NULL),(40,39,NULL,'ingreso base',3801619,'2021-02-18 23:30:25','2021-02-18 23:30:25',NULL),(41,40,NULL,'ingreso base',877803,'2021-02-18 23:36:50','2021-02-18 23:36:50',NULL),(42,41,NULL,'ingreso base',877803,'2021-02-18 23:43:51','2021-02-18 23:43:51',NULL),(43,42,NULL,'INGRESO BASE',877803,'2021-02-18 23:54:58','2021-02-18 23:54:58',NULL),(44,43,NULL,'INGRESO BASE',3894878,'2021-02-19 00:17:09','2021-02-19 00:17:09',NULL),(45,44,NULL,'INGRESO BASE',2898591,'2021-02-19 00:28:01','2021-02-19 00:28:01',NULL),(46,45,NULL,'INGRESO BASE',2941760,'2021-02-19 19:01:37','2021-02-19 19:01:37',NULL),(47,46,NULL,'ingreso base',2204748,'2021-02-19 19:13:22','2021-02-19 19:13:22',NULL),(48,47,NULL,'INGRESO BASE',3430705,'2021-02-19 19:30:34','2021-02-19 19:30:34',NULL),(49,48,NULL,'INGRESO BASE',2600058,'2021-02-19 21:33:51','2021-02-19 21:33:51',NULL),(50,49,NULL,'INGRESO BASE',7763637,'2021-02-19 21:57:21','2021-02-19 21:57:21',NULL),(51,50,NULL,'INGRESO BASE',2913855,'2021-02-19 22:05:23','2021-02-19 22:05:23',NULL),(52,51,NULL,'INGRESO BASE',2500938,'2021-02-19 22:17:12','2021-02-19 22:17:12',NULL),(53,52,NULL,'INGRESO BASE',983446,'2021-02-19 22:33:55','2021-02-19 22:33:55',NULL),(54,53,NULL,'INGRESO BASE',1953400,'2021-02-19 23:01:02','2021-02-19 23:01:02',NULL),(55,54,NULL,'ingreso base',4244314,'2021-02-20 00:08:39','2021-02-20 00:08:39',NULL),(56,55,NULL,'INGRESO BASE',2851520,'2021-02-20 00:17:21','2021-02-20 00:17:21',NULL),(57,56,NULL,'INGRESO BASE',1949394,'2021-02-20 00:23:56','2021-02-20 00:23:56',NULL),(58,57,NULL,'INGRESO BASE',1542810,'2021-02-20 00:50:22','2021-02-20 00:50:22',NULL),(59,2,NULL,'INGRESO BASE',2406991,'2021-02-20 00:55:53','2021-02-20 00:55:53',NULL),(60,58,NULL,'INGRESO BASE',2483317,'2021-02-20 01:04:23','2021-02-20 01:04:23',NULL),(61,3,NULL,'Pensión',781242,'2021-02-22 10:55:19','2021-02-22 11:30:32','2021-02-22 11:30:32'),(62,3,NULL,'Pensión',781242,'2021-02-22 11:30:32','2021-02-22 16:52:16','2021-02-22 16:52:16'),(63,3,NULL,'Pensión',781242,'2021-02-22 16:52:16','2021-02-22 16:52:16',NULL),(64,4,NULL,'ingreso base',3641927,'2021-02-22 17:04:48','2021-02-22 17:07:59','2021-02-22 17:07:59'),(65,4,NULL,'ingreso base',3641927,'2021-02-22 17:07:59','2021-02-22 17:07:59',NULL),(66,5,NULL,'ingreso base',3919989,'2021-02-22 17:38:09','2021-02-22 17:38:09',NULL),(67,59,NULL,'INGRESO BASE',3169013,'2021-02-22 20:23:00','2021-02-22 20:23:00',NULL),(68,60,NULL,'INGRESO BASE',877803,'2021-02-22 21:59:26','2021-02-22 21:59:26',NULL),(69,61,NULL,'INGRESO BASE',2209679,'2021-02-22 23:25:19','2021-02-22 23:25:19',NULL),(70,62,NULL,'INGRESO BASE',2209679,'2021-02-22 23:48:19','2021-02-22 23:48:19',NULL),(71,63,NULL,'INGRESO BASE',7773340,'2021-02-22 23:59:57','2021-02-22 23:59:57',NULL),(72,64,NULL,'INGRESO BASE',3351638,'2021-02-23 00:19:00','2021-02-23 00:19:00',NULL),(73,65,NULL,'INGRESO BASE',908526,'2021-02-23 00:41:48','2021-02-23 00:41:48',NULL),(74,66,NULL,'ingreso base',4244314,'2021-02-23 22:32:52','2021-02-23 22:32:52',NULL),(75,67,NULL,'INGRESO BASE',2547711,'2021-02-23 23:45:22','2021-02-23 23:45:22',NULL),(76,68,NULL,'ingreso base',882057,'2021-02-23 23:57:58','2021-02-23 23:57:58',NULL),(77,69,NULL,'INGRESO BASE',3343850,'2021-02-24 00:12:23','2021-02-24 00:12:23',NULL),(78,70,NULL,'Pensión',2505000,'2021-02-24 11:20:02','2021-02-24 11:44:15','2021-02-24 11:44:15'),(79,70,NULL,'Pensión',2505000,'2021-02-24 11:44:15','2021-02-24 11:44:21','2021-02-24 11:44:21'),(80,70,NULL,'Pensión',2505000,'2021-02-24 11:44:21','2021-02-24 11:44:21',NULL),(81,71,NULL,'INGRESO BASE',1635742,'2021-02-24 18:51:01','2021-02-24 18:51:01',NULL),(82,72,NULL,'ingreso base',1937737,'2021-02-24 19:38:29','2021-02-24 19:38:29',NULL),(83,73,NULL,'INGRESO BASE',1267802,'2021-02-24 20:50:19','2021-02-24 20:50:19',NULL),(84,74,NULL,'INGRESO BASE',2209679,'2021-02-25 16:27:18','2021-02-25 16:27:18',NULL),(85,75,NULL,'INGRESO BASE',3486342,'2021-02-25 16:36:20','2021-02-25 16:36:20',NULL),(86,76,NULL,'INGRESO BASE',2146094,'2021-02-25 17:08:48','2021-02-25 17:08:48',NULL),(87,77,NULL,'INGRESO BASE',1902356,'2021-02-25 17:38:28','2021-02-25 17:38:28',NULL),(88,78,NULL,'INGRESO BASE',974530,'2021-02-25 17:46:47','2021-02-25 17:46:47',NULL),(89,79,NULL,'PENSION',828116,'2021-02-25 17:58:54','2021-02-25 17:58:54',NULL),(90,80,NULL,'PENSION',2188027,'2021-02-25 18:19:43','2021-02-25 18:19:43',NULL),(91,81,NULL,'INGRESO BASE',3919989,'2021-02-25 22:57:25','2021-02-25 22:57:25',NULL),(92,82,NULL,'INGRESO BASE',1256316,'2021-02-25 23:25:46','2021-02-25 23:25:46',NULL),(93,83,NULL,'INGRESO BASE',1896063,'2021-02-25 23:34:23','2021-02-25 23:34:23',NULL),(94,84,NULL,'INGRESO BASE',2067013,'2021-02-25 23:48:53','2021-02-25 23:48:53',NULL),(95,85,NULL,'PENSION',857717,'2021-02-25 23:53:17','2021-02-25 23:53:17',NULL),(96,86,NULL,'INGRESO BASE',2218240,'2021-02-25 23:59:13','2021-02-25 23:59:13',NULL),(97,87,NULL,'INGRESO BASE',2094157,'2021-02-26 00:07:49','2021-02-26 00:07:49',NULL),(98,88,NULL,'INGRESO BASE',3919989,'2021-02-26 00:13:53','2021-02-26 00:13:53',NULL),(99,89,NULL,'INGRESO BASE',2834135,'2021-02-26 00:21:13','2021-02-26 00:21:13',NULL),(100,90,NULL,'INGRESO BASE',3441918,'2021-02-26 00:28:50','2021-02-26 00:28:50',NULL),(101,91,NULL,'INGRESO BASE',2178323,'2021-02-26 00:33:11','2021-02-26 00:33:11',NULL),(102,92,NULL,'INGRESO BASE',3441918,'2021-02-26 00:37:25','2021-02-26 00:37:25',NULL),(103,93,NULL,'PENSION',2372736,'2021-03-01 11:26:40','2021-03-01 11:26:40',NULL),(104,94,NULL,'JUBILADO',1568126,'2021-03-01 12:59:22','2021-03-01 12:59:22',NULL),(105,95,NULL,'JUBILADO',2579241,'2021-03-01 14:41:09','2021-03-01 14:41:09',NULL),(106,96,NULL,'PATRULLERO',2338418,'2021-03-01 15:36:24','2021-03-01 15:36:24',NULL),(107,97,NULL,'PENSION',5602813,'2021-03-01 16:20:25','2021-03-01 16:20:25',NULL),(108,98,NULL,'JUBILADO',877803,'2021-03-01 16:48:52','2021-03-01 16:48:52',NULL),(109,99,NULL,'PENSION',2505001,'2021-03-01 17:04:59','2021-03-01 17:04:59',NULL),(110,100,NULL,'PENSION',3639847,'2021-03-01 19:12:29','2021-03-01 19:12:29',NULL),(111,101,NULL,'JUBILADO',913266,'2021-03-01 20:07:40','2021-03-01 20:07:40',NULL),(112,102,NULL,'INGRESO BASE',4387710,'2021-03-01 22:47:46','2021-03-01 22:47:46',NULL),(113,103,NULL,'INGRESO BASE',3886289,'2021-03-01 23:14:46','2021-03-01 23:14:46',NULL),(114,104,'1030536','JUBILADO',1030536,'2021-03-02 19:10:07','2021-03-02 19:10:07',NULL),(115,105,NULL,'PATRULLERO',2263389,'2021-03-02 19:25:44','2021-03-02 19:25:44',NULL),(116,106,NULL,'JUBILADO',954296,'2021-03-02 19:36:13','2021-03-02 19:36:13',NULL),(117,107,NULL,'DOCENTE',4244314,'2021-03-02 19:51:59','2021-03-02 19:51:59',NULL),(118,108,NULL,'JUBILADO',1977899,'2021-03-02 21:06:36','2021-03-02 21:06:36',NULL),(119,109,NULL,'JUBILADO',3285786,'2021-03-02 21:20:04','2021-03-02 21:20:04',NULL),(120,110,NULL,'JUBILADO',5150146,'2021-03-02 23:30:28','2021-03-02 23:30:28',NULL),(121,111,NULL,'MINDDEFENSA PENSIONADO',2656964,'2021-03-03 00:05:52','2021-03-03 00:05:52',NULL),(122,112,NULL,'PENSION',3221197,'2021-03-03 01:21:15','2021-03-03 01:21:15',NULL),(123,113,NULL,'JUBILADO',3684105,'2021-03-03 11:25:39','2021-03-03 11:25:39',NULL),(124,114,NULL,'JUBILADO',3184949,'2021-03-03 12:03:21','2021-03-03 12:03:21',NULL),(125,115,NULL,'JUBILADO',18774222,'2021-03-03 16:57:56','2021-03-03 16:57:56',NULL),(126,116,NULL,'PENSION',1907182,'2021-03-03 18:06:26','2021-03-03 18:06:26',NULL),(127,117,NULL,'JUBILADO',2861312,'2021-03-03 20:55:13','2021-03-03 20:55:13',NULL),(128,118,NULL,'JUBILADO',3180475,'2021-03-03 23:45:12','2021-03-03 23:45:12',NULL),(129,119,NULL,'PROVISIONAL VACANTE DEFINITIVA',1876584,'2021-03-04 19:22:49','2021-03-04 19:22:49',NULL),(130,120,NULL,'PENSION DE GRACIA',4413519,'2021-03-04 19:58:08','2021-03-04 19:58:08',NULL),(131,121,NULL,'DOCENTE',2720141,'2021-03-05 10:41:47','2021-03-05 10:41:47',NULL),(132,122,NULL,'PENSION',3199251,'2021-03-05 11:19:26','2021-03-05 11:19:26',NULL),(133,123,NULL,'DOCENTE',4244314,'2021-03-05 16:53:59','2021-03-05 16:53:59',NULL),(134,124,NULL,'PENSION',1453770,'2021-03-05 17:25:01','2021-03-05 17:25:01',NULL),(135,125,NULL,'PENSION',2834456,'2021-03-05 17:41:31','2021-03-05 17:41:31',NULL),(136,126,NULL,'DOCENTE',2478603,'2021-03-05 18:08:55','2021-03-05 18:08:55',NULL),(137,127,NULL,'PENSION DE INVALIDEZ',877803,'2021-03-05 18:31:41','2021-03-05 18:31:41',NULL),(138,128,NULL,'DOCENTE',4244314,'2021-03-05 20:33:42','2021-03-05 20:33:42',NULL),(139,129,NULL,'PENSION',2953646,'2021-03-05 20:55:47','2021-03-05 20:55:47',NULL),(140,130,NULL,'PENSION',3182004,'2021-03-05 21:15:41','2021-03-05 21:15:41',NULL),(141,131,NULL,'DOCENTE',2209467,'2021-03-09 08:25:43','2021-03-09 08:25:43',NULL),(142,132,NULL,'DOCENTE',4498961,'2021-03-09 08:42:27','2021-03-09 08:42:27',NULL),(143,133,NULL,'ADMINISTRATIVO',1620927,'2021-03-09 08:56:59','2021-03-09 08:56:59',NULL),(144,134,NULL,'PENSION',2073986,'2021-03-09 09:13:08','2021-03-09 09:13:08',NULL),(145,135,NULL,'PENSION',1510250,'2021-03-09 09:27:05','2021-03-09 09:27:05',NULL),(146,136,NULL,'DOCENTE',5415622,'2021-03-09 09:58:24','2021-03-09 09:58:24',NULL),(147,137,NULL,'DOCENTE',3726690,'2021-03-09 10:13:59','2021-03-09 10:13:59',NULL),(148,138,NULL,'PENSION',877803,'2021-03-09 10:31:56','2021-03-09 10:31:56',NULL),(149,139,NULL,'PENSION',953754,'2021-03-09 10:49:46','2021-03-09 10:49:46',NULL),(150,140,NULL,'DOCENTE',4244314,'2021-03-09 11:09:12','2021-03-09 11:09:12',NULL),(151,141,NULL,'PENSION',932649,'2021-03-10 00:38:13','2021-03-10 00:38:13',NULL),(152,142,NULL,'PENSION',877803,'2021-03-10 00:51:38','2021-03-10 00:51:38',NULL),(153,143,NULL,'DOCENTE',2887219,'2021-03-10 01:09:06','2021-03-10 01:09:06',NULL),(154,144,NULL,'MINDDEFENSA PENSIONADO',1757671,'2021-03-10 21:05:14','2021-03-10 21:05:14',NULL),(155,145,NULL,'PENSION',2449686,'2021-03-10 21:23:27','2021-03-10 21:23:27',NULL),(156,146,NULL,'PENSION',1983116,'2021-03-10 21:33:14','2021-03-10 21:33:14',NULL),(157,147,NULL,'PENSION',2000000,'2021-08-03 11:47:39','2021-08-03 11:47:39',NULL);
/*!40000 ALTER TABLE `ingresos_aplicados` ENABLE KEYS */;
UNLOCK TABLES;

--
-- Table structure for table `jobs`
--

DROP TABLE IF EXISTS `jobs`;
/*!40101 SET @saved_cs_client     = @@character_set_client */;
/*!50503 SET character_set_client = utf8mb4 */;
CREATE TABLE `jobs` (
  `id` bigint NOT NULL AUTO_INCREMENT,
  `queue` varchar(191) CHARACTER SET utf8mb4 COLLATE utf8mb4_unicode_ci NOT NULL,
  `payload` longtext CHARACTER SET utf8mb4 COLLATE utf8mb4_unicode_ci NOT NULL,
  `attempts` tinyint unsigned NOT NULL,
  `reserved_at` int unsigned DEFAULT NULL,
  `available_at` int unsigned NOT NULL,
  `created_at` int unsigned NOT NULL,
  PRIMARY KEY (`id`),
  KEY `jobs_queue_index` (`queue`)
) ENGINE=InnoDB DEFAULT CHARSET=utf8mb4 COLLATE=utf8mb4_unicode_ci;
/*!40101 SET character_set_client = @saved_cs_client */;

--
-- Dumping data for table `jobs`
--

LOCK TABLES `jobs` WRITE;
/*!40000 ALTER TABLE `jobs` DISABLE KEYS */;
/*!40000 ALTER TABLE `jobs` ENABLE KEYS */;
UNLOCK TABLES;

--
-- Table structure for table `mensajes_precaucion`
--

DROP TABLE IF EXISTS `mensajes_precaucion`;
/*!40101 SET @saved_cs_client     = @@character_set_client */;
/*!50503 SET character_set_client = utf8mb4 */;
CREATE TABLE `mensajes_precaucion` (
  `id` int NOT NULL AUTO_INCREMENT,
  `clientes_id` int NOT NULL,
  `tipo_mensaje` varchar(50) NOT NULL,
  `mensaje` varchar(200) NOT NULL,
  `periodo` int NOT NULL,
  `created_at` datetime NOT NULL,
  `updated_at` datetime NOT NULL,
  `deleted_at` datetime DEFAULT NULL,
  PRIMARY KEY (`id`),
  KEY `fk_clientes_mensajesprec` (`clientes_id`),
  CONSTRAINT `fk_clientes_mensajesprec` FOREIGN KEY (`clientes_id`) REFERENCES `clientes` (`id`)
) ENGINE=InnoDB DEFAULT CHARSET=latin1;
/*!40101 SET character_set_client = @saved_cs_client */;

--
-- Dumping data for table `mensajes_precaucion`
--

LOCK TABLES `mensajes_precaucion` WRITE;
/*!40000 ALTER TABLE `mensajes_precaucion` DISABLE KEYS */;
/*!40000 ALTER TABLE `mensajes_precaucion` ENABLE KEYS */;
UNLOCK TABLES;

--
-- Table structure for table `migrations`
--

DROP TABLE IF EXISTS `migrations`;
/*!40101 SET @saved_cs_client     = @@character_set_client */;
/*!50503 SET character_set_client = utf8mb4 */;
CREATE TABLE `migrations` (
  `id` int unsigned NOT NULL AUTO_INCREMENT,
  `migration` varchar(191) CHARACTER SET utf8mb4 COLLATE utf8mb4_unicode_ci NOT NULL,
  `batch` int NOT NULL,
  PRIMARY KEY (`id`)
) ENGINE=InnoDB AUTO_INCREMENT=86 DEFAULT CHARSET=utf8mb4 COLLATE=utf8mb4_unicode_ci;
/*!40101 SET character_set_client = @saved_cs_client */;

--
-- Dumping data for table `migrations`
--

LOCK TABLES `migrations` WRITE;
/*!40000 ALTER TABLE `migrations` DISABLE KEYS */;
INSERT INTO `migrations` VALUES (5,'2020_05_27_164428_create_jobs_table',1),(6,'2020_06_08_160823_create_failed_jobs_table',1),(7,'2020_06_16_155004_alter_table_planos_add_columns',2),(19,'2020_08_18_164824_create_carga_archivo_table',3),(21,'2020_09_11_144204_alter_table_tipos_clientes_add',4),(40,'2020_09_15_095448_alter_table_condicionestr_add_columns',5),(41,'2020_09_15_100016_alter_table_condicionesaf_add_columns',5),(42,'2020_09_21_111915_create_table_factores_x_millon_kredit',5),(43,'2020_10_02_094334_alter_table_clientes_addcolumn_docente',6),(44,'2020_10_09_161942_create_table_factores_x_millon_gnb',6),(45,'2020_10_14_154833_alter_table_registros_financieros_add_columns',7),(46,'2020_10_14_162512_alter_table_clientes_add_columns',7),(47,'2020_10_14_163423_alter_pagadurias_add_columns',7),(48,'2020_12_15_145806_alter_embargos_alter_column_fechaembargo',8),(49,'2021_02_16_144232_alter_table_centrales_change_column_null',9),(50,'2021_02_22_145526_alter_table_carteras_change_null',10),(65,'2021_05_05_175623_alter_table_users_add_columns',11),(66,'2021_05_05_175726_create_table_consultas',11),(82,'2021_06_25_084729_alter_table_users_add_privilegios_ami',12),(83,'2021_07_27_163929_alter_table_rename_docente_column',12),(84,'2021_07_29_170603_create_table_datos_historicos',12),(85,'2021_07_30_173922_alter_table_consultas_add_registro_financiero_column',13);
/*!40000 ALTER TABLE `migrations` ENABLE KEYS */;
UNLOCK TABLES;

--
-- Table structure for table `motivosembargos`
--

DROP TABLE IF EXISTS `motivosembargos`;
/*!40101 SET @saved_cs_client     = @@character_set_client */;
/*!50503 SET character_set_client = utf8mb4 */;
CREATE TABLE `motivosembargos` (
  `id` int NOT NULL AUTO_INCREMENT,
  `motivo` varchar(100) NOT NULL,
  `created_at` datetime NOT NULL,
  `updated_at` datetime NOT NULL,
  `deleted_at` datetime DEFAULT NULL,
  PRIMARY KEY (`id`)
) ENGINE=InnoDB AUTO_INCREMENT=5 DEFAULT CHARSET=latin1;
/*!40101 SET character_set_client = @saved_cs_client */;

--
-- Dumping data for table `motivosembargos`
--

LOCK TABLES `motivosembargos` WRITE;
/*!40000 ALTER TABLE `motivosembargos` DISABLE KEYS */;
INSERT INTO `motivosembargos` VALUES (1,'EJECUTIVO	','2019-11-21 11:46:57','2019-11-21 11:46:57',NULL),(2,'COACTIVO	','2019-11-21 12:33:41','2019-11-21 12:33:41',NULL),(3,'ALIMENTOS	','2019-11-21 12:33:42','2019-11-21 12:33:42',NULL),(4,'GENERAL REPORTE EN FOPEP','2020-12-17 09:29:32','2020-12-17 09:29:32',NULL);
/*!40000 ALTER TABLE `motivosembargos` ENABLE KEYS */;
UNLOCK TABLES;

--
-- Table structure for table `observaciones`
--

DROP TABLE IF EXISTS `observaciones`;
/*!40101 SET @saved_cs_client     = @@character_set_client */;
/*!50503 SET character_set_client = utf8mb4 */;
CREATE TABLE `observaciones` (
  `id` int NOT NULL AUTO_INCREMENT,
  `estudios_id` int NOT NULL,
  `users_id` int unsigned NOT NULL,
  `observacion` text NOT NULL,
  `created_at` datetime NOT NULL,
  `updated_at` datetime NOT NULL,
  `deleted_at` datetime DEFAULT NULL,
  PRIMARY KEY (`id`),
  KEY `fk_estudiostr_observaciones` (`estudios_id`),
  KEY `fk_users_observaciones` (`users_id`),
  CONSTRAINT `fk_estudiostr_observaciones` FOREIGN KEY (`estudios_id`) REFERENCES `estudiostr` (`id`),
  CONSTRAINT `fk_users_observaciones` FOREIGN KEY (`users_id`) REFERENCES `users` (`id`)
) ENGINE=InnoDB DEFAULT CHARSET=latin1;
/*!40101 SET character_set_client = @saved_cs_client */;

--
-- Dumping data for table `observaciones`
--

LOCK TABLES `observaciones` WRITE;
/*!40000 ALTER TABLE `observaciones` DISABLE KEYS */;
/*!40000 ALTER TABLE `observaciones` ENABLE KEYS */;
UNLOCK TABLES;

--
-- Table structure for table `oficinas`
--

DROP TABLE IF EXISTS `oficinas`;
/*!40101 SET @saved_cs_client     = @@character_set_client */;
/*!50503 SET character_set_client = utf8mb4 */;
CREATE TABLE `oficinas` (
  `id` int NOT NULL AUTO_INCREMENT,
  `ciudades_id` int DEFAULT NULL,
  `oficina` varchar(100) NOT NULL,
  `created_at` datetime NOT NULL,
  `updated_at` datetime NOT NULL,
  `deleted_at` datetime DEFAULT NULL,
  PRIMARY KEY (`id`),
  KEY `fk_ciudades_oficinas` (`ciudades_id`),
  CONSTRAINT `fk_ciudades_oficinas` FOREIGN KEY (`ciudades_id`) REFERENCES `ciudades` (`id`) ON DELETE SET NULL ON UPDATE SET NULL
) ENGINE=InnoDB AUTO_INCREMENT=2 DEFAULT CHARSET=latin1;
/*!40101 SET character_set_client = @saved_cs_client */;

--
-- Dumping data for table `oficinas`
--

LOCK TABLES `oficinas` WRITE;
/*!40000 ALTER TABLE `oficinas` DISABLE KEYS */;
INSERT INTO `oficinas` VALUES (1,1,'CENTRO','2019-04-23 11:28:50','2019-05-02 13:37:06',NULL);
/*!40000 ALTER TABLE `oficinas` ENABLE KEYS */;
UNLOCK TABLES;

--
-- Table structure for table `pagadurias`
--

DROP TABLE IF EXISTS `pagadurias`;
/*!40101 SET @saved_cs_client     = @@character_set_client */;
/*!50503 SET character_set_client = utf8mb4 */;
CREATE TABLE `pagadurias` (
  `id` int NOT NULL AUTO_INCREMENT,
  `nit` char(20) DEFAULT NULL,
  `codigo` varchar(100) NOT NULL,
  `pagaduria` varchar(100) NOT NULL,
  `de_pensiones` int NOT NULL DEFAULT '0',
  `created_at` datetime NOT NULL,
  `updated_at` datetime NOT NULL,
  `deleted_at` datetime DEFAULT NULL,
  PRIMARY KEY (`id`)
) ENGINE=InnoDB AUTO_INCREMENT=29 DEFAULT CHARSET=latin1;
/*!40101 SET character_set_client = @saved_cs_client */;

--
-- Dumping data for table `pagadurias`
--

LOCK TABLES `pagadurias` WRITE;
/*!40000 ALTER TABLE `pagadurias` DISABLE KEYS */;
INSERT INTO `pagadurias` VALUES (1,NULL,'FOPEP','FOPEP',1,'0000-00-00 00:00:00','0000-00-00 00:00:00',NULL),(2,NULL,'FIDUPREVISORA','FIDUPREVISORA',1,'0000-00-00 00:00:00','0000-00-00 00:00:00',NULL),(3,'890590841-3','SEM_CALI','SEM SANTIAGO DE CALI',0,'0000-00-00 00:00:00','2020-10-14 18:24:05',NULL),(4,NULL,'SEM_JAMUNDI','SEM JAMUNDI',0,'0000-00-00 00:00:00','0000-00-00 00:00:00',NULL),(5,NULL,'SEM_BUGA','SEM BUGA',0,'0000-00-00 00:00:00','0000-00-00 00:00:00',NULL),(6,'891580006-4','SEM_POPAYAN','SEM POPAYAN',0,'0000-00-00 00:00:00','2020-11-24 20:16:10',NULL),(7,NULL,'SED_VALLE','SED VALLE',0,'0000-00-00 00:00:00','0000-00-00 00:00:00',NULL),(8,NULL,'SED_NARIÑO','SED NARIÑO',0,'0000-00-00 00:00:00','0000-00-00 00:00:00',NULL),(9,'890399029-5','SED_CAUCA','SED CAUCA',0,'0000-00-00 00:00:00','2020-11-24 20:16:11',NULL),(10,NULL,'SED_TOLIMA','SED TOLIMA',0,'0000-00-00 00:00:00','0000-00-00 00:00:00',NULL),(11,NULL,'SEM_PASTO','SEM PASTO',0,'0000-00-00 00:00:00','0000-00-00 00:00:00',NULL),(13,NULL,'COLPENSIONES','COLPENSIONES',1,'0000-00-00 00:00:00','0000-00-00 00:00:00',NULL),(14,NULL,'COLFONDOS','COLFONDOS',1,'0000-00-00 00:00:00','0000-00-00 00:00:00',NULL),(15,NULL,'CASUR','CASUR',1,'0000-00-00 00:00:00','0000-00-00 00:00:00',NULL),(16,NULL,'CAGEN','CAGEN',1,'0000-00-00 00:00:00','0000-00-00 00:00:00',NULL),(17,NULL,'TEGEN','TEGEN',1,'0000-00-00 00:00:00','0000-00-00 00:00:00',NULL),(18,NULL,'ARMADA','ARMADA',1,'0000-00-00 00:00:00','0000-00-00 00:00:00',NULL),(19,NULL,'MINDEFENSA','MINDEFENSA',1,'0000-00-00 00:00:00','0000-00-00 00:00:00',NULL),(20,NULL,'SEM_YUMBO','SEM YUMBO',0,'0000-00-00 00:00:00','0000-00-00 00:00:00',NULL),(21,NULL,'SEM_TUMACO','SEM TUMACO',0,'0000-00-00 00:00:00','0000-00-00 00:00:00',NULL),(22,NULL,'SEM_TULUA','SEM TULUA',0,'0000-00-00 00:00:00','0000-00-00 00:00:00',NULL),(23,NULL,'SEM_CARTAGO','SEM CARTAGO',0,'0000-00-00 00:00:00','0000-00-00 00:00:00',NULL),(24,'891680010-3','SED_CHOCO','SED CHOCO',0,'2020-07-28 15:27:06','2020-11-19 10:31:01',NULL),(25,'891680011-0','SEM_QUIBDO','SEM QUIBDO',0,'2020-07-28 15:27:18','2020-11-24 19:32:55',NULL),(26,NULL,'CREMIL','CREMIL',0,'2021-02-04 17:31:43','2021-02-04 17:31:43',NULL),(27,NULL,'POLICIA_NAL','POLICIA NAL',0,'2021-03-01 15:28:09','2021-03-01 15:28:09',NULL),(28,NULL,'ALCALDIA_CALI','ALCALDIA CALI',0,'2021-03-05 17:21:40','2021-03-05 17:21:40',NULL);
/*!40000 ALTER TABLE `pagadurias` ENABLE KEYS */;
UNLOCK TABLES;

--
-- Table structure for table `parametros`
--

DROP TABLE IF EXISTS `parametros`;
/*!40101 SET @saved_cs_client     = @@character_set_client */;
/*!50503 SET character_set_client = utf8mb4 */;
CREATE TABLE `parametros` (
  `id` int NOT NULL AUTO_INCREMENT,
  `llave` varchar(100) NOT NULL,
  `valor` varchar(100) NOT NULL,
  `created_at` datetime NOT NULL,
  `updated_at` datetime NOT NULL,
  `deleted_at` datetime DEFAULT NULL,
  PRIMARY KEY (`id`)
) ENGINE=InnoDB AUTO_INCREMENT=26 DEFAULT CHARSET=latin1;
/*!40101 SET character_set_client = @saved_cs_client */;

--
-- Dumping data for table `parametros`
--

LOCK TABLES `parametros` WRITE;
/*!40000 ALTER TABLE `parametros` DISABLE KEYS */;
INSERT INTO `parametros` VALUES (1,'SMLV','908526','0000-00-00 00:00:00','2019-04-22 17:49:45',NULL),(2,'IVA','19','0000-00-00 00:00:00','0000-00-00 00:00:00',NULL),(3,'COSTO_SERVICIOS','18000','0000-00-00 00:00:00','0000-00-00 00:00:00',NULL),(4,'TASA_CK','28','0000-00-00 00:00:00','0000-00-00 00:00:00',NULL),(5,'GMF','0.004','0000-00-00 00:00:00','0000-00-00 00:00:00',NULL),(6,'COSTOS_JURIDICOS','828116','0000-00-00 00:00:00','0000-00-00 00:00:00',NULL),(7,'SEGURO_EXTRAPRIMA','0','0000-00-00 00:00:00','0000-00-00 00:00:00',NULL),(8,'COSTOS','9','0000-00-00 00:00:00','0000-00-00 00:00:00',NULL),(9,'APORTES_PENSIONADOS','0.12','0000-00-00 00:00:00','0000-00-00 00:00:00',NULL),(10,'APORTES_ACTIVOS','0.08','0000-00-00 00:00:00','0000-00-00 00:00:00',NULL),(11,'TASA','1.6','0000-00-00 00:00:00','0000-00-00 00:00:00',NULL),(12,'ANTICIPO','10','0000-00-00 00:00:00','0000-00-00 00:00:00',NULL),(13,'TASA_ALIADO','1.6','0000-00-00 00:00:00','0000-00-00 00:00:00',NULL),(14,'SEGURO_P_X_MILLON','2500','0000-00-00 00:00:00','0000-00-00 00:00:00',NULL),(15,'CK_COMERCIALIZADORA_INT_ANTICIPADOS','2.000','0000-00-00 00:00:00','0000-00-00 00:00:00',NULL),(16,'KREDIT_INT_ANTICIPADOS','3.93','0000-00-00 00:00:00','0000-00-00 00:00:00',NULL),(21,'EDADMAX_ADMIN_H','62','0000-00-00 00:00:00','0000-00-00 00:00:00',NULL),(22,'EDADMAX_ADMIN_M','57','0000-00-00 00:00:00','0000-00-00 00:00:00',NULL),(23,'EDADMAX_DOCENTES','65','0000-00-00 00:00:00','0000-00-00 00:00:00',NULL),(24,'EDADMAX_PENSIONADOS','75','0000-00-00 00:00:00','0000-00-00 00:00:00',NULL),(25,'CUPOMAX_VACANTEDEF','55000000','0000-00-00 00:00:00','0000-00-00 00:00:00',NULL);
/*!40000 ALTER TABLE `parametros` ENABLE KEYS */;
UNLOCK TABLES;

--
-- Table structure for table `password_resets`
--

DROP TABLE IF EXISTS `password_resets`;
/*!40101 SET @saved_cs_client     = @@character_set_client */;
/*!50503 SET character_set_client = utf8mb4 */;
CREATE TABLE `password_resets` (
  `email` varchar(191) CHARACTER SET utf8mb4 COLLATE utf8mb4_unicode_ci NOT NULL,
  `token` varchar(191) CHARACTER SET utf8mb4 COLLATE utf8mb4_unicode_ci NOT NULL,
  `created_at` timestamp NULL DEFAULT NULL,
  KEY `password_resets_email_index` (`email`)
) ENGINE=InnoDB DEFAULT CHARSET=utf8mb4 COLLATE=utf8mb4_unicode_ci;
/*!40101 SET character_set_client = @saved_cs_client */;

--
-- Dumping data for table `password_resets`
--

LOCK TABLES `password_resets` WRITE;
/*!40000 ALTER TABLE `password_resets` DISABLE KEYS */;
/*!40000 ALTER TABLE `password_resets` ENABLE KEYS */;
UNLOCK TABLES;

--
-- Table structure for table `planos`
--

DROP TABLE IF EXISTS `planos`;
/*!40101 SET @saved_cs_client     = @@character_set_client */;
/*!50503 SET character_set_client = utf8mb4 */;
CREATE TABLE `planos` (
  `id` int NOT NULL AUTO_INCREMENT,
  `pagadurias_id` int NOT NULL,
  `plano` longtext NOT NULL,
  `tipo` char(3) NOT NULL,
  `created_at` datetime NOT NULL,
  `errors` longtext,
  `cont_procesos` bigint NOT NULL DEFAULT '0',
  `updated_at` datetime NOT NULL,
  `deleted_at` datetime DEFAULT NULL,
  PRIMARY KEY (`id`),
  KEY `fk_planos_pagaduras` (`pagadurias_id`),
  CONSTRAINT `fk_planos_pagaduras` FOREIGN KEY (`pagadurias_id`) REFERENCES `pagadurias` (`id`) ON DELETE CASCADE ON UPDATE CASCADE
) ENGINE=InnoDB DEFAULT CHARSET=latin1;
/*!40101 SET character_set_client = @saved_cs_client */;

--
-- Dumping data for table `planos`
--

LOCK TABLES `planos` WRITE;
/*!40000 ALTER TABLE `planos` DISABLE KEYS */;
/*!40000 ALTER TABLE `planos` ENABLE KEYS */;
UNLOCK TABLES;

--
-- Table structure for table `registros_financieros`
--

DROP TABLE IF EXISTS `registros_financieros`;
/*!40101 SET @saved_cs_client     = @@character_set_client */;
/*!50503 SET character_set_client = utf8mb4 */;
CREATE TABLE `registros_financieros` (
  `id` int NOT NULL AUTO_INCREMENT,
  `clientes_id` int NOT NULL,
  `pagadurias_id` int NOT NULL,
  `periodo` int NOT NULL,
  `egresos_totales` int unsigned DEFAULT NULL,
  `ingresos_totales` int unsigned DEFAULT NULL,
  `dias_laborados` int unsigned DEFAULT NULL,
  `created_at` datetime NOT NULL,
  `updated_at` datetime NOT NULL,
  `deleted_at` datetime DEFAULT NULL,
  PRIMARY KEY (`id`),
  KEY `fk_pagadurias_registros` (`pagadurias_id`),
  KEY `fk_clientes_registros` (`clientes_id`)
) ENGINE=InnoDB AUTO_INCREMENT=148 DEFAULT CHARSET=latin1;
/*!40101 SET character_set_client = @saved_cs_client */;

--
-- Dumping data for table `registros_financieros`
--

LOCK TABLES `registros_financieros` WRITE;
/*!40000 ALTER TABLE `registros_financieros` DISABLE KEYS */;
INSERT INTO `registros_financieros` VALUES (1,1,5,202101,240000,3280000,NULL,'2021-02-09 15:45:36','2021-02-09 15:45:36',NULL),(2,2,19,0,96280,2406991,NULL,'2021-02-10 21:23:00','2021-02-20 00:55:53',NULL),(3,3,1,201804,410566,781242,NULL,'2021-02-11 09:22:33','2021-02-11 09:22:33',NULL),(4,4,9,20131,2842947,3641927,NULL,'2021-02-15 20:49:14','2021-02-15 20:49:14',NULL),(5,5,7,20199,2633996,3919989,NULL,'2021-02-15 21:01:26','2021-02-22 17:38:09',NULL),(6,6,7,201910,692911,2067013,NULL,'2021-02-15 21:10:29','2021-02-15 21:10:29',NULL),(7,7,13,201911,456669,828116,NULL,'2021-02-15 21:19:11','2021-02-15 21:19:11',NULL),(8,8,13,20206,92733,923478,NULL,'2021-02-15 22:32:48','2021-02-15 22:32:48',NULL),(9,9,2,20205,1628511,2924875,NULL,'2021-02-15 23:03:05','2021-02-15 23:03:05',NULL),(10,10,3,20206,1864338,2577817,NULL,'2021-02-16 22:11:33','2021-02-16 22:11:33',NULL),(11,11,13,20205,2577567,4617133,NULL,'2021-02-16 23:03:50','2021-02-16 23:03:50',NULL),(12,12,7,20206,1084378,1876584,NULL,'2021-02-16 23:11:46','2021-02-16 23:11:46',NULL),(13,13,7,20206,2498223,3726690,NULL,'2021-02-16 23:19:42','2021-02-16 23:19:42',NULL),(14,14,7,20206,234067,2201378,NULL,'2021-02-16 23:26:21','2021-02-16 23:26:21',NULL),(15,15,13,20208,466975,877803,NULL,'2021-02-16 23:34:40','2021-02-16 23:34:40',NULL),(16,16,7,20206,1065662,2209679,NULL,'2021-02-16 23:47:43','2021-02-16 23:47:43',NULL),(17,17,13,20207,1419472,2949780,NULL,'2021-02-16 23:58:27','2021-02-16 23:58:27',NULL),(18,18,1,20205,564756,1087556,NULL,'2021-02-17 00:08:51','2021-02-17 00:08:51',NULL),(19,19,7,20207,1479789,2478603,NULL,'2021-02-17 00:27:24','2021-02-17 00:27:24',NULL),(20,20,7,20206,1850848,2887219,NULL,'2021-02-17 00:35:31','2021-02-17 00:35:31',NULL),(21,21,26,20211,896732,1849759,NULL,'2021-02-17 22:38:06','2021-02-17 22:38:06',NULL),(22,22,15,202012,1514793,3026576,NULL,'2021-02-17 23:18:51','2021-02-17 23:18:51',NULL),(23,23,15,20206,1541576,3099504,NULL,'2021-02-17 23:27:32','2021-02-17 23:27:32',NULL),(24,24,2,201911,1252918,2297454,NULL,'2021-02-17 23:40:54','2021-02-17 23:40:54',NULL),(25,25,1,202011,1305411,2451391,NULL,'2021-02-17 23:48:07','2021-02-17 23:48:07',NULL),(26,26,1,202010,1023717,1865680,NULL,'2021-02-18 00:02:13','2021-02-18 00:02:13',NULL),(27,27,1,202010,2358152,4214351,NULL,'2021-02-18 00:24:11','2021-02-18 00:24:11',NULL),(28,28,13,202010,3740692,6687031,NULL,'2021-02-18 00:42:05','2021-02-18 00:42:05',NULL),(29,29,13,20209,1033031,1880253,NULL,'2021-02-18 00:52:26','2021-02-18 00:52:26',NULL),(30,30,13,20208,2964445,5300960,NULL,'2021-02-18 01:01:19','2021-02-18 01:01:19',NULL),(31,31,19,20209,1120104,2383278,NULL,'2021-02-18 22:05:42','2021-02-18 22:05:42',NULL),(32,32,13,202010,1404119,25111887,NULL,'2021-02-18 22:15:25','2021-02-18 22:15:25',NULL),(33,33,19,202010,1582239,2875658,NULL,'2021-02-18 22:21:34','2021-02-18 22:21:34',NULL),(34,34,26,202010,1559801,3154504,NULL,'2021-02-18 22:27:13','2021-02-18 22:27:13',NULL),(35,35,13,20208,662140,1279176,NULL,'2021-02-18 22:32:58','2021-02-18 22:32:58',NULL),(36,36,13,20211,1591298,2844664,NULL,'2021-02-18 22:40:35','2021-02-18 22:40:35',NULL),(37,37,16,202010,412566,877803,NULL,'2021-02-18 22:47:45','2021-02-18 22:47:45',NULL),(38,38,2,202011,535113,1023347,NULL,'2021-02-18 22:54:57','2021-02-18 22:54:57',NULL),(39,39,7,20207,2442137,3801619,NULL,'2021-02-18 23:30:25','2021-02-18 23:30:25',NULL),(40,40,1,202011,470613,877803,NULL,'2021-02-18 23:36:50','2021-02-18 23:36:50',NULL),(41,41,13,202011,472779,877803,NULL,'2021-02-18 23:43:51','2021-02-18 23:43:51',NULL),(42,42,1,20209,444291,877803,NULL,'2021-02-18 23:54:58','2021-02-18 23:54:58',NULL),(43,43,2,20208,2160394,3894878,NULL,'2021-02-19 00:17:09','2021-02-19 00:17:09',NULL),(44,44,13,20208,1564263,2898591,NULL,'2021-02-19 00:28:01','2021-02-19 00:28:01',NULL),(45,45,16,20209,1354168,2941760,NULL,'2021-02-19 19:01:37','2021-02-19 19:01:37',NULL),(46,46,15,202011,908301,2204748,NULL,'2021-02-19 19:13:22','2021-02-19 19:13:22',NULL),(47,47,19,20209,1377771,3430705,NULL,'2021-02-19 19:30:34','2021-02-19 19:30:34',NULL),(48,48,2,20209,1449267,2600058,NULL,'2021-02-19 21:33:51','2021-02-19 21:33:51',NULL),(49,49,13,20209,4212301,7763637,NULL,'2021-02-19 21:57:21','2021-02-19 21:57:21',NULL),(50,50,19,20209,1179712,2913855,NULL,'2021-02-19 22:05:23','2021-02-19 22:05:23',NULL),(51,51,1,20208,1391578,2500938,NULL,'2021-02-19 22:17:12','2021-02-19 22:17:12',NULL),(52,52,13,20209,340952,983446,NULL,'2021-02-19 22:33:55','2021-02-19 22:33:55',NULL),(53,53,15,20209,500642,1953400,NULL,'2021-02-19 23:01:02','2021-02-19 23:01:02',NULL),(54,54,9,20209,2549180,4244314,NULL,'2021-02-20 00:08:39','2021-02-20 00:08:39',NULL),(55,55,1,20208,1505076,2851520,NULL,'2021-02-20 00:17:21','2021-02-20 00:17:21',NULL),(56,56,1,20211,1076927,1949394,NULL,'2021-02-20 00:23:56','2021-02-20 00:23:56',NULL),(57,57,19,20211,77141,1542810,NULL,'2021-02-20 00:50:22','2021-02-20 00:50:22',NULL),(58,58,1,20208,1386124,2483317,NULL,'2021-02-20 01:04:23','2021-02-20 01:04:23',NULL),(59,59,13,202010,1547248,3169013,NULL,'2021-02-22 20:23:00','2021-02-22 20:23:00',NULL),(60,60,13,202010,470402,877803,NULL,'2021-02-22 21:59:26','2021-02-22 21:59:26',NULL),(61,61,9,202010,1572728,2209679,NULL,'2021-02-22 23:25:19','2021-02-22 23:25:19',NULL),(62,62,7,202009,959702,2209679,NULL,'2021-02-22 23:48:19','2021-02-22 23:48:19',NULL),(63,63,13,202011,4343995,7773340,NULL,'2021-02-22 23:59:57','2021-02-22 23:59:57',NULL),(64,64,19,202008,1589689,3351638,NULL,'2021-02-23 00:19:00','2021-02-23 00:19:00',NULL),(65,65,13,202101,464735,908526,NULL,'2021-02-23 00:41:48','2021-02-23 00:41:48',NULL),(66,66,3,202009,1721116,4244314,NULL,'2021-02-23 22:32:52','2021-02-23 22:32:52',NULL),(67,67,15,202012,1323773,2547711,NULL,'2021-02-23 23:45:22','2021-02-23 23:45:22',NULL),(68,68,13,202009,464551,882057,NULL,'2021-02-23 23:57:58','2021-02-23 23:57:58',NULL),(69,69,1,202010,1801119,3343850,NULL,'2021-02-24 00:12:23','2021-02-24 00:12:23',NULL),(70,70,15,202010,1153766,2505000,NULL,'2021-02-24 11:20:02','2021-02-24 11:20:02',NULL),(71,71,19,202011,757673,1635742,NULL,'2021-02-24 18:51:01','2021-02-24 18:51:01',NULL),(72,72,19,202012,449388,1937737,NULL,'2021-02-24 19:38:29','2021-02-24 19:38:29',NULL),(73,73,13,202011,689225,1267802,NULL,'2021-02-24 20:50:19','2021-02-24 20:50:19',NULL),(74,74,7,202006,931533,2209679,NULL,'2021-02-25 16:27:18','2021-02-25 16:27:18',NULL),(75,75,7,201809,1920358,3486342,NULL,'2021-02-25 16:36:20','2021-02-25 16:36:20',NULL),(76,76,6,201809,572340,2146094,NULL,'2021-02-25 17:08:48','2021-02-25 17:08:48',NULL),(77,77,13,201812,1039523,1902356,NULL,'2021-02-25 17:38:28','2021-02-25 17:38:28',NULL),(78,78,1,201901,529991,974530,NULL,'2021-02-25 17:46:47','2021-02-25 17:46:47',NULL),(79,79,13,201901,421572,828116,NULL,'2021-02-25 17:58:54','2021-02-25 17:58:54',NULL),(80,80,2,201906,1225295,2188027,NULL,'2021-02-25 18:19:43','2021-02-25 18:19:43',NULL),(81,81,7,201906,2117291,3919989,NULL,'2021-02-25 22:57:25','2021-02-25 22:57:25',NULL),(82,82,2,201907,697891,1256316,NULL,'2021-02-25 23:25:46','2021-02-25 23:25:46',NULL),(83,83,7,201905,856901,1896063,NULL,'2021-02-25 23:34:23','2021-02-25 23:34:23',NULL),(84,84,7,201907,1230281,2067013,NULL,'2021-02-25 23:48:53','2021-02-25 23:48:53',NULL),(85,85,1,201910,480284,857717,NULL,'2021-02-25 23:53:17','2021-02-25 23:53:17',NULL),(86,86,7,201911,1183730,2218240,NULL,'2021-02-25 23:59:13','2021-02-25 23:59:13',NULL),(87,87,7,201911,581384,2094157,NULL,'2021-02-26 00:07:49','2021-02-26 00:07:49',NULL),(88,88,7,201910,3161668,3919989,NULL,'2021-02-26 00:13:53','2021-02-26 00:13:53',NULL),(89,89,7,201909,1282616,2834135,NULL,'2021-02-26 00:21:13','2021-02-26 00:21:13',NULL),(90,90,7,201910,2587146,3441918,NULL,'2021-02-26 00:28:50','2021-02-26 00:28:50',NULL),(91,91,13,202001,1182999,2178323,NULL,'2021-02-26 00:33:11','2021-02-26 00:33:11',NULL),(92,92,7,201909,1854551,3441918,NULL,'2021-02-26 00:37:25','2021-02-26 00:37:25',NULL),(93,93,15,202008,1091656,2372736,NULL,'2021-03-01 11:26:40','2021-03-01 11:26:40',NULL),(94,94,2,202101,179239,1568126,NULL,'2021-03-01 12:59:22','2021-03-01 12:59:22',NULL),(95,95,2,202101,1132752,2579241,NULL,'2021-03-01 14:41:09','2021-03-01 14:41:09',NULL),(96,96,27,202012,719454,2338418,NULL,'2021-03-01 15:36:24','2021-03-01 15:36:24',NULL),(97,97,13,202009,2465207,5602813,NULL,'2021-03-01 16:20:25','2021-03-01 16:20:25',NULL),(98,98,13,202012,395694,877803,NULL,'2021-03-01 16:48:52','2021-03-01 16:48:52',NULL),(99,99,15,202007,1044661,2505001,NULL,'2021-03-01 17:04:59','2021-03-01 17:04:59',NULL),(100,100,13,202009,1426900,3639847,NULL,'2021-03-01 19:12:29','2021-03-01 19:12:29',NULL),(101,101,13,202011,398943,913266,NULL,'2021-03-01 20:07:40','2021-03-01 20:07:40',NULL),(102,102,3,202009,2029539,4387710,NULL,'2021-03-01 22:47:46','2021-03-01 22:47:46',NULL),(103,103,2,202010,2168355,3886289,NULL,'2021-03-01 23:14:46','2021-03-01 23:14:46',NULL),(104,104,16,202009,416787,1030536,NULL,'2021-03-02 19:10:07','2021-03-02 19:10:07',NULL),(105,105,27,202010,882626,2263389,NULL,'2021-03-02 19:25:44','2021-03-02 19:25:44',NULL),(106,106,13,202009,313888,954296,NULL,'2021-03-02 19:36:13','2021-03-02 19:36:13',NULL),(107,107,5,202007,1565307,4244314,NULL,'2021-03-02 19:51:59','2021-03-02 19:51:59',NULL),(108,108,15,202010,866025,1977899,NULL,'2021-03-02 21:06:36','2021-03-02 21:06:36',NULL),(109,109,13,202009,1433819,3285786,NULL,'2021-03-02 21:20:04','2021-03-02 21:20:04',NULL),(110,110,13,202012,2256594,5150146,NULL,'2021-03-02 23:30:28','2021-03-02 23:30:28',NULL),(111,111,19,202010,1243327,2656964,NULL,'2021-03-03 00:05:52','2021-03-03 00:05:52',NULL),(112,112,2,202005,1306877,3221197,NULL,'2021-03-03 01:21:15','2021-03-03 01:21:15',NULL),(113,113,13,202009,1551250,3684105,NULL,'2021-03-03 11:25:39','2021-03-03 11:25:39',NULL),(114,114,15,202011,1399437,3184949,NULL,'2021-03-03 12:03:21','2021-03-03 12:03:21',NULL),(115,115,1,202008,4495000,18774222,NULL,'2021-03-03 16:57:56','2021-03-03 16:57:56',NULL),(116,116,15,202011,703444,1907182,NULL,'2021-03-03 18:06:26','2021-03-03 18:06:26',NULL),(117,117,2,202010,1208035,2861312,NULL,'2021-03-03 20:55:13','2021-03-03 20:55:13',NULL),(118,118,2,202006,1379276,3180475,NULL,'2021-03-03 23:45:12','2021-03-03 23:45:12',NULL),(119,119,7,202006,638002,1876584,NULL,'2021-03-04 19:22:49','2021-03-04 19:22:49',NULL),(120,120,13,202003,1810398,4413519,NULL,'2021-03-04 19:58:08','2021-03-04 19:58:08',NULL),(121,121,7,202006,2625007,2720141,NULL,'2021-03-05 10:41:47','2021-03-05 10:41:47',NULL),(122,122,2,202006,1262126,3199251,NULL,'2021-03-05 11:19:26','2021-03-05 11:19:26',NULL),(123,123,25,202008,1775003,4244314,NULL,'2021-03-05 16:53:59','2021-03-05 16:53:59',NULL),(124,124,1,202006,1232298,1453770,NULL,'2021-03-05 17:25:01','2021-03-05 17:25:01',NULL),(125,125,26,202006,1182321,2834456,NULL,'2021-03-05 17:41:31','2021-03-05 17:41:31',NULL),(126,126,5,202006,1338466,2478603,NULL,'2021-03-05 18:08:55','2021-03-05 18:08:55',NULL),(127,127,1,202006,396751,877803,NULL,'2021-03-05 18:31:41','2021-03-05 18:31:41',NULL),(128,128,4,202006,3101000,4244314,NULL,'2021-03-05 20:33:42','2021-03-05 20:33:42',NULL),(129,129,15,202007,1375000,2953646,NULL,'2021-03-05 20:55:47','2021-03-05 20:55:47',NULL),(130,130,2,202008,1391703,3182004,NULL,'2021-03-05 21:15:41','2021-03-05 21:15:41',NULL),(131,131,7,202007,1092257,2209467,NULL,'2021-03-09 08:25:43','2021-03-09 08:25:43',NULL),(132,132,10,202007,1463200,4498961,NULL,'2021-03-09 08:42:27','2021-03-09 08:42:27',NULL),(133,133,5,202007,1404966,1620927,NULL,'2021-03-09 08:56:59','2021-03-09 08:56:59',NULL),(134,134,15,202007,771421,2073986,NULL,'2021-03-09 09:13:08','2021-03-09 09:13:08',NULL),(135,135,1,202007,369689,1510250,NULL,'2021-03-09 09:27:05','2021-03-09 09:27:05',NULL),(136,136,3,202007,3625662,5415622,NULL,'2021-03-09 09:58:24','2021-03-09 09:58:24',NULL),(137,137,9,202007,2157826,3726690,NULL,'2021-03-09 10:13:59','2021-03-09 10:13:59',NULL),(138,138,1,202007,361000,877803,NULL,'2021-03-09 10:31:56','2021-03-09 10:31:56',NULL),(139,139,13,202007,403581,953754,NULL,'2021-03-09 10:49:46','2021-03-09 10:49:46',NULL),(140,140,7,202007,1740664,4244314,NULL,'2021-03-09 11:09:12','2021-03-09 11:09:12',NULL),(141,141,1,202007,392780,932649,NULL,'2021-03-10 00:38:13','2021-03-10 00:38:13',NULL),(142,142,13,202005,357337,877803,NULL,'2021-03-10 00:51:38','2021-03-10 00:51:38',NULL),(143,143,5,202007,1235822,2887219,NULL,'2021-03-10 01:09:05','2021-03-10 01:09:05',NULL),(144,144,19,202007,759208,1757671,NULL,'2021-03-10 21:05:14','2021-03-10 21:05:14',NULL),(145,145,1,202007,1183120,2449686,NULL,'2021-03-10 21:23:27','2021-03-10 21:23:27',NULL),(146,146,3,202007,872571,1983116,NULL,'2021-03-10 21:33:14','2021-03-10 21:33:14',NULL),(147,146,1,202007,500000,2000000,NULL,'2021-08-03 11:47:39','2021-08-03 11:47:39',NULL);
/*!40000 ALTER TABLE `registros_financieros` ENABLE KEYS */;
UNLOCK TABLES;

--
-- Table structure for table `roles`
--

DROP TABLE IF EXISTS `roles`;
/*!40101 SET @saved_cs_client     = @@character_set_client */;
/*!50503 SET character_set_client = utf8mb4 */;
CREATE TABLE `roles` (
  `id` int NOT NULL AUTO_INCREMENT,
  `rol` varchar(100) NOT NULL,
  `created_at` datetime NOT NULL,
  `updated_at` datetime NOT NULL,
  `deleted_at` datetime DEFAULT NULL,
  PRIMARY KEY (`id`)
) ENGINE=InnoDB AUTO_INCREMENT=8 DEFAULT CHARSET=latin1;
/*!40101 SET character_set_client = @saved_cs_client */;

--
-- Dumping data for table `roles`
--

LOCK TABLES `roles` WRITE;
/*!40000 ALTER TABLE `roles` DISABLE KEYS */;
INSERT INTO `roles` VALUES (1,'ADMIN_SISTEMA','2019-04-22 17:55:22','2021-05-05 10:02:59',NULL),(4,'ADMIN_HEGO','2019-10-07 14:22:13','2021-05-05 10:03:36',NULL),(5,'ADMIN_AMI','2020-03-31 09:09:03','2021-05-05 10:03:42',NULL),(6,'USUARIO','2021-05-05 10:08:56','2021-05-05 10:10:09',NULL);
/*!40000 ALTER TABLE `roles` ENABLE KEYS */;
UNLOCK TABLES;

--
-- Table structure for table `sectores`
--

DROP TABLE IF EXISTS `sectores`;
/*!40101 SET @saved_cs_client     = @@character_set_client */;
/*!50503 SET character_set_client = utf8mb4 */;
CREATE TABLE `sectores` (
  `id` int NOT NULL AUTO_INCREMENT,
  `sector` varchar(100) NOT NULL,
  `created_at` datetime NOT NULL,
  `updated_at` datetime NOT NULL,
  `deleted_at` datetime DEFAULT NULL,
  PRIMARY KEY (`id`)
) ENGINE=InnoDB AUTO_INCREMENT=16 DEFAULT CHARSET=latin1 ROW_FORMAT=COMPACT;
/*!40101 SET character_set_client = @saved_cs_client */;

--
-- Dumping data for table `sectores`
--

LOCK TABLES `sectores` WRITE;
/*!40000 ALTER TABLE `sectores` DISABLE KEYS */;
INSERT INTO `sectores` VALUES (1,'FINANCIERO','0000-00-00 00:00:00','0000-00-00 00:00:00',NULL),(2,'COOPERATIVO','0000-00-00 00:00:00','0000-00-00 00:00:00',NULL),(3,'REAL','0000-00-00 00:00:00','0000-00-00 00:00:00',NULL),(4,'TELCOS','0000-00-00 00:00:00','0000-00-00 00:00:00',NULL),(5,'NO REGISTRA','0000-00-00 00:00:00','0000-00-00 00:00:00',NULL);
/*!40000 ALTER TABLE `sectores` ENABLE KEYS */;
UNLOCK TABLES;

--
-- Table structure for table `tiposcliente`
--

DROP TABLE IF EXISTS `tiposcliente`;
/*!40101 SET @saved_cs_client     = @@character_set_client */;
/*!50503 SET character_set_client = utf8mb4 */;
CREATE TABLE `tiposcliente` (
  `id` int NOT NULL AUTO_INCREMENT,
  `tipo` varchar(3) NOT NULL,
  `range_min` decimal(11,3) NOT NULL,
  `range_max` decimal(11,3) NOT NULL,
  `created_at` datetime NOT NULL,
  `updated_at` datetime NOT NULL,
  `deleted_at` datetime DEFAULT NULL,
  PRIMARY KEY (`id`)
) ENGINE=InnoDB AUTO_INCREMENT=8 DEFAULT CHARSET=latin1;
/*!40101 SET character_set_client = @saved_cs_client */;

--
-- Dumping data for table `tiposcliente`
--

LOCK TABLES `tiposcliente` WRITE;
/*!40000 ALTER TABLE `tiposcliente` DISABLE KEYS */;
INSERT INTO `tiposcliente` VALUES (1,'A',9.000,14.000,'2019-10-01 10:22:55','2019-10-01 10:22:55',NULL),(2,'B',15.000,22.000,'2019-10-01 10:22:55','2019-10-01 10:22:55',NULL),(3,'C',23.000,28.000,'2019-10-01 10:22:55','2019-10-01 10:22:55',NULL);
/*!40000 ALTER TABLE `tiposcliente` ENABLE KEYS */;
UNLOCK TABLES;

--
-- Table structure for table `tiposembargos`
--

DROP TABLE IF EXISTS `tiposembargos`;
/*!40101 SET @saved_cs_client     = @@character_set_client */;
/*!50503 SET character_set_client = utf8mb4 */;
CREATE TABLE `tiposembargos` (
  `id` int NOT NULL AUTO_INCREMENT,
  `tipo` varchar(100) NOT NULL,
  `created_at` datetime NOT NULL,
  `updated_at` datetime NOT NULL,
  `deleted_at` datetime DEFAULT NULL,
  PRIMARY KEY (`id`)
) ENGINE=InnoDB AUTO_INCREMENT=5 DEFAULT CHARSET=latin1;
/*!40101 SET character_set_client = @saved_cs_client */;

--
-- Dumping data for table `tiposembargos`
--

LOCK TABLES `tiposembargos` WRITE;
/*!40000 ALTER TABLE `tiposembargos` DISABLE KEYS */;
INSERT INTO `tiposembargos` VALUES (1,'CIVIL','0000-00-00 00:00:00','2019-04-23 09:55:25',NULL),(2,'ALIMENTOS/CTA AHORROS','0000-00-00 00:00:00','0000-00-00 00:00:00',NULL),(3,'NO TIENE','0000-00-00 00:00:00','0000-00-00 00:00:00',NULL),(4,'CUENTA AHORROS/CORRIENTE','0000-00-00 00:00:00','2019-04-23 09:55:30',NULL);
/*!40000 ALTER TABLE `tiposembargos` ENABLE KEYS */;
UNLOCK TABLES;

--
-- Table structure for table `users`
--

DROP TABLE IF EXISTS `users`;
/*!40101 SET @saved_cs_client     = @@character_set_client */;
/*!50503 SET character_set_client = utf8mb4 */;
CREATE TABLE `users` (
  `id` int unsigned NOT NULL AUTO_INCREMENT,
  `roles_id` int NOT NULL,
  `ami_diamond` int DEFAULT NULL,
  `ami_gold` int DEFAULT NULL,
  `ami_silver` int DEFAULT NULL,
  `id_company` int unsigned DEFAULT NULL,
  `id_padre` int unsigned DEFAULT NULL,
  `creausuarios` int DEFAULT NULL,
  `hego` int DEFAULT NULL,
  `name` varchar(191) CHARACTER SET utf8mb4 COLLATE utf8mb4_unicode_ci NOT NULL,
  `email` varchar(191) CHARACTER SET utf8mb4 COLLATE utf8mb4_unicode_ci NOT NULL,
  `password` varchar(191) CHARACTER SET utf8mb4 COLLATE utf8mb4_unicode_ci NOT NULL,
  `remember_token` varchar(100) CHARACTER SET utf8mb4 COLLATE utf8mb4_unicode_ci DEFAULT NULL,
  `created_at` timestamp NULL DEFAULT NULL,
  `updated_at` timestamp NULL DEFAULT NULL,
  `deleted_at` datetime DEFAULT NULL,
  PRIMARY KEY (`id`),
  UNIQUE KEY `users_email_unique` (`email`),
  KEY `fk_roles_usuarios` (`roles_id`),
  KEY `users_id_padre_foreign` (`id_padre`),
  KEY `users_id_company_foreign` (`id_company`),
  CONSTRAINT `users_id_company_foreign` FOREIGN KEY (`id_company`) REFERENCES `users` (`id`) ON DELETE CASCADE,
  CONSTRAINT `users_id_padre_foreign` FOREIGN KEY (`id_padre`) REFERENCES `users` (`id`) ON DELETE CASCADE
) ENGINE=InnoDB AUTO_INCREMENT=28 DEFAULT CHARSET=utf8mb4 COLLATE=utf8mb4_unicode_ci;
/*!40101 SET character_set_client = @saved_cs_client */;

--
-- Dumping data for table `users`
--

LOCK TABLES `users` WRITE;
/*!40000 ALTER TABLE `users` DISABLE KEYS */;
INSERT INTO `users` VALUES (1,1,NULL,NULL,NULL,NULL,NULL,NULL,NULL,'SuperAdmin','admin@correo.com','$2y$10$4cRkFzQyRmlIuol03.qRV.EmylRtlFH2dhTKiXJBw9f2.ckKkYEWO','Y0IGT7JY3KCzyoCby7ijpj9I95nAICl50FwMiFNRkLTDHessAd2ASrRqyqpS',NULL,'2019-05-03 22:23:39',NULL),(2,1,NULL,NULL,NULL,NULL,NULL,NULL,NULL,'Juan Pablo','sistemas@ckcomercializadora.com','$2y$10$4cRkFzQyRmlIuol03.qRV.EmylRtlFH2dhTKiXJBw9f2.ckKkYEWO','TewmLSLIMbopcxhVR9y8UYGuTn1QZ271BFSQl06D2yg2gDAWnnNdvHYWD6gr','2019-10-01 15:22:55','2019-10-01 15:22:55',NULL),(13,5,NULL,NULL,NULL,NULL,NULL,NULL,NULL,'GERENCIA','usuarioami@gafsolutions.co','$2y$10$mxtES8Hl6KlI5acrjWuhzuNzQFWy6m.nE1kBsiqE8/lmlB8zzXx1S','MoL5BvQnEpi0QXWTqfS5z9XBWUhze5x76fflFj4nRicYdASpyXubOw2QUtw3','2019-10-01 15:22:55','2021-06-25 11:02:26',NULL),(14,6,NULL,NULL,NULL,NULL,NULL,NULL,1,'ANALISTA TR','usuariohego@gafsolutions.co','$2y$10$zvkJqs4ddiO8wngdPq3tJeajlybCyGg/PkFmphsT9Bv52/OoYLK16','wGd2CJOaslHfQUbiNa7LaQo8bZ24TiqJ4M5XgcWiKI1egRKGqXPI0aHBOUrE','2019-10-01 15:22:55','2021-07-27 12:00:35',NULL),(17,6,NULL,NULL,NULL,NULL,NULL,NULL,NULL,'CLIENTE PRUEBA','cliente@prueba.com','$2y$10$Uw7OgNt9y3lzUtnxnd9WJu.Kch.pmdMB5xOHEmPuJYS031wUAZHSq',NULL,'2021-06-18 18:07:30','2021-07-14 10:19:26',NULL),(18,6,NULL,NULL,NULL,NULL,NULL,NULL,NULL,'KAPITAL BANK','gerencia@kapitalbank.com','$2y$10$padU1oZJ14ythw2MOEI2..LXmBtNAT5E/oH8FjbgppgVytyBlsg9m','3wLsguDJIpjRm7KJuBI3TPByO7SyKv6hooNp909X7PRJkziFMJaGttAiLYj0','2021-06-18 18:29:53','2021-06-25 15:04:23',NULL),(19,6,NULL,NULL,NULL,18,18,NULL,NULL,'JUAN PABLO','user1@prueba.com','$2y$10$TfNYB7A8.jj7VDut0Dj5LOGeFIXt1SZeCyM8gkh1YIQXNTugTCzGC','dGNFNDGU6rxnJs5vWEXjO0Btjd3tRy1neNzEGSuoNx25pYPZUwOPTMu5OVsn','2021-06-24 21:55:56','2021-09-20 11:58:37',NULL),(20,6,NULL,NULL,NULL,18,19,NULL,1,'NSJDKAS','user1prueba1@gmail.com','$2y$10$9j6yd5woe8jilweRGdrIg.Sndn3yxpx0jtLXFSWKbGBiEkuTt6942','n6V6NFVa88xY0oe1XckUnMUW0SqLPWq1jIRfIvM8Hm3ogqplD159qR6e2nnO','2021-06-25 00:24:31','2021-09-20 11:58:26',NULL),(23,6,NULL,NULL,NULL,NULL,NULL,NULL,NULL,'CREDIFACIL','gerencia@credifacil.com','$2y$10$zL/vECIaAXejgwyd2sgbBeUH05t8z/JGSBasfN7y2nfVHO1UjXXG2','V68DRZSH5km2iNN32evE6tk1OXZPOh2YjTkaoIohauRs0FjJBE1c9aW7egsX','2021-06-25 16:41:31','2021-09-20 10:19:54',NULL),(24,6,1,1,1,23,23,1,NULL,'COORDINACION CALI','coordinadorcali@credifacil.com','$2y$10$R/UGjiuLSXvCZl.mKf3P4eQOznOLG3juWVSQu45yywSgshFF4/5bG','cBCdKeYicuTpS6JuKoe138J4QsAnA7rldoCTnmVKUCsfGeZQNAX4MkRiTKAe','2021-06-25 16:44:43','2021-08-02 16:45:44',NULL),(25,6,NULL,1,1,23,24,NULL,NULL,'ASESOR 1','asesor1@credifacil.com','$2y$10$6VbK8vUQYSw1h8cM/IoF5edkcqNVQZ0YMOPGh3eWMCFp1zwtG7e.O','DKd3HtZfA9GOfh8WbTITSXabtpShlIznxMIk2pzFkFbFjgZntiolpoiSTEMZ','2021-06-25 16:46:16','2021-08-02 16:45:50',NULL);
/*!40000 ALTER TABLE `users` ENABLE KEYS */;
UNLOCK TABLES;
/*!40103 SET TIME_ZONE=@OLD_TIME_ZONE */;

/*!40101 SET SQL_MODE=@OLD_SQL_MODE */;
/*!40014 SET FOREIGN_KEY_CHECKS=@OLD_FOREIGN_KEY_CHECKS */;
/*!40014 SET UNIQUE_CHECKS=@OLD_UNIQUE_CHECKS */;
/*!40101 SET CHARACTER_SET_CLIENT=@OLD_CHARACTER_SET_CLIENT */;
/*!40101 SET CHARACTER_SET_RESULTS=@OLD_CHARACTER_SET_RESULTS */;
/*!40101 SET COLLATION_CONNECTION=@OLD_COLLATION_CONNECTION */;
/*!40111 SET SQL_NOTES=@OLD_SQL_NOTES */;

-- Dump completed on 2021-09-24 15:48:35
